gmina_name;date;value
Aleksandrów;1995-01-01;
Andrespol;1995-01-01;
Belsk Duży;1995-01-01;
Będków;1995-01-01;
Białaczów;1995-01-01;
Białobrzegi;1995-01-01;
Bliżyn;1995-01-01;
Błędów;1995-01-01;
Brójce;1995-01-01;
Budziszewice;1995-01-01;
Charsznica;1995-01-01;
Czarnocin;1995-01-01;
Czerniewice;1995-01-01;
Drzewica;1995-01-01;
Fałków;1995-01-01;
Gielniów;1995-01-01;
Głowaczów;1995-01-01;
Gorzkowice;1995-01-01;
Goszczyn;1995-01-01;
Gowarczów;1995-01-01;
Grabica;1995-01-01;
Grabów nad Pilicą;1995-01-01;
Inowłódz;1995-01-01;
Irządze;1995-01-01;
Kluczewsko;1995-01-01;
Klwów;1995-01-01;
Kobiele Wielkie;1995-01-01;
Kodrąb;1995-01-01;
Koluszki;1995-01-01;
Koniecpol;1995-01-01;
Końskie;1995-01-01;
Kozłów;1995-01-01;
Krasocin;1995-01-01;
Kroczyce;1995-01-01;
Lelów;1995-01-01;
Lubochnia;1995-01-01;
Łęki Szlacheckie;1995-01-01;
Łopuszno;1995-01-01;
Magnuszew;1995-01-01;
Masłowice;1995-01-01;
Mniów;1995-01-01;
Mniszków;1995-01-01;
Mogielnica;1995-01-01;
Moskorzew;1995-01-01;
Moszczenica;1995-01-01;
Niegowa;1995-01-01;
Nowe Miasto nad Pilicą;1995-01-01;
Nowosolna;1995-01-01;
Odrzywół;1995-01-01;
Ogrodzieniec;1995-01-01;
Opoczno;1995-01-01;
Paradyż;1995-01-01;
Pilica;1995-01-01;
Piotrków Trybunalski;1995-01-01;
Poświętne;1995-01-01;
Promna;1995-01-01;
Przedbórz;1995-01-01;
Przysucha;1995-01-01;
Radoszyce;1995-01-01;
Radzanów;1995-01-01;
Ręczno;1995-01-01;
Rokiciny;1995-01-01;
Rozprza;1995-01-01;
Ruda Maleniecka;1995-01-01;
Rusinów;1995-01-01;
Rzeczyca;1995-01-01;
Sadkowice;1995-01-01;
Secemin;1995-01-01;
Sławno;1995-01-01;
Słupia;1995-01-01;
Słupia Konecka;1995-01-01;
Smyków;1995-01-01;
Stąporków;1995-01-01;
Stromiec;1995-01-01;
Sulejów;1995-01-01;
Szczekociny;1995-01-01;
Tomaszów Mazowiecki miasto;1995-01-01;
Tomaszów Mazowiecki wiejski;1995-01-01;
Tuszyn;1995-01-01;
Ujazd;1995-01-01;
Warka;1995-01-01;
Wielgomłyny;1995-01-01;
Włodowice;1995-01-01;
Włoszczowa;1995-01-01;
Wola Krzysztoporska;1995-01-01;
Wolbórz;1995-01-01;
Wolbrom;1995-01-01;
Wyśmierzyce;1995-01-01;
Zagnańsk;1995-01-01;
Zawiercie;1995-01-01;
Żarnowiec;1995-01-01;
Żarnów;1995-01-01;
Żytno;1995-01-01;
Aleksandrów;1996-01-01;
Andrespol;1996-01-01;
Belsk Duży;1996-01-01;
Będków;1996-01-01;
Białaczów;1996-01-01;
Białobrzegi;1996-01-01;
Bliżyn;1996-01-01;
Błędów;1996-01-01;
Brójce;1996-01-01;
Budziszewice;1996-01-01;
Charsznica;1996-01-01;
Czarnocin;1996-01-01;
Czerniewice;1996-01-01;
Drzewica;1996-01-01;
Fałków;1996-01-01;
Gielniów;1996-01-01;
Głowaczów;1996-01-01;
Gorzkowice;1996-01-01;
Goszczyn;1996-01-01;
Gowarczów;1996-01-01;
Grabica;1996-01-01;
Grabów nad Pilicą;1996-01-01;
Inowłódz;1996-01-01;
Irządze;1996-01-01;
Kluczewsko;1996-01-01;
Klwów;1996-01-01;
Kobiele Wielkie;1996-01-01;
Kodrąb;1996-01-01;
Koluszki;1996-01-01;
Koniecpol;1996-01-01;
Końskie;1996-01-01;
Kozłów;1996-01-01;
Krasocin;1996-01-01;
Kroczyce;1996-01-01;
Lelów;1996-01-01;
Lubochnia;1996-01-01;
Łęki Szlacheckie;1996-01-01;
Łopuszno;1996-01-01;
Magnuszew;1996-01-01;
Masłowice;1996-01-01;
Mniów;1996-01-01;
Mniszków;1996-01-01;
Mogielnica;1996-01-01;
Moskorzew;1996-01-01;
Moszczenica;1996-01-01;
Niegowa;1996-01-01;
Nowe Miasto nad Pilicą;1996-01-01;
Nowosolna;1996-01-01;
Odrzywół;1996-01-01;
Ogrodzieniec;1996-01-01;
Opoczno;1996-01-01;
Paradyż;1996-01-01;
Pilica;1996-01-01;
Piotrków Trybunalski;1996-01-01;
Poświętne;1996-01-01;
Promna;1996-01-01;
Przedbórz;1996-01-01;
Przysucha;1996-01-01;
Radoszyce;1996-01-01;
Radzanów;1996-01-01;
Ręczno;1996-01-01;
Rokiciny;1996-01-01;
Rozprza;1996-01-01;
Ruda Maleniecka;1996-01-01;
Rusinów;1996-01-01;
Rzeczyca;1996-01-01;
Sadkowice;1996-01-01;
Secemin;1996-01-01;
Sławno;1996-01-01;
Słupia;1996-01-01;
Słupia Konecka;1996-01-01;
Smyków;1996-01-01;
Stąporków;1996-01-01;
Stromiec;1996-01-01;
Sulejów;1996-01-01;
Szczekociny;1996-01-01;
Tomaszów Mazowiecki miasto;1996-01-01;
Tomaszów Mazowiecki wiejski;1996-01-01;
Tuszyn;1996-01-01;
Ujazd;1996-01-01;
Warka;1996-01-01;
Wielgomłyny;1996-01-01;
Włodowice;1996-01-01;
Włoszczowa;1996-01-01;
Wola Krzysztoporska;1996-01-01;
Wolbórz;1996-01-01;
Wolbrom;1996-01-01;
Wyśmierzyce;1996-01-01;
Zagnańsk;1996-01-01;
Zawiercie;1996-01-01;
Żarnowiec;1996-01-01;
Żarnów;1996-01-01;
Żytno;1996-01-01;
Aleksandrów;1997-01-01;
Andrespol;1997-01-01;
Belsk Duży;1997-01-01;
Będków;1997-01-01;
Białaczów;1997-01-01;
Białobrzegi;1997-01-01;
Bliżyn;1997-01-01;
Błędów;1997-01-01;
Brójce;1997-01-01;
Budziszewice;1997-01-01;
Charsznica;1997-01-01;
Czarnocin;1997-01-01;
Czerniewice;1997-01-01;
Drzewica;1997-01-01;
Fałków;1997-01-01;
Gielniów;1997-01-01;
Głowaczów;1997-01-01;
Gorzkowice;1997-01-01;
Goszczyn;1997-01-01;
Gowarczów;1997-01-01;
Grabica;1997-01-01;
Grabów nad Pilicą;1997-01-01;
Inowłódz;1997-01-01;
Irządze;1997-01-01;
Kluczewsko;1997-01-01;
Klwów;1997-01-01;
Kobiele Wielkie;1997-01-01;
Kodrąb;1997-01-01;
Koluszki;1997-01-01;
Koniecpol;1997-01-01;
Końskie;1997-01-01;
Kozłów;1997-01-01;
Krasocin;1997-01-01;
Kroczyce;1997-01-01;
Lelów;1997-01-01;
Lubochnia;1997-01-01;
Łęki Szlacheckie;1997-01-01;
Łopuszno;1997-01-01;
Magnuszew;1997-01-01;
Masłowice;1997-01-01;
Mniów;1997-01-01;
Mniszków;1997-01-01;
Mogielnica;1997-01-01;
Moskorzew;1997-01-01;
Moszczenica;1997-01-01;
Niegowa;1997-01-01;
Nowe Miasto nad Pilicą;1997-01-01;
Nowosolna;1997-01-01;
Odrzywół;1997-01-01;
Ogrodzieniec;1997-01-01;
Opoczno;1997-01-01;
Paradyż;1997-01-01;
Pilica;1997-01-01;
Piotrków Trybunalski;1997-01-01;
Poświętne;1997-01-01;
Promna;1997-01-01;
Przedbórz;1997-01-01;
Przysucha;1997-01-01;
Radoszyce;1997-01-01;
Radzanów;1997-01-01;
Ręczno;1997-01-01;
Rokiciny;1997-01-01;
Rozprza;1997-01-01;
Ruda Maleniecka;1997-01-01;
Rusinów;1997-01-01;
Rzeczyca;1997-01-01;
Sadkowice;1997-01-01;
Secemin;1997-01-01;
Sławno;1997-01-01;
Słupia;1997-01-01;
Słupia Konecka;1997-01-01;
Smyków;1997-01-01;
Stąporków;1997-01-01;
Stromiec;1997-01-01;
Sulejów;1997-01-01;
Szczekociny;1997-01-01;
Tomaszów Mazowiecki miasto;1997-01-01;
Tomaszów Mazowiecki wiejski;1997-01-01;
Tuszyn;1997-01-01;
Ujazd;1997-01-01;
Warka;1997-01-01;
Wielgomłyny;1997-01-01;
Włodowice;1997-01-01;
Włoszczowa;1997-01-01;
Wola Krzysztoporska;1997-01-01;
Wolbórz;1997-01-01;
Wolbrom;1997-01-01;
Wyśmierzyce;1997-01-01;
Zagnańsk;1997-01-01;
Zawiercie;1997-01-01;
Żarnowiec;1997-01-01;
Żarnów;1997-01-01;
Żytno;1997-01-01;
Aleksandrów;1998-01-01;
Andrespol;1998-01-01;
Belsk Duży;1998-01-01;
Będków;1998-01-01;
Białaczów;1998-01-01;
Białobrzegi;1998-01-01;
Bliżyn;1998-01-01;
Błędów;1998-01-01;
Brójce;1998-01-01;
Budziszewice;1998-01-01;
Charsznica;1998-01-01;
Czarnocin;1998-01-01;
Czerniewice;1998-01-01;
Drzewica;1998-01-01;
Fałków;1998-01-01;
Gielniów;1998-01-01;
Głowaczów;1998-01-01;
Gorzkowice;1998-01-01;
Goszczyn;1998-01-01;
Gowarczów;1998-01-01;
Grabica;1998-01-01;
Grabów nad Pilicą;1998-01-01;
Inowłódz;1998-01-01;
Irządze;1998-01-01;
Kluczewsko;1998-01-01;
Klwów;1998-01-01;
Kobiele Wielkie;1998-01-01;
Kodrąb;1998-01-01;
Koluszki;1998-01-01;
Koniecpol;1998-01-01;
Końskie;1998-01-01;
Kozłów;1998-01-01;
Krasocin;1998-01-01;
Kroczyce;1998-01-01;
Lelów;1998-01-01;
Lubochnia;1998-01-01;
Łęki Szlacheckie;1998-01-01;
Łopuszno;1998-01-01;
Magnuszew;1998-01-01;
Masłowice;1998-01-01;
Mniów;1998-01-01;
Mniszków;1998-01-01;
Mogielnica;1998-01-01;
Moskorzew;1998-01-01;
Moszczenica;1998-01-01;
Niegowa;1998-01-01;
Nowe Miasto nad Pilicą;1998-01-01;
Nowosolna;1998-01-01;
Odrzywół;1998-01-01;
Ogrodzieniec;1998-01-01;
Opoczno;1998-01-01;
Paradyż;1998-01-01;
Pilica;1998-01-01;
Piotrków Trybunalski;1998-01-01;
Poświętne;1998-01-01;
Promna;1998-01-01;
Przedbórz;1998-01-01;
Przysucha;1998-01-01;
Radoszyce;1998-01-01;
Radzanów;1998-01-01;
Ręczno;1998-01-01;
Rokiciny;1998-01-01;
Rozprza;1998-01-01;
Ruda Maleniecka;1998-01-01;
Rusinów;1998-01-01;
Rzeczyca;1998-01-01;
Sadkowice;1998-01-01;
Secemin;1998-01-01;
Sławno;1998-01-01;
Słupia;1998-01-01;
Słupia Konecka;1998-01-01;
Smyków;1998-01-01;
Stąporków;1998-01-01;
Stromiec;1998-01-01;
Sulejów;1998-01-01;
Szczekociny;1998-01-01;
Tomaszów Mazowiecki miasto;1998-01-01;
Tomaszów Mazowiecki wiejski;1998-01-01;
Tuszyn;1998-01-01;
Ujazd;1998-01-01;
Warka;1998-01-01;
Wielgomłyny;1998-01-01;
Włodowice;1998-01-01;
Włoszczowa;1998-01-01;
Wola Krzysztoporska;1998-01-01;
Wolbórz;1998-01-01;
Wolbrom;1998-01-01;
Wyśmierzyce;1998-01-01;
Zagnańsk;1998-01-01;
Zawiercie;1998-01-01;
Żarnowiec;1998-01-01;
Żarnów;1998-01-01;
Żytno;1998-01-01;
Aleksandrów;1999-01-01;
Andrespol;1999-01-01;
Belsk Duży;1999-01-01;
Będków;1999-01-01;
Białaczów;1999-01-01;
Białobrzegi;1999-01-01;
Bliżyn;1999-01-01;
Błędów;1999-01-01;
Brójce;1999-01-01;
Budziszewice;1999-01-01;
Charsznica;1999-01-01;
Czarnocin;1999-01-01;
Czerniewice;1999-01-01;
Drzewica;1999-01-01;
Fałków;1999-01-01;
Gielniów;1999-01-01;
Głowaczów;1999-01-01;
Gorzkowice;1999-01-01;
Goszczyn;1999-01-01;
Gowarczów;1999-01-01;
Grabica;1999-01-01;
Grabów nad Pilicą;1999-01-01;
Inowłódz;1999-01-01;
Irządze;1999-01-01;
Kluczewsko;1999-01-01;
Klwów;1999-01-01;
Kobiele Wielkie;1999-01-01;
Kodrąb;1999-01-01;
Koluszki;1999-01-01;
Koniecpol;1999-01-01;
Końskie;1999-01-01;
Kozłów;1999-01-01;
Krasocin;1999-01-01;
Kroczyce;1999-01-01;
Lelów;1999-01-01;
Lubochnia;1999-01-01;
Łęki Szlacheckie;1999-01-01;
Łopuszno;1999-01-01;
Magnuszew;1999-01-01;
Masłowice;1999-01-01;
Mniów;1999-01-01;
Mniszków;1999-01-01;
Mogielnica;1999-01-01;
Moskorzew;1999-01-01;
Moszczenica;1999-01-01;
Niegowa;1999-01-01;
Nowe Miasto nad Pilicą;1999-01-01;
Nowosolna;1999-01-01;
Odrzywół;1999-01-01;
Ogrodzieniec;1999-01-01;
Opoczno;1999-01-01;
Paradyż;1999-01-01;
Pilica;1999-01-01;
Piotrków Trybunalski;1999-01-01;
Poświętne;1999-01-01;
Promna;1999-01-01;
Przedbórz;1999-01-01;
Przysucha;1999-01-01;
Radoszyce;1999-01-01;
Radzanów;1999-01-01;
Ręczno;1999-01-01;
Rokiciny;1999-01-01;
Rozprza;1999-01-01;
Ruda Maleniecka;1999-01-01;
Rusinów;1999-01-01;
Rzeczyca;1999-01-01;
Sadkowice;1999-01-01;
Secemin;1999-01-01;
Sławno;1999-01-01;
Słupia;1999-01-01;
Słupia Konecka;1999-01-01;
Smyków;1999-01-01;
Stąporków;1999-01-01;
Stromiec;1999-01-01;
Sulejów;1999-01-01;
Szczekociny;1999-01-01;
Tomaszów Mazowiecki miasto;1999-01-01;
Tomaszów Mazowiecki wiejski;1999-01-01;
Tuszyn;1999-01-01;
Ujazd;1999-01-01;
Warka;1999-01-01;
Wielgomłyny;1999-01-01;
Włodowice;1999-01-01;
Włoszczowa;1999-01-01;
Wola Krzysztoporska;1999-01-01;
Wolbórz;1999-01-01;
Wolbrom;1999-01-01;
Wyśmierzyce;1999-01-01;
Zagnańsk;1999-01-01;
Zawiercie;1999-01-01;
Żarnowiec;1999-01-01;
Żarnów;1999-01-01;
Żytno;1999-01-01;
Aleksandrów;2000-01-01;
Andrespol;2000-01-01;
Belsk Duży;2000-01-01;
Będków;2000-01-01;
Białaczów;2000-01-01;
Białobrzegi;2000-01-01;
Bliżyn;2000-01-01;
Błędów;2000-01-01;
Brójce;2000-01-01;
Budziszewice;2000-01-01;
Charsznica;2000-01-01;
Czarnocin;2000-01-01;
Czerniewice;2000-01-01;
Drzewica;2000-01-01;
Fałków;2000-01-01;
Gielniów;2000-01-01;
Głowaczów;2000-01-01;
Gorzkowice;2000-01-01;
Goszczyn;2000-01-01;
Gowarczów;2000-01-01;
Grabica;2000-01-01;
Grabów nad Pilicą;2000-01-01;
Inowłódz;2000-01-01;
Irządze;2000-01-01;
Kluczewsko;2000-01-01;
Klwów;2000-01-01;
Kobiele Wielkie;2000-01-01;
Kodrąb;2000-01-01;
Koluszki;2000-01-01;
Koniecpol;2000-01-01;
Końskie;2000-01-01;
Kozłów;2000-01-01;
Krasocin;2000-01-01;
Kroczyce;2000-01-01;
Lelów;2000-01-01;
Lubochnia;2000-01-01;
Łęki Szlacheckie;2000-01-01;
Łopuszno;2000-01-01;
Magnuszew;2000-01-01;
Masłowice;2000-01-01;
Mniów;2000-01-01;
Mniszków;2000-01-01;
Mogielnica;2000-01-01;
Moskorzew;2000-01-01;
Moszczenica;2000-01-01;
Niegowa;2000-01-01;
Nowe Miasto nad Pilicą;2000-01-01;
Nowosolna;2000-01-01;
Odrzywół;2000-01-01;
Ogrodzieniec;2000-01-01;
Opoczno;2000-01-01;
Paradyż;2000-01-01;
Pilica;2000-01-01;
Piotrków Trybunalski;2000-01-01;
Poświętne;2000-01-01;
Promna;2000-01-01;
Przedbórz;2000-01-01;
Przysucha;2000-01-01;
Radoszyce;2000-01-01;
Radzanów;2000-01-01;
Ręczno;2000-01-01;
Rokiciny;2000-01-01;
Rozprza;2000-01-01;
Ruda Maleniecka;2000-01-01;
Rusinów;2000-01-01;
Rzeczyca;2000-01-01;
Sadkowice;2000-01-01;
Secemin;2000-01-01;
Sławno;2000-01-01;
Słupia;2000-01-01;
Słupia Konecka;2000-01-01;
Smyków;2000-01-01;
Stąporków;2000-01-01;
Stromiec;2000-01-01;
Sulejów;2000-01-01;
Szczekociny;2000-01-01;
Tomaszów Mazowiecki miasto;2000-01-01;
Tomaszów Mazowiecki wiejski;2000-01-01;
Tuszyn;2000-01-01;
Ujazd;2000-01-01;
Warka;2000-01-01;
Wielgomłyny;2000-01-01;
Włodowice;2000-01-01;
Włoszczowa;2000-01-01;
Wola Krzysztoporska;2000-01-01;
Wolbórz;2000-01-01;
Wolbrom;2000-01-01;
Wyśmierzyce;2000-01-01;
Zagnańsk;2000-01-01;
Zawiercie;2000-01-01;
Żarnowiec;2000-01-01;
Żarnów;2000-01-01;
Żytno;2000-01-01;
Aleksandrów;2001-01-01;
Andrespol;2001-01-01;
Belsk Duży;2001-01-01;
Będków;2001-01-01;
Białaczów;2001-01-01;
Białobrzegi;2001-01-01;
Bliżyn;2001-01-01;
Błędów;2001-01-01;
Brójce;2001-01-01;
Budziszewice;2001-01-01;
Charsznica;2001-01-01;
Czarnocin;2001-01-01;
Czerniewice;2001-01-01;
Drzewica;2001-01-01;
Fałków;2001-01-01;
Gielniów;2001-01-01;
Głowaczów;2001-01-01;
Gorzkowice;2001-01-01;
Goszczyn;2001-01-01;
Gowarczów;2001-01-01;
Grabica;2001-01-01;
Grabów nad Pilicą;2001-01-01;
Inowłódz;2001-01-01;
Irządze;2001-01-01;
Kluczewsko;2001-01-01;
Klwów;2001-01-01;
Kobiele Wielkie;2001-01-01;
Kodrąb;2001-01-01;
Koluszki;2001-01-01;
Koniecpol;2001-01-01;
Końskie;2001-01-01;
Kozłów;2001-01-01;
Krasocin;2001-01-01;
Kroczyce;2001-01-01;
Lelów;2001-01-01;
Lubochnia;2001-01-01;
Łęki Szlacheckie;2001-01-01;
Łopuszno;2001-01-01;
Magnuszew;2001-01-01;
Masłowice;2001-01-01;
Mniów;2001-01-01;
Mniszków;2001-01-01;
Mogielnica;2001-01-01;
Moskorzew;2001-01-01;
Moszczenica;2001-01-01;
Niegowa;2001-01-01;
Nowe Miasto nad Pilicą;2001-01-01;
Nowosolna;2001-01-01;
Odrzywół;2001-01-01;
Ogrodzieniec;2001-01-01;
Opoczno;2001-01-01;
Paradyż;2001-01-01;
Pilica;2001-01-01;
Piotrków Trybunalski;2001-01-01;
Poświętne;2001-01-01;
Promna;2001-01-01;
Przedbórz;2001-01-01;
Przysucha;2001-01-01;
Radoszyce;2001-01-01;
Radzanów;2001-01-01;
Ręczno;2001-01-01;
Rokiciny;2001-01-01;
Rozprza;2001-01-01;
Ruda Maleniecka;2001-01-01;
Rusinów;2001-01-01;
Rzeczyca;2001-01-01;
Sadkowice;2001-01-01;
Secemin;2001-01-01;
Sławno;2001-01-01;
Słupia;2001-01-01;
Słupia Konecka;2001-01-01;
Smyków;2001-01-01;
Stąporków;2001-01-01;
Stromiec;2001-01-01;
Sulejów;2001-01-01;
Szczekociny;2001-01-01;
Tomaszów Mazowiecki miasto;2001-01-01;
Tomaszów Mazowiecki wiejski;2001-01-01;
Tuszyn;2001-01-01;
Ujazd;2001-01-01;
Warka;2001-01-01;
Wielgomłyny;2001-01-01;
Włodowice;2001-01-01;
Włoszczowa;2001-01-01;
Wola Krzysztoporska;2001-01-01;
Wolbórz;2001-01-01;
Wolbrom;2001-01-01;
Wyśmierzyce;2001-01-01;
Zagnańsk;2001-01-01;
Zawiercie;2001-01-01;
Żarnowiec;2001-01-01;
Żarnów;2001-01-01;
Żytno;2001-01-01;
Aleksandrów;2002-01-01;
Andrespol;2002-01-01;
Belsk Duży;2002-01-01;
Będków;2002-01-01;
Białaczów;2002-01-01;
Białobrzegi;2002-01-01;
Bliżyn;2002-01-01;
Błędów;2002-01-01;
Brójce;2002-01-01;
Budziszewice;2002-01-01;
Charsznica;2002-01-01;
Czarnocin;2002-01-01;
Czerniewice;2002-01-01;
Drzewica;2002-01-01;
Fałków;2002-01-01;
Gielniów;2002-01-01;
Głowaczów;2002-01-01;
Gorzkowice;2002-01-01;
Goszczyn;2002-01-01;
Gowarczów;2002-01-01;
Grabica;2002-01-01;
Grabów nad Pilicą;2002-01-01;
Inowłódz;2002-01-01;
Irządze;2002-01-01;
Kluczewsko;2002-01-01;
Klwów;2002-01-01;
Kobiele Wielkie;2002-01-01;
Kodrąb;2002-01-01;
Koluszki;2002-01-01;
Koniecpol;2002-01-01;
Końskie;2002-01-01;
Kozłów;2002-01-01;
Krasocin;2002-01-01;
Kroczyce;2002-01-01;
Lelów;2002-01-01;
Lubochnia;2002-01-01;
Łęki Szlacheckie;2002-01-01;
Łopuszno;2002-01-01;
Magnuszew;2002-01-01;
Masłowice;2002-01-01;
Mniów;2002-01-01;
Mniszków;2002-01-01;
Mogielnica;2002-01-01;
Moskorzew;2002-01-01;
Moszczenica;2002-01-01;
Niegowa;2002-01-01;
Nowe Miasto nad Pilicą;2002-01-01;
Nowosolna;2002-01-01;
Odrzywół;2002-01-01;
Ogrodzieniec;2002-01-01;
Opoczno;2002-01-01;
Paradyż;2002-01-01;
Pilica;2002-01-01;
Piotrków Trybunalski;2002-01-01;
Poświętne;2002-01-01;
Promna;2002-01-01;
Przedbórz;2002-01-01;
Przysucha;2002-01-01;
Radoszyce;2002-01-01;
Radzanów;2002-01-01;
Ręczno;2002-01-01;
Rokiciny;2002-01-01;
Rozprza;2002-01-01;
Ruda Maleniecka;2002-01-01;
Rusinów;2002-01-01;
Rzeczyca;2002-01-01;
Sadkowice;2002-01-01;
Secemin;2002-01-01;
Sławno;2002-01-01;
Słupia;2002-01-01;
Słupia Konecka;2002-01-01;
Smyków;2002-01-01;
Stąporków;2002-01-01;
Stromiec;2002-01-01;
Sulejów;2002-01-01;
Szczekociny;2002-01-01;
Tomaszów Mazowiecki miasto;2002-01-01;
Tomaszów Mazowiecki wiejski;2002-01-01;
Tuszyn;2002-01-01;
Ujazd;2002-01-01;
Warka;2002-01-01;
Wielgomłyny;2002-01-01;
Włodowice;2002-01-01;
Włoszczowa;2002-01-01;
Wola Krzysztoporska;2002-01-01;
Wolbórz;2002-01-01;
Wolbrom;2002-01-01;
Wyśmierzyce;2002-01-01;
Zagnańsk;2002-01-01;
Zawiercie;2002-01-01;
Żarnowiec;2002-01-01;
Żarnów;2002-01-01;
Żytno;2002-01-01;
Aleksandrów;2003-01-01;
Andrespol;2003-01-01;
Belsk Duży;2003-01-01;
Będków;2003-01-01;
Białaczów;2003-01-01;
Białobrzegi;2003-01-01;
Bliżyn;2003-01-01;
Błędów;2003-01-01;
Brójce;2003-01-01;
Budziszewice;2003-01-01;
Charsznica;2003-01-01;
Czarnocin;2003-01-01;
Czerniewice;2003-01-01;
Drzewica;2003-01-01;
Fałków;2003-01-01;
Gielniów;2003-01-01;
Głowaczów;2003-01-01;
Gorzkowice;2003-01-01;
Goszczyn;2003-01-01;
Gowarczów;2003-01-01;
Grabica;2003-01-01;
Grabów nad Pilicą;2003-01-01;
Inowłódz;2003-01-01;
Irządze;2003-01-01;
Kluczewsko;2003-01-01;
Klwów;2003-01-01;
Kobiele Wielkie;2003-01-01;
Kodrąb;2003-01-01;
Koluszki;2003-01-01;
Koniecpol;2003-01-01;
Końskie;2003-01-01;
Kozłów;2003-01-01;
Krasocin;2003-01-01;
Kroczyce;2003-01-01;
Lelów;2003-01-01;
Lubochnia;2003-01-01;
Łęki Szlacheckie;2003-01-01;
Łopuszno;2003-01-01;
Magnuszew;2003-01-01;
Masłowice;2003-01-01;
Mniów;2003-01-01;
Mniszków;2003-01-01;
Mogielnica;2003-01-01;
Moskorzew;2003-01-01;
Moszczenica;2003-01-01;
Niegowa;2003-01-01;
Nowe Miasto nad Pilicą;2003-01-01;
Nowosolna;2003-01-01;
Odrzywół;2003-01-01;
Ogrodzieniec;2003-01-01;
Opoczno;2003-01-01;
Paradyż;2003-01-01;
Pilica;2003-01-01;
Piotrków Trybunalski;2003-01-01;
Poświętne;2003-01-01;
Promna;2003-01-01;
Przedbórz;2003-01-01;
Przysucha;2003-01-01;
Radoszyce;2003-01-01;
Radzanów;2003-01-01;
Ręczno;2003-01-01;
Rokiciny;2003-01-01;
Rozprza;2003-01-01;
Ruda Maleniecka;2003-01-01;
Rusinów;2003-01-01;
Rzeczyca;2003-01-01;
Sadkowice;2003-01-01;
Secemin;2003-01-01;
Sławno;2003-01-01;
Słupia;2003-01-01;
Słupia Konecka;2003-01-01;
Smyków;2003-01-01;
Stąporków;2003-01-01;
Stromiec;2003-01-01;
Sulejów;2003-01-01;
Szczekociny;2003-01-01;
Tomaszów Mazowiecki miasto;2003-01-01;
Tomaszów Mazowiecki wiejski;2003-01-01;
Tuszyn;2003-01-01;
Ujazd;2003-01-01;
Warka;2003-01-01;
Wielgomłyny;2003-01-01;
Włodowice;2003-01-01;
Włoszczowa;2003-01-01;
Wola Krzysztoporska;2003-01-01;
Wolbórz;2003-01-01;
Wolbrom;2003-01-01;
Wyśmierzyce;2003-01-01;
Zagnańsk;2003-01-01;
Zawiercie;2003-01-01;
Żarnowiec;2003-01-01;
Żarnów;2003-01-01;
Żytno;2003-01-01;
Aleksandrów;2004-01-01;
Andrespol;2004-01-01;
Belsk Duży;2004-01-01;
Będków;2004-01-01;
Białaczów;2004-01-01;
Białobrzegi;2004-01-01;
Bliżyn;2004-01-01;
Błędów;2004-01-01;
Brójce;2004-01-01;
Budziszewice;2004-01-01;
Charsznica;2004-01-01;
Czarnocin;2004-01-01;
Czerniewice;2004-01-01;
Drzewica;2004-01-01;
Fałków;2004-01-01;
Gielniów;2004-01-01;
Głowaczów;2004-01-01;
Gorzkowice;2004-01-01;
Goszczyn;2004-01-01;
Gowarczów;2004-01-01;
Grabica;2004-01-01;
Grabów nad Pilicą;2004-01-01;
Inowłódz;2004-01-01;
Irządze;2004-01-01;
Kluczewsko;2004-01-01;
Klwów;2004-01-01;
Kobiele Wielkie;2004-01-01;
Kodrąb;2004-01-01;
Koluszki;2004-01-01;
Koniecpol;2004-01-01;
Końskie;2004-01-01;
Kozłów;2004-01-01;
Krasocin;2004-01-01;
Kroczyce;2004-01-01;
Lelów;2004-01-01;
Lubochnia;2004-01-01;
Łęki Szlacheckie;2004-01-01;
Łopuszno;2004-01-01;
Magnuszew;2004-01-01;
Masłowice;2004-01-01;
Mniów;2004-01-01;
Mniszków;2004-01-01;
Mogielnica;2004-01-01;
Moskorzew;2004-01-01;
Moszczenica;2004-01-01;
Niegowa;2004-01-01;
Nowe Miasto nad Pilicą;2004-01-01;
Nowosolna;2004-01-01;
Odrzywół;2004-01-01;
Ogrodzieniec;2004-01-01;
Opoczno;2004-01-01;
Paradyż;2004-01-01;
Pilica;2004-01-01;
Piotrków Trybunalski;2004-01-01;
Poświętne;2004-01-01;
Promna;2004-01-01;
Przedbórz;2004-01-01;
Przysucha;2004-01-01;
Radoszyce;2004-01-01;
Radzanów;2004-01-01;
Ręczno;2004-01-01;
Rokiciny;2004-01-01;
Rozprza;2004-01-01;
Ruda Maleniecka;2004-01-01;
Rusinów;2004-01-01;
Rzeczyca;2004-01-01;
Sadkowice;2004-01-01;
Secemin;2004-01-01;
Sławno;2004-01-01;
Słupia;2004-01-01;
Słupia Konecka;2004-01-01;
Smyków;2004-01-01;
Stąporków;2004-01-01;
Stromiec;2004-01-01;
Sulejów;2004-01-01;
Szczekociny;2004-01-01;
Tomaszów Mazowiecki miasto;2004-01-01;
Tomaszów Mazowiecki wiejski;2004-01-01;
Tuszyn;2004-01-01;
Ujazd;2004-01-01;
Warka;2004-01-01;
Wielgomłyny;2004-01-01;
Włodowice;2004-01-01;
Włoszczowa;2004-01-01;
Wola Krzysztoporska;2004-01-01;
Wolbórz;2004-01-01;
Wolbrom;2004-01-01;
Wyśmierzyce;2004-01-01;
Zagnańsk;2004-01-01;
Zawiercie;2004-01-01;
Żarnowiec;2004-01-01;
Żarnów;2004-01-01;
Żytno;2004-01-01;
Aleksandrów;2005-01-01;
Andrespol;2005-01-01;
Belsk Duży;2005-01-01;
Będków;2005-01-01;
Białaczów;2005-01-01;
Białobrzegi;2005-01-01;
Bliżyn;2005-01-01;
Błędów;2005-01-01;
Brójce;2005-01-01;
Budziszewice;2005-01-01;
Charsznica;2005-01-01;
Czarnocin;2005-01-01;
Czerniewice;2005-01-01;
Drzewica;2005-01-01;
Fałków;2005-01-01;
Gielniów;2005-01-01;
Głowaczów;2005-01-01;
Gorzkowice;2005-01-01;
Goszczyn;2005-01-01;
Gowarczów;2005-01-01;
Grabica;2005-01-01;
Grabów nad Pilicą;2005-01-01;
Inowłódz;2005-01-01;
Irządze;2005-01-01;
Kluczewsko;2005-01-01;
Klwów;2005-01-01;
Kobiele Wielkie;2005-01-01;
Kodrąb;2005-01-01;
Koluszki;2005-01-01;
Koniecpol;2005-01-01;
Końskie;2005-01-01;
Kozłów;2005-01-01;
Krasocin;2005-01-01;
Kroczyce;2005-01-01;
Lelów;2005-01-01;
Lubochnia;2005-01-01;
Łęki Szlacheckie;2005-01-01;
Łopuszno;2005-01-01;
Magnuszew;2005-01-01;
Masłowice;2005-01-01;
Mniów;2005-01-01;
Mniszków;2005-01-01;
Mogielnica;2005-01-01;
Moskorzew;2005-01-01;
Moszczenica;2005-01-01;
Niegowa;2005-01-01;
Nowe Miasto nad Pilicą;2005-01-01;
Nowosolna;2005-01-01;
Odrzywół;2005-01-01;
Ogrodzieniec;2005-01-01;
Opoczno;2005-01-01;
Paradyż;2005-01-01;
Pilica;2005-01-01;
Piotrków Trybunalski;2005-01-01;
Poświętne;2005-01-01;
Promna;2005-01-01;
Przedbórz;2005-01-01;
Przysucha;2005-01-01;
Radoszyce;2005-01-01;
Radzanów;2005-01-01;
Ręczno;2005-01-01;
Rokiciny;2005-01-01;
Rozprza;2005-01-01;
Ruda Maleniecka;2005-01-01;
Rusinów;2005-01-01;
Rzeczyca;2005-01-01;
Sadkowice;2005-01-01;
Secemin;2005-01-01;
Sławno;2005-01-01;
Słupia;2005-01-01;
Słupia Konecka;2005-01-01;
Smyków;2005-01-01;
Stąporków;2005-01-01;
Stromiec;2005-01-01;
Sulejów;2005-01-01;
Szczekociny;2005-01-01;
Tomaszów Mazowiecki miasto;2005-01-01;
Tomaszów Mazowiecki wiejski;2005-01-01;
Tuszyn;2005-01-01;
Ujazd;2005-01-01;
Warka;2005-01-01;
Wielgomłyny;2005-01-01;
Włodowice;2005-01-01;
Włoszczowa;2005-01-01;
Wola Krzysztoporska;2005-01-01;
Wolbórz;2005-01-01;
Wolbrom;2005-01-01;
Wyśmierzyce;2005-01-01;
Zagnańsk;2005-01-01;
Zawiercie;2005-01-01;
Żarnowiec;2005-01-01;
Żarnów;2005-01-01;
Żytno;2005-01-01;
Aleksandrów;2006-01-01;
Andrespol;2006-01-01;
Belsk Duży;2006-01-01;
Będków;2006-01-01;
Białaczów;2006-01-01;
Białobrzegi;2006-01-01;
Bliżyn;2006-01-01;
Błędów;2006-01-01;
Brójce;2006-01-01;
Budziszewice;2006-01-01;
Charsznica;2006-01-01;
Czarnocin;2006-01-01;
Czerniewice;2006-01-01;
Drzewica;2006-01-01;
Fałków;2006-01-01;
Gielniów;2006-01-01;
Głowaczów;2006-01-01;
Gorzkowice;2006-01-01;
Goszczyn;2006-01-01;
Gowarczów;2006-01-01;
Grabica;2006-01-01;
Grabów nad Pilicą;2006-01-01;
Inowłódz;2006-01-01;
Irządze;2006-01-01;
Kluczewsko;2006-01-01;
Klwów;2006-01-01;
Kobiele Wielkie;2006-01-01;
Kodrąb;2006-01-01;
Koluszki;2006-01-01;
Koniecpol;2006-01-01;
Końskie;2006-01-01;
Kozłów;2006-01-01;
Krasocin;2006-01-01;
Kroczyce;2006-01-01;
Lelów;2006-01-01;
Lubochnia;2006-01-01;
Łęki Szlacheckie;2006-01-01;
Łopuszno;2006-01-01;
Magnuszew;2006-01-01;
Masłowice;2006-01-01;
Mniów;2006-01-01;
Mniszków;2006-01-01;
Mogielnica;2006-01-01;
Moskorzew;2006-01-01;
Moszczenica;2006-01-01;
Niegowa;2006-01-01;
Nowe Miasto nad Pilicą;2006-01-01;
Nowosolna;2006-01-01;
Odrzywół;2006-01-01;
Ogrodzieniec;2006-01-01;
Opoczno;2006-01-01;
Paradyż;2006-01-01;
Pilica;2006-01-01;
Piotrków Trybunalski;2006-01-01;
Poświętne;2006-01-01;
Promna;2006-01-01;
Przedbórz;2006-01-01;
Przysucha;2006-01-01;
Radoszyce;2006-01-01;
Radzanów;2006-01-01;
Ręczno;2006-01-01;
Rokiciny;2006-01-01;
Rozprza;2006-01-01;
Ruda Maleniecka;2006-01-01;
Rusinów;2006-01-01;
Rzeczyca;2006-01-01;
Sadkowice;2006-01-01;
Secemin;2006-01-01;
Sławno;2006-01-01;
Słupia;2006-01-01;
Słupia Konecka;2006-01-01;
Smyków;2006-01-01;
Stąporków;2006-01-01;
Stromiec;2006-01-01;
Sulejów;2006-01-01;
Szczekociny;2006-01-01;
Tomaszów Mazowiecki miasto;2006-01-01;
Tomaszów Mazowiecki wiejski;2006-01-01;
Tuszyn;2006-01-01;
Ujazd;2006-01-01;
Warka;2006-01-01;
Wielgomłyny;2006-01-01;
Włodowice;2006-01-01;
Włoszczowa;2006-01-01;
Wola Krzysztoporska;2006-01-01;
Wolbórz;2006-01-01;
Wolbrom;2006-01-01;
Wyśmierzyce;2006-01-01;
Zagnańsk;2006-01-01;
Zawiercie;2006-01-01;
Żarnowiec;2006-01-01;
Żarnów;2006-01-01;
Żytno;2006-01-01;
Aleksandrów;2007-01-01;
Andrespol;2007-01-01;
Belsk Duży;2007-01-01;
Będków;2007-01-01;
Białaczów;2007-01-01;
Białobrzegi;2007-01-01;
Bliżyn;2007-01-01;
Błędów;2007-01-01;
Brójce;2007-01-01;
Budziszewice;2007-01-01;
Charsznica;2007-01-01;
Czarnocin;2007-01-01;
Czerniewice;2007-01-01;
Drzewica;2007-01-01;
Fałków;2007-01-01;
Gielniów;2007-01-01;
Głowaczów;2007-01-01;
Gorzkowice;2007-01-01;
Goszczyn;2007-01-01;
Gowarczów;2007-01-01;
Grabica;2007-01-01;
Grabów nad Pilicą;2007-01-01;
Inowłódz;2007-01-01;
Irządze;2007-01-01;
Kluczewsko;2007-01-01;
Klwów;2007-01-01;
Kobiele Wielkie;2007-01-01;
Kodrąb;2007-01-01;
Koluszki;2007-01-01;
Koniecpol;2007-01-01;
Końskie;2007-01-01;
Kozłów;2007-01-01;
Krasocin;2007-01-01;
Kroczyce;2007-01-01;
Lelów;2007-01-01;
Lubochnia;2007-01-01;
Łęki Szlacheckie;2007-01-01;
Łopuszno;2007-01-01;
Magnuszew;2007-01-01;
Masłowice;2007-01-01;
Mniów;2007-01-01;
Mniszków;2007-01-01;
Mogielnica;2007-01-01;
Moskorzew;2007-01-01;
Moszczenica;2007-01-01;
Niegowa;2007-01-01;
Nowe Miasto nad Pilicą;2007-01-01;
Nowosolna;2007-01-01;
Odrzywół;2007-01-01;
Ogrodzieniec;2007-01-01;
Opoczno;2007-01-01;
Paradyż;2007-01-01;
Pilica;2007-01-01;
Piotrków Trybunalski;2007-01-01;
Poświętne;2007-01-01;
Promna;2007-01-01;
Przedbórz;2007-01-01;
Przysucha;2007-01-01;
Radoszyce;2007-01-01;
Radzanów;2007-01-01;
Ręczno;2007-01-01;
Rokiciny;2007-01-01;
Rozprza;2007-01-01;
Ruda Maleniecka;2007-01-01;
Rusinów;2007-01-01;
Rzeczyca;2007-01-01;
Sadkowice;2007-01-01;
Secemin;2007-01-01;
Sławno;2007-01-01;
Słupia;2007-01-01;
Słupia Konecka;2007-01-01;
Smyków;2007-01-01;
Stąporków;2007-01-01;
Stromiec;2007-01-01;
Sulejów;2007-01-01;
Szczekociny;2007-01-01;
Tomaszów Mazowiecki miasto;2007-01-01;
Tomaszów Mazowiecki wiejski;2007-01-01;
Tuszyn;2007-01-01;
Ujazd;2007-01-01;
Warka;2007-01-01;
Wielgomłyny;2007-01-01;
Włodowice;2007-01-01;
Włoszczowa;2007-01-01;
Wola Krzysztoporska;2007-01-01;
Wolbórz;2007-01-01;
Wolbrom;2007-01-01;
Wyśmierzyce;2007-01-01;
Zagnańsk;2007-01-01;
Zawiercie;2007-01-01;
Żarnowiec;2007-01-01;
Żarnów;2007-01-01;
Żytno;2007-01-01;
Aleksandrów;2008-01-01;
Andrespol;2008-01-01;
Belsk Duży;2008-01-01;
Będków;2008-01-01;
Białaczów;2008-01-01;
Białobrzegi;2008-01-01;
Bliżyn;2008-01-01;
Błędów;2008-01-01;
Brójce;2008-01-01;
Budziszewice;2008-01-01;
Charsznica;2008-01-01;
Czarnocin;2008-01-01;
Czerniewice;2008-01-01;
Drzewica;2008-01-01;
Fałków;2008-01-01;
Gielniów;2008-01-01;
Głowaczów;2008-01-01;
Gorzkowice;2008-01-01;
Goszczyn;2008-01-01;
Gowarczów;2008-01-01;
Grabica;2008-01-01;
Grabów nad Pilicą;2008-01-01;
Inowłódz;2008-01-01;
Irządze;2008-01-01;
Kluczewsko;2008-01-01;
Klwów;2008-01-01;
Kobiele Wielkie;2008-01-01;
Kodrąb;2008-01-01;
Koluszki;2008-01-01;
Koniecpol;2008-01-01;
Końskie;2008-01-01;
Kozłów;2008-01-01;
Krasocin;2008-01-01;
Kroczyce;2008-01-01;
Lelów;2008-01-01;
Lubochnia;2008-01-01;
Łęki Szlacheckie;2008-01-01;
Łopuszno;2008-01-01;
Magnuszew;2008-01-01;
Masłowice;2008-01-01;
Mniów;2008-01-01;
Mniszków;2008-01-01;
Mogielnica;2008-01-01;
Moskorzew;2008-01-01;
Moszczenica;2008-01-01;
Niegowa;2008-01-01;
Nowe Miasto nad Pilicą;2008-01-01;
Nowosolna;2008-01-01;
Odrzywół;2008-01-01;
Ogrodzieniec;2008-01-01;
Opoczno;2008-01-01;
Paradyż;2008-01-01;
Pilica;2008-01-01;
Piotrków Trybunalski;2008-01-01;
Poświętne;2008-01-01;
Promna;2008-01-01;
Przedbórz;2008-01-01;
Przysucha;2008-01-01;
Radoszyce;2008-01-01;
Radzanów;2008-01-01;
Ręczno;2008-01-01;
Rokiciny;2008-01-01;
Rozprza;2008-01-01;
Ruda Maleniecka;2008-01-01;
Rusinów;2008-01-01;
Rzeczyca;2008-01-01;
Sadkowice;2008-01-01;
Secemin;2008-01-01;
Sławno;2008-01-01;
Słupia;2008-01-01;
Słupia Konecka;2008-01-01;
Smyków;2008-01-01;
Stąporków;2008-01-01;
Stromiec;2008-01-01;
Sulejów;2008-01-01;
Szczekociny;2008-01-01;
Tomaszów Mazowiecki miasto;2008-01-01;
Tomaszów Mazowiecki wiejski;2008-01-01;
Tuszyn;2008-01-01;
Ujazd;2008-01-01;
Warka;2008-01-01;
Wielgomłyny;2008-01-01;
Włodowice;2008-01-01;
Włoszczowa;2008-01-01;
Wola Krzysztoporska;2008-01-01;
Wolbórz;2008-01-01;
Wolbrom;2008-01-01;
Wyśmierzyce;2008-01-01;
Zagnańsk;2008-01-01;
Zawiercie;2008-01-01;
Żarnowiec;2008-01-01;
Żarnów;2008-01-01;
Żytno;2008-01-01;
Aleksandrów;2009-01-01;
Andrespol;2009-01-01;
Belsk Duży;2009-01-01;
Będków;2009-01-01;
Białaczów;2009-01-01;
Białobrzegi;2009-01-01;
Bliżyn;2009-01-01;
Błędów;2009-01-01;
Brójce;2009-01-01;
Budziszewice;2009-01-01;
Charsznica;2009-01-01;
Czarnocin;2009-01-01;
Czerniewice;2009-01-01;
Drzewica;2009-01-01;
Fałków;2009-01-01;
Gielniów;2009-01-01;
Głowaczów;2009-01-01;
Gorzkowice;2009-01-01;
Goszczyn;2009-01-01;
Gowarczów;2009-01-01;
Grabica;2009-01-01;
Grabów nad Pilicą;2009-01-01;
Inowłódz;2009-01-01;
Irządze;2009-01-01;
Kluczewsko;2009-01-01;
Klwów;2009-01-01;
Kobiele Wielkie;2009-01-01;
Kodrąb;2009-01-01;
Koluszki;2009-01-01;
Koniecpol;2009-01-01;
Końskie;2009-01-01;
Kozłów;2009-01-01;
Krasocin;2009-01-01;
Kroczyce;2009-01-01;
Lelów;2009-01-01;
Lubochnia;2009-01-01;
Łęki Szlacheckie;2009-01-01;
Łopuszno;2009-01-01;
Magnuszew;2009-01-01;
Masłowice;2009-01-01;
Mniów;2009-01-01;
Mniszków;2009-01-01;
Mogielnica;2009-01-01;
Moskorzew;2009-01-01;
Moszczenica;2009-01-01;
Niegowa;2009-01-01;
Nowe Miasto nad Pilicą;2009-01-01;
Nowosolna;2009-01-01;
Odrzywół;2009-01-01;
Ogrodzieniec;2009-01-01;
Opoczno;2009-01-01;
Paradyż;2009-01-01;
Pilica;2009-01-01;
Piotrków Trybunalski;2009-01-01;
Poświętne;2009-01-01;
Promna;2009-01-01;
Przedbórz;2009-01-01;
Przysucha;2009-01-01;
Radoszyce;2009-01-01;
Radzanów;2009-01-01;
Ręczno;2009-01-01;
Rokiciny;2009-01-01;
Rozprza;2009-01-01;
Ruda Maleniecka;2009-01-01;
Rusinów;2009-01-01;
Rzeczyca;2009-01-01;
Sadkowice;2009-01-01;
Secemin;2009-01-01;
Sławno;2009-01-01;
Słupia;2009-01-01;
Słupia Konecka;2009-01-01;
Smyków;2009-01-01;
Stąporków;2009-01-01;
Stromiec;2009-01-01;
Sulejów;2009-01-01;
Szczekociny;2009-01-01;
Tomaszów Mazowiecki miasto;2009-01-01;
Tomaszów Mazowiecki wiejski;2009-01-01;
Tuszyn;2009-01-01;
Ujazd;2009-01-01;
Warka;2009-01-01;
Wielgomłyny;2009-01-01;
Włodowice;2009-01-01;
Włoszczowa;2009-01-01;
Wola Krzysztoporska;2009-01-01;
Wolbórz;2009-01-01;
Wolbrom;2009-01-01;
Wyśmierzyce;2009-01-01;
Zagnańsk;2009-01-01;
Zawiercie;2009-01-01;
Żarnowiec;2009-01-01;
Żarnów;2009-01-01;
Żytno;2009-01-01;
Aleksandrów;2010-01-01;
Andrespol;2010-01-01;
Belsk Duży;2010-01-01;
Będków;2010-01-01;
Białaczów;2010-01-01;
Białobrzegi;2010-01-01;
Bliżyn;2010-01-01;
Błędów;2010-01-01;
Brójce;2010-01-01;
Budziszewice;2010-01-01;
Charsznica;2010-01-01;
Czarnocin;2010-01-01;
Czerniewice;2010-01-01;
Drzewica;2010-01-01;
Fałków;2010-01-01;
Gielniów;2010-01-01;
Głowaczów;2010-01-01;
Gorzkowice;2010-01-01;
Goszczyn;2010-01-01;
Gowarczów;2010-01-01;
Grabica;2010-01-01;
Grabów nad Pilicą;2010-01-01;
Inowłódz;2010-01-01;
Irządze;2010-01-01;
Kluczewsko;2010-01-01;
Klwów;2010-01-01;
Kobiele Wielkie;2010-01-01;
Kodrąb;2010-01-01;
Koluszki;2010-01-01;
Koniecpol;2010-01-01;
Końskie;2010-01-01;
Kozłów;2010-01-01;
Krasocin;2010-01-01;
Kroczyce;2010-01-01;
Lelów;2010-01-01;
Lubochnia;2010-01-01;
Łęki Szlacheckie;2010-01-01;
Łopuszno;2010-01-01;
Magnuszew;2010-01-01;
Masłowice;2010-01-01;
Mniów;2010-01-01;
Mniszków;2010-01-01;
Mogielnica;2010-01-01;
Moskorzew;2010-01-01;
Moszczenica;2010-01-01;
Niegowa;2010-01-01;
Nowe Miasto nad Pilicą;2010-01-01;
Nowosolna;2010-01-01;
Odrzywół;2010-01-01;
Ogrodzieniec;2010-01-01;
Opoczno;2010-01-01;
Paradyż;2010-01-01;
Pilica;2010-01-01;
Piotrków Trybunalski;2010-01-01;
Poświętne;2010-01-01;
Promna;2010-01-01;
Przedbórz;2010-01-01;
Przysucha;2010-01-01;
Radoszyce;2010-01-01;
Radzanów;2010-01-01;
Ręczno;2010-01-01;
Rokiciny;2010-01-01;
Rozprza;2010-01-01;
Ruda Maleniecka;2010-01-01;
Rusinów;2010-01-01;
Rzeczyca;2010-01-01;
Sadkowice;2010-01-01;
Secemin;2010-01-01;
Sławno;2010-01-01;
Słupia;2010-01-01;
Słupia Konecka;2010-01-01;
Smyków;2010-01-01;
Stąporków;2010-01-01;
Stromiec;2010-01-01;
Sulejów;2010-01-01;
Szczekociny;2010-01-01;
Tomaszów Mazowiecki miasto;2010-01-01;
Tomaszów Mazowiecki wiejski;2010-01-01;
Tuszyn;2010-01-01;
Ujazd;2010-01-01;
Warka;2010-01-01;
Wielgomłyny;2010-01-01;
Włodowice;2010-01-01;
Włoszczowa;2010-01-01;
Wola Krzysztoporska;2010-01-01;
Wolbórz;2010-01-01;
Wolbrom;2010-01-01;
Wyśmierzyce;2010-01-01;
Zagnańsk;2010-01-01;
Zawiercie;2010-01-01;
Żarnowiec;2010-01-01;
Żarnów;2010-01-01;
Żytno;2010-01-01;
Aleksandrów;2011-01-01;
Andrespol;2011-01-01;
Belsk Duży;2011-01-01;
Będków;2011-01-01;
Białaczów;2011-01-01;
Białobrzegi;2011-01-01;
Bliżyn;2011-01-01;
Błędów;2011-01-01;
Brójce;2011-01-01;
Budziszewice;2011-01-01;
Charsznica;2011-01-01;
Czarnocin;2011-01-01;
Czerniewice;2011-01-01;
Drzewica;2011-01-01;
Fałków;2011-01-01;
Gielniów;2011-01-01;
Głowaczów;2011-01-01;
Gorzkowice;2011-01-01;
Goszczyn;2011-01-01;
Gowarczów;2011-01-01;
Grabica;2011-01-01;
Grabów nad Pilicą;2011-01-01;
Inowłódz;2011-01-01;
Irządze;2011-01-01;
Kluczewsko;2011-01-01;
Klwów;2011-01-01;
Kobiele Wielkie;2011-01-01;
Kodrąb;2011-01-01;
Koluszki;2011-01-01;
Koniecpol;2011-01-01;
Końskie;2011-01-01;
Kozłów;2011-01-01;
Krasocin;2011-01-01;
Kroczyce;2011-01-01;
Lelów;2011-01-01;
Lubochnia;2011-01-01;
Łęki Szlacheckie;2011-01-01;
Łopuszno;2011-01-01;
Magnuszew;2011-01-01;
Masłowice;2011-01-01;
Mniów;2011-01-01;
Mniszków;2011-01-01;
Mogielnica;2011-01-01;
Moskorzew;2011-01-01;
Moszczenica;2011-01-01;
Niegowa;2011-01-01;
Nowe Miasto nad Pilicą;2011-01-01;
Nowosolna;2011-01-01;
Odrzywół;2011-01-01;
Ogrodzieniec;2011-01-01;
Opoczno;2011-01-01;
Paradyż;2011-01-01;
Pilica;2011-01-01;
Piotrków Trybunalski;2011-01-01;
Poświętne;2011-01-01;
Promna;2011-01-01;
Przedbórz;2011-01-01;
Przysucha;2011-01-01;
Radoszyce;2011-01-01;
Radzanów;2011-01-01;
Ręczno;2011-01-01;
Rokiciny;2011-01-01;
Rozprza;2011-01-01;
Ruda Maleniecka;2011-01-01;
Rusinów;2011-01-01;
Rzeczyca;2011-01-01;
Sadkowice;2011-01-01;
Secemin;2011-01-01;
Sławno;2011-01-01;
Słupia;2011-01-01;
Słupia Konecka;2011-01-01;
Smyków;2011-01-01;
Stąporków;2011-01-01;
Stromiec;2011-01-01;
Sulejów;2011-01-01;
Szczekociny;2011-01-01;
Tomaszów Mazowiecki miasto;2011-01-01;
Tomaszów Mazowiecki wiejski;2011-01-01;
Tuszyn;2011-01-01;
Ujazd;2011-01-01;
Warka;2011-01-01;
Wielgomłyny;2011-01-01;
Włodowice;2011-01-01;
Włoszczowa;2011-01-01;
Wola Krzysztoporska;2011-01-01;
Wolbórz;2011-01-01;
Wolbrom;2011-01-01;
Wyśmierzyce;2011-01-01;
Zagnańsk;2011-01-01;
Zawiercie;2011-01-01;
Żarnowiec;2011-01-01;
Żarnów;2011-01-01;
Żytno;2011-01-01;
Aleksandrów;2012-01-01;164
Andrespol;2012-01-01;1318
Belsk Duży;2012-01-01;411
Będków;2012-01-01;178
Białaczów;2012-01-01;200
Białobrzegi;2012-01-01;1168
Bliżyn;2012-01-01;502
Błędów;2012-01-01;524
Brójce;2012-01-01;526
Budziszewice;2012-01-01;160
Charsznica;2012-01-01;424
Czarnocin;2012-01-01;299
Czerniewice;2012-01-01;284
Drzewica;2012-01-01;547
Fałków;2012-01-01;184
Gielniów;2012-01-01;248
Głowaczów;2012-01-01;363
Gorzkowice;2012-01-01;397
Goszczyn;2012-01-01;176
Gowarczów;2012-01-01;239
Grabica;2012-01-01;388
Grabów nad Pilicą;2012-01-01;175
Inowłódz;2012-01-01;248
Irządze;2012-01-01;122
Kluczewsko;2012-01-01;306
Klwów;2012-01-01;148
Kobiele Wielkie;2012-01-01;301
Kodrąb;2012-01-01;234
Koluszki;2012-01-01;2043
Koniecpol;2012-01-01;626
Końskie;2012-01-01;3346
Kozłów;2012-01-01;251
Krasocin;2012-01-01;971
Kroczyce;2012-01-01;399
Lelów;2012-01-01;282
Lubochnia;2012-01-01;438
Łęki Szlacheckie;2012-01-01;125
Łopuszno;2012-01-01;539
Magnuszew;2012-01-01;277
Masłowice;2012-01-01;171
Mniów;2012-01-01;483
Mniszków;2012-01-01;216
Mogielnica;2012-01-01;482
Moskorzew;2012-01-01;134
Moszczenica;2012-01-01;661
Niegowa;2012-01-01;411
Nowe Miasto nad Pilicą;2012-01-01;525
Nowosolna;2012-01-01;565
Odrzywół;2012-01-01;235
Ogrodzieniec;2012-01-01;908
Opoczno;2012-01-01;2274
Paradyż;2012-01-01;183
Pilica;2012-01-01;577
Piotrków Trybunalski;2012-01-01;7062
Poświętne;2012-01-01;192
Promna;2012-01-01;362
Przedbórz;2012-01-01;532
Przysucha;2012-01-01;918
Radoszyce;2012-01-01;-
Radzanów;2012-01-01;163
Ręczno;2012-01-01;175
Rokiciny;2012-01-01;368
Rozprza;2012-01-01;513
Ruda Maleniecka;2012-01-01;150
Rusinów;2012-01-01;228
Rzeczyca;2012-01-01;216
Sadkowice;2012-01-01;193
Secemin;2012-01-01;216
Sławno;2012-01-01;257
Słupia;2012-01-01;160
Słupia Konecka;2012-01-01;174
Smyków;2012-01-01;253
Stąporków;2012-01-01;1115
Stromiec;2012-01-01;267
Sulejów;2012-01-01;1197
Szczekociny;2012-01-01;662
Tomaszów Mazowiecki miasto;2012-01-01;5192
Tomaszów Mazowiecki wiejski;2012-01-01;822
Tuszyn;2012-01-01;1330
Ujazd;2012-01-01;523
Warka;2012-01-01;1390
Wielgomłyny;2012-01-01;216
Włodowice;2012-01-01;357
Włoszczowa;2012-01-01;1419
Wola Krzysztoporska;2012-01-01;587
Wolbórz;2012-01-01;450
Wolbrom;2012-01-01;2229
Wyśmierzyce;2012-01-01;175
Zagnańsk;2012-01-01;993
Zawiercie;2012-01-01;4794
Żarnowiec;2012-01-01;250
Żarnów;2012-01-01;273
Żytno;2012-01-01;211
Aleksandrów;2013-01-01;172
Andrespol;2013-01-01;1372
Belsk Duży;2013-01-01;428
Będków;2013-01-01;191
Białaczów;2013-01-01;211
Białobrzegi;2013-01-01;1197
Bliżyn;2013-01-01;541
Błędów;2013-01-01;528
Brójce;2013-01-01;558
Budziszewice;2013-01-01;177
Charsznica;2013-01-01;447
Czarnocin;2013-01-01;304
Czerniewice;2013-01-01;307
Drzewica;2013-01-01;562
Fałków;2013-01-01;188
Gielniów;2013-01-01;259
Głowaczów;2013-01-01;358
Gorzkowice;2013-01-01;408
Goszczyn;2013-01-01;181
Gowarczów;2013-01-01;248
Grabica;2013-01-01;386
Grabów nad Pilicą;2013-01-01;168
Inowłódz;2013-01-01;251
Irządze;2013-01-01;127
Kluczewsko;2013-01-01;325
Klwów;2013-01-01;146
Kobiele Wielkie;2013-01-01;312
Kodrąb;2013-01-01;253
Koluszki;2013-01-01;2040
Koniecpol;2013-01-01;635
Końskie;2013-01-01;3357
Kozłów;2013-01-01;235
Krasocin;2013-01-01;1022
Kroczyce;2013-01-01;406
Lelów;2013-01-01;282
Lubochnia;2013-01-01;457
Łęki Szlacheckie;2013-01-01;126
Łopuszno;2013-01-01;580
Magnuszew;2013-01-01;300
Masłowice;2013-01-01;168
Mniów;2013-01-01;495
Mniszków;2013-01-01;229
Mogielnica;2013-01-01;513
Moskorzew;2013-01-01;136
Moszczenica;2013-01-01;695
Niegowa;2013-01-01;436
Nowe Miasto nad Pilicą;2013-01-01;541
Nowosolna;2013-01-01;585
Odrzywół;2013-01-01;248
Ogrodzieniec;2013-01-01;916
Opoczno;2013-01-01;2348
Paradyż;2013-01-01;190
Pilica;2013-01-01;596
Piotrków Trybunalski;2013-01-01;7130
Poświętne;2013-01-01;191
Promna;2013-01-01;353
Przedbórz;2013-01-01;548
Przysucha;2013-01-01;913
Radoszyce;2013-01-01;-
Radzanów;2013-01-01;170
Ręczno;2013-01-01;179
Rokiciny;2013-01-01;387
Rozprza;2013-01-01;528
Ruda Maleniecka;2013-01-01;145
Rusinów;2013-01-01;236
Rzeczyca;2013-01-01;212
Sadkowice;2013-01-01;198
Secemin;2013-01-01;219
Sławno;2013-01-01;275
Słupia;2013-01-01;166
Słupia Konecka;2013-01-01;183
Smyków;2013-01-01;240
Stąporków;2013-01-01;1118
Stromiec;2013-01-01;281
Sulejów;2013-01-01;1209
Szczekociny;2013-01-01;666
Tomaszów Mazowiecki miasto;2013-01-01;5216
Tomaszów Mazowiecki wiejski;2013-01-01;867
Tuszyn;2013-01-01;1370
Ujazd;2013-01-01;552
Warka;2013-01-01;1428
Wielgomłyny;2013-01-01;223
Włodowice;2013-01-01;376
Włoszczowa;2013-01-01;1425
Wola Krzysztoporska;2013-01-01;597
Wolbórz;2013-01-01;466
Wolbrom;2013-01-01;2233
Wyśmierzyce;2013-01-01;179
Zagnańsk;2013-01-01;1034
Zawiercie;2013-01-01;4845
Żarnowiec;2013-01-01;267
Żarnów;2013-01-01;268
Żytno;2013-01-01;208
Aleksandrów;2014-01-01;173
Andrespol;2014-01-01;1406
Belsk Duży;2014-01-01;435
Będków;2014-01-01;195
Białaczów;2014-01-01;211
Białobrzegi;2014-01-01;1208
Bliżyn;2014-01-01;530
Błędów;2014-01-01;529
Brójce;2014-01-01;574
Budziszewice;2014-01-01;183
Charsznica;2014-01-01;452
Czarnocin;2014-01-01;310
Czerniewice;2014-01-01;287
Drzewica;2014-01-01;561
Fałków;2014-01-01;188
Gielniów;2014-01-01;266
Głowaczów;2014-01-01;361
Gorzkowice;2014-01-01;422
Goszczyn;2014-01-01;191
Gowarczów;2014-01-01;256
Grabica;2014-01-01;408
Grabów nad Pilicą;2014-01-01;180
Inowłódz;2014-01-01;266
Irządze;2014-01-01;134
Kluczewsko;2014-01-01;364
Klwów;2014-01-01;163
Kobiele Wielkie;2014-01-01;319
Kodrąb;2014-01-01;262
Koluszki;2014-01-01;2030
Koniecpol;2014-01-01;633
Końskie;2014-01-01;3339
Kozłów;2014-01-01;243
Krasocin;2014-01-01;1081
Kroczyce;2014-01-01;411
Lelów;2014-01-01;293
Lubochnia;2014-01-01;483
Łęki Szlacheckie;2014-01-01;137
Łopuszno;2014-01-01;596
Magnuszew;2014-01-01;307
Masłowice;2014-01-01;180
Mniów;2014-01-01;511
Mniszków;2014-01-01;243
Mogielnica;2014-01-01;531
Moskorzew;2014-01-01;142
Moszczenica;2014-01-01;746
Niegowa;2014-01-01;451
Nowe Miasto nad Pilicą;2014-01-01;538
Nowosolna;2014-01-01;612
Odrzywół;2014-01-01;246
Ogrodzieniec;2014-01-01;911
Opoczno;2014-01-01;2367
Paradyż;2014-01-01;197
Pilica;2014-01-01;601
Piotrków Trybunalski;2014-01-01;7084
Poświętne;2014-01-01;190
Promna;2014-01-01;366
Przedbórz;2014-01-01;552
Przysucha;2014-01-01;933
Radoszyce;2014-01-01;-
Radzanów;2014-01-01;175
Ręczno;2014-01-01;193
Rokiciny;2014-01-01;410
Rozprza;2014-01-01;537
Ruda Maleniecka;2014-01-01;148
Rusinów;2014-01-01;233
Rzeczyca;2014-01-01;225
Sadkowice;2014-01-01;199
Secemin;2014-01-01;228
Sławno;2014-01-01;280
Słupia;2014-01-01;163
Słupia Konecka;2014-01-01;187
Smyków;2014-01-01;251
Stąporków;2014-01-01;1109
Stromiec;2014-01-01;289
Sulejów;2014-01-01;1225
Szczekociny;2014-01-01;669
Tomaszów Mazowiecki miasto;2014-01-01;5138
Tomaszów Mazowiecki wiejski;2014-01-01;891
Tuszyn;2014-01-01;1391
Ujazd;2014-01-01;582
Warka;2014-01-01;1466
Wielgomłyny;2014-01-01;218
Włodowice;2014-01-01;379
Włoszczowa;2014-01-01;1442
Wola Krzysztoporska;2014-01-01;593
Wolbórz;2014-01-01;485
Wolbrom;2014-01-01;2230
Wyśmierzyce;2014-01-01;183
Zagnańsk;2014-01-01;1041
Zawiercie;2014-01-01;4840
Żarnowiec;2014-01-01;267
Żarnów;2014-01-01;276
Żytno;2014-01-01;207
Aleksandrów;2015-01-01;183
Andrespol;2015-01-01;1436
Belsk Duży;2015-01-01;437
Będków;2015-01-01;190
Białaczów;2015-01-01;208
Białobrzegi;2015-01-01;1204
Bliżyn;2015-01-01;545
Błędów;2015-01-01;516
Brójce;2015-01-01;586
Budziszewice;2015-01-01;178
Charsznica;2015-01-01;455
Czarnocin;2015-01-01;304
Czerniewice;2015-01-01;292
Drzewica;2015-01-01;573
Fałków;2015-01-01;180
Gielniów;2015-01-01;270
Głowaczów;2015-01-01;363
Gorzkowice;2015-01-01;424
Goszczyn;2015-01-01;191
Gowarczów;2015-01-01;273
Grabica;2015-01-01;418
Grabów nad Pilicą;2015-01-01;178
Inowłódz;2015-01-01;267
Irządze;2015-01-01;133
Kluczewsko;2015-01-01;381
Klwów;2015-01-01;165
Kobiele Wielkie;2015-01-01;320
Kodrąb;2015-01-01;271
Koluszki;2015-01-01;2030
Koniecpol;2015-01-01;642
Końskie;2015-01-01;3348
Kozłów;2015-01-01;248
Krasocin;2015-01-01;1083
Kroczyce;2015-01-01;420
Lelów;2015-01-01;299
Lubochnia;2015-01-01;490
Łęki Szlacheckie;2015-01-01;130
Łopuszno;2015-01-01;608
Magnuszew;2015-01-01;315
Masłowice;2015-01-01;189
Mniów;2015-01-01;522
Mniszków;2015-01-01;242
Mogielnica;2015-01-01;526
Moskorzew;2015-01-01;149
Moszczenica;2015-01-01;754
Niegowa;2015-01-01;460
Nowe Miasto nad Pilicą;2015-01-01;538
Nowosolna;2015-01-01;649
Odrzywół;2015-01-01;253
Ogrodzieniec;2015-01-01;919
Opoczno;2015-01-01;2375
Paradyż;2015-01-01;199
Pilica;2015-01-01;609
Piotrków Trybunalski;2015-01-01;7080
Poświętne;2015-01-01;190
Promna;2015-01-01;375
Przedbórz;2015-01-01;546
Przysucha;2015-01-01;931
Radoszyce;2015-01-01;-
Radzanów;2015-01-01;169
Ręczno;2015-01-01;185
Rokiciny;2015-01-01;429
Rozprza;2015-01-01;541
Ruda Maleniecka;2015-01-01;153
Rusinów;2015-01-01;239
Rzeczyca;2015-01-01;229
Sadkowice;2015-01-01;196
Secemin;2015-01-01;227
Sławno;2015-01-01;292
Słupia;2015-01-01;169
Słupia Konecka;2015-01-01;191
Smyków;2015-01-01;253
Stąporków;2015-01-01;1127
Stromiec;2015-01-01;346
Sulejów;2015-01-01;1274
Szczekociny;2015-01-01;661
Tomaszów Mazowiecki miasto;2015-01-01;5130
Tomaszów Mazowiecki wiejski;2015-01-01;893
Tuszyn;2015-01-01;1399
Ujazd;2015-01-01;585
Warka;2015-01-01;1494
Wielgomłyny;2015-01-01;229
Włodowice;2015-01-01;400
Włoszczowa;2015-01-01;1458
Wola Krzysztoporska;2015-01-01;615
Wolbórz;2015-01-01;495
Wolbrom;2015-01-01;2261
Wyśmierzyce;2015-01-01;180
Zagnańsk;2015-01-01;1013
Zawiercie;2015-01-01;4791
Żarnowiec;2015-01-01;275
Żarnów;2015-01-01;297
Żytno;2015-01-01;210
Aleksandrów;2016-01-01;191
Andrespol;2016-01-01;1428
Belsk Duży;2016-01-01;437
Będków;2016-01-01;187
Białaczów;2016-01-01;206
Białobrzegi;2016-01-01;1208
Bliżyn;2016-01-01;522
Błędów;2016-01-01;518
Brójce;2016-01-01;600
Budziszewice;2016-01-01;186
Charsznica;2016-01-01;466
Czarnocin;2016-01-01;312
Czerniewice;2016-01-01;300
Drzewica;2016-01-01;549
Fałków;2016-01-01;187
Gielniów;2016-01-01;268
Głowaczów;2016-01-01;361
Gorzkowice;2016-01-01;418
Goszczyn;2016-01-01;177
Gowarczów;2016-01-01;288
Grabica;2016-01-01;442
Grabów nad Pilicą;2016-01-01;181
Inowłódz;2016-01-01;272
Irządze;2016-01-01;130
Kluczewsko;2016-01-01;376
Klwów;2016-01-01;152
Kobiele Wielkie;2016-01-01;319
Kodrąb;2016-01-01;266
Koluszki;2016-01-01;2014
Koniecpol;2016-01-01;646
Końskie;2016-01-01;3394
Kozłów;2016-01-01;246
Krasocin;2016-01-01;1065
Kroczyce;2016-01-01;416
Lelów;2016-01-01;300
Lubochnia;2016-01-01;498
Łęki Szlacheckie;2016-01-01;135
Łopuszno;2016-01-01;626
Magnuszew;2016-01-01;313
Masłowice;2016-01-01;191
Mniów;2016-01-01;548
Mniszków;2016-01-01;251
Mogielnica;2016-01-01;521
Moskorzew;2016-01-01;146
Moszczenica;2016-01-01;753
Niegowa;2016-01-01;460
Nowe Miasto nad Pilicą;2016-01-01;538
Nowosolna;2016-01-01;675
Odrzywół;2016-01-01;254
Ogrodzieniec;2016-01-01;905
Opoczno;2016-01-01;2306
Paradyż;2016-01-01;206
Pilica;2016-01-01;617
Piotrków Trybunalski;2016-01-01;7072
Poświętne;2016-01-01;187
Promna;2016-01-01;384
Przedbórz;2016-01-01;556
Przysucha;2016-01-01;921
Radoszyce;2016-01-01;-
Radzanów;2016-01-01;168
Ręczno;2016-01-01;201
Rokiciny;2016-01-01;437
Rozprza;2016-01-01;542
Ruda Maleniecka;2016-01-01;158
Rusinów;2016-01-01;253
Rzeczyca;2016-01-01;223
Sadkowice;2016-01-01;199
Secemin;2016-01-01;248
Sławno;2016-01-01;316
Słupia;2016-01-01;173
Słupia Konecka;2016-01-01;188
Smyków;2016-01-01;263
Stąporków;2016-01-01;1161
Stromiec;2016-01-01;349
Sulejów;2016-01-01;1293
Szczekociny;2016-01-01;663
Tomaszów Mazowiecki miasto;2016-01-01;5079
Tomaszów Mazowiecki wiejski;2016-01-01;912
Tuszyn;2016-01-01;1431
Ujazd;2016-01-01;587
Warka;2016-01-01;1503
Wielgomłyny;2016-01-01;241
Włodowice;2016-01-01;392
Włoszczowa;2016-01-01;1443
Wola Krzysztoporska;2016-01-01;636
Wolbórz;2016-01-01;509
Wolbrom;2016-01-01;2295
Wyśmierzyce;2016-01-01;181
Zagnańsk;2016-01-01;1036
Zawiercie;2016-01-01;4703
Żarnowiec;2016-01-01;276
Żarnów;2016-01-01;294
Żytno;2016-01-01;213
Aleksandrów;2017-01-01;219
Andrespol;2017-01-01;1492
Belsk Duży;2017-01-01;465
Będków;2017-01-01;194
Białaczów;2017-01-01;209
Białobrzegi;2017-01-01;1199
Bliżyn;2017-01-01;551
Błędów;2017-01-01;527
Brójce;2017-01-01;623
Budziszewice;2017-01-01;186
Charsznica;2017-01-01;487
Czarnocin;2017-01-01;322
Czerniewice;2017-01-01;302
Drzewica;2017-01-01;552
Fałków;2017-01-01;185
Gielniów;2017-01-01;262
Głowaczów;2017-01-01;372
Gorzkowice;2017-01-01;432
Goszczyn;2017-01-01;178
Gowarczów;2017-01-01;298
Grabica;2017-01-01;469
Grabów nad Pilicą;2017-01-01;185
Inowłódz;2017-01-01;276
Irządze;2017-01-01;137
Kluczewsko;2017-01-01;388
Klwów;2017-01-01;153
Kobiele Wielkie;2017-01-01;341
Kodrąb;2017-01-01;272
Koluszki;2017-01-01;2042
Koniecpol;2017-01-01;618
Końskie;2017-01-01;3415
Kozłów;2017-01-01;243
Krasocin;2017-01-01;1034
Kroczyce;2017-01-01;412
Lelów;2017-01-01;299
Lubochnia;2017-01-01;499
Łęki Szlacheckie;2017-01-01;152
Łopuszno;2017-01-01;643
Magnuszew;2017-01-01;325
Masłowice;2017-01-01;196
Mniów;2017-01-01;577
Mniszków;2017-01-01;267
Mogielnica;2017-01-01;510
Moskorzew;2017-01-01;145
Moszczenica;2017-01-01;753
Niegowa;2017-01-01;460
Nowe Miasto nad Pilicą;2017-01-01;540
Nowosolna;2017-01-01;679
Odrzywół;2017-01-01;256
Ogrodzieniec;2017-01-01;892
Opoczno;2017-01-01;2308
Paradyż;2017-01-01;209
Pilica;2017-01-01;633
Piotrków Trybunalski;2017-01-01;7095
Poświętne;2017-01-01;179
Promna;2017-01-01;380
Przedbórz;2017-01-01;549
Przysucha;2017-01-01;905
Radoszyce;2017-01-01;-
Radzanów;2017-01-01;172
Ręczno;2017-01-01;196
Rokiciny;2017-01-01;448
Rozprza;2017-01-01;546
Ruda Maleniecka;2017-01-01;158
Rusinów;2017-01-01;261
Rzeczyca;2017-01-01;227
Sadkowice;2017-01-01;206
Secemin;2017-01-01;236
Sławno;2017-01-01;328
Słupia;2017-01-01;171
Słupia Konecka;2017-01-01;182
Smyków;2017-01-01;275
Stąporków;2017-01-01;1168
Stromiec;2017-01-01;354
Sulejów;2017-01-01;1310
Szczekociny;2017-01-01;652
Tomaszów Mazowiecki miasto;2017-01-01;5097
Tomaszów Mazowiecki wiejski;2017-01-01;943
Tuszyn;2017-01-01;1462
Ujazd;2017-01-01;597
Warka;2017-01-01;1562
Wielgomłyny;2017-01-01;257
Włodowice;2017-01-01;408
Włoszczowa;2017-01-01;1455
Wola Krzysztoporska;2017-01-01;643
Wolbórz;2017-01-01;515
Wolbrom;2017-01-01;2317
Wyśmierzyce;2017-01-01;180
Zagnańsk;2017-01-01;1046
Zawiercie;2017-01-01;4660
Żarnowiec;2017-01-01;275
Żarnów;2017-01-01;303
Żytno;2017-01-01;214
Aleksandrów;2018-01-01;230
Andrespol;2018-01-01;1547
Belsk Duży;2018-01-01;463
Będków;2018-01-01;212
Białaczów;2018-01-01;216
Białobrzegi;2018-01-01;1211
Bliżyn;2018-01-01;601
Błędów;2018-01-01;540
Brójce;2018-01-01;639
Budziszewice;2018-01-01;191
Charsznica;2018-01-01;500
Czarnocin;2018-01-01;339
Czerniewice;2018-01-01;325
Drzewica;2018-01-01;574
Fałków;2018-01-01;209
Gielniów;2018-01-01;262
Głowaczów;2018-01-01;380
Gorzkowice;2018-01-01;475
Goszczyn;2018-01-01;193
Gowarczów;2018-01-01;325
Grabica;2018-01-01;484
Grabów nad Pilicą;2018-01-01;212
Inowłódz;2018-01-01;299
Irządze;2018-01-01;153
Kluczewsko;2018-01-01;400
Klwów;2018-01-01;157
Kobiele Wielkie;2018-01-01;344
Kodrąb;2018-01-01;284
Koluszki;2018-01-01;2100
Koniecpol;2018-01-01;627
Końskie;2018-01-01;3442
Kozłów;2018-01-01;256
Krasocin;2018-01-01;1038
Kroczyce;2018-01-01;430
Lelów;2018-01-01;306
Lubochnia;2018-01-01;521
Łęki Szlacheckie;2018-01-01;154
Łopuszno;2018-01-01;693
Magnuszew;2018-01-01;365
Masłowice;2018-01-01;196
Mniów;2018-01-01;613
Mniszków;2018-01-01;284
Mogielnica;2018-01-01;508
Moskorzew;2018-01-01;147
Moszczenica;2018-01-01;809
Niegowa;2018-01-01;492
Nowe Miasto nad Pilicą;2018-01-01;536
Nowosolna;2018-01-01;724
Odrzywół;2018-01-01;264
Ogrodzieniec;2018-01-01;892
Opoczno;2018-01-01;2338
Paradyż;2018-01-01;223
Pilica;2018-01-01;646
Piotrków Trybunalski;2018-01-01;7054
Poświętne;2018-01-01;183
Promna;2018-01-01;402
Przedbórz;2018-01-01;561
Przysucha;2018-01-01;902
Radoszyce;2018-01-01;614
Radzanów;2018-01-01;177
Ręczno;2018-01-01;208
Rokiciny;2018-01-01;463
Rozprza;2018-01-01;581
Ruda Maleniecka;2018-01-01;168
Rusinów;2018-01-01;272
Rzeczyca;2018-01-01;233
Sadkowice;2018-01-01;222
Secemin;2018-01-01;249
Sławno;2018-01-01;337
Słupia;2018-01-01;183
Słupia Konecka;2018-01-01;188
Smyków;2018-01-01;310
Stąporków;2018-01-01;1193
Stromiec;2018-01-01;332
Sulejów;2018-01-01;1365
Szczekociny;2018-01-01;672
Tomaszów Mazowiecki miasto;2018-01-01;5115
Tomaszów Mazowiecki wiejski;2018-01-01;962
Tuszyn;2018-01-01;1496
Ujazd;2018-01-01;599
Warka;2018-01-01;1575
Wielgomłyny;2018-01-01;263
Włodowice;2018-01-01;430
Włoszczowa;2018-01-01;1480
Wola Krzysztoporska;2018-01-01;713
Wolbórz;2018-01-01;555
Wolbrom;2018-01-01;2386
Wyśmierzyce;2018-01-01;183
Zagnańsk;2018-01-01;1074
Zawiercie;2018-01-01;4650
Żarnowiec;2018-01-01;280
Żarnów;2018-01-01;310
Żytno;2018-01-01;224
Aleksandrów;2019-01-01;236
Andrespol;2019-01-01;1697
Belsk Duży;2019-01-01;489
Będków;2019-01-01;229
Białaczów;2019-01-01;243
Białobrzegi;2019-01-01;1227
Bliżyn;2019-01-01;594
Błędów;2019-01-01;550
Brójce;2019-01-01;694
Budziszewice;2019-01-01;196
Charsznica;2019-01-01;509
Czarnocin;2019-01-01;357
Czerniewice;2019-01-01;343
Drzewica;2019-01-01;598
Fałków;2019-01-01;219
Gielniów;2019-01-01;274
Głowaczów;2019-01-01;404
Gorzkowice;2019-01-01;492
Goszczyn;2019-01-01;193
Gowarczów;2019-01-01;338
Grabica;2019-01-01;513
Grabów nad Pilicą;2019-01-01;225
Inowłódz;2019-01-01;339
Irządze;2019-01-01;161
Kluczewsko;2019-01-01;414
Klwów;2019-01-01;168
Kobiele Wielkie;2019-01-01;361
Kodrąb;2019-01-01;311
Koluszki;2019-01-01;2106
Koniecpol;2019-01-01;661
Końskie;2019-01-01;3567
Kozłów;2019-01-01;264
Krasocin;2019-01-01;1041
Kroczyce;2019-01-01;442
Lelów;2019-01-01;313
Lubochnia;2019-01-01;542
Łęki Szlacheckie;2019-01-01;165
Łopuszno;2019-01-01;728
Magnuszew;2019-01-01;404
Masłowice;2019-01-01;212
Mniów;2019-01-01;606
Mniszków;2019-01-01;305
Mogielnica;2019-01-01;536
Moskorzew;2019-01-01;154
Moszczenica;2019-01-01;858
Niegowa;2019-01-01;498
Nowe Miasto nad Pilicą;2019-01-01;548
Nowosolna;2019-01-01;763
Odrzywół;2019-01-01;274
Ogrodzieniec;2019-01-01;919
Opoczno;2019-01-01;2444
Paradyż;2019-01-01;244
Pilica;2019-01-01;661
Piotrków Trybunalski;2019-01-01;7219
Poświętne;2019-01-01;181
Promna;2019-01-01;414
Przedbórz;2019-01-01;604
Przysucha;2019-01-01;933
Radoszyce;2019-01-01;616
Radzanów;2019-01-01;193
Ręczno;2019-01-01;212
Rokiciny;2019-01-01;466
Rozprza;2019-01-01;647
Ruda Maleniecka;2019-01-01;170
Rusinów;2019-01-01;273
Rzeczyca;2019-01-01;241
Sadkowice;2019-01-01;234
Secemin;2019-01-01;256
Sławno;2019-01-01;363
Słupia;2019-01-01;192
Słupia Konecka;2019-01-01;195
Smyków;2019-01-01;317
Stąporków;2019-01-01;1255
Stromiec;2019-01-01;347
Sulejów;2019-01-01;1443
Szczekociny;2019-01-01;681
Tomaszów Mazowiecki miasto;2019-01-01;5189
Tomaszów Mazowiecki wiejski;2019-01-01;1011
Tuszyn;2019-01-01;1540
Ujazd;2019-01-01;642
Warka;2019-01-01;1650
Wielgomłyny;2019-01-01;277
Włodowice;2019-01-01;457
Włoszczowa;2019-01-01;1509
Wola Krzysztoporska;2019-01-01;768
Wolbórz;2019-01-01;594
Wolbrom;2019-01-01;2479
Wyśmierzyce;2019-01-01;196
Zagnańsk;2019-01-01;1098
Zawiercie;2019-01-01;4757
Żarnowiec;2019-01-01;299
Żarnów;2019-01-01;319
Żytno;2019-01-01;243
Aleksandrów;2020-01-01;251
Andrespol;2020-01-01;1759
Belsk Duży;2020-01-01;516
Będków;2020-01-01;240
Białaczów;2020-01-01;250
Białobrzegi;2020-01-01;1282
Bliżyn;2020-01-01;618
Błędów;2020-01-01;560
Brójce;2020-01-01;728
Budziszewice;2020-01-01;200
Charsznica;2020-01-01;522
Czarnocin;2020-01-01;371
Czerniewice;2020-01-01;356
Drzewica;2020-01-01;624
Fałków;2020-01-01;226
Gielniów;2020-01-01;304
Głowaczów;2020-01-01;405
Gorzkowice;2020-01-01;505
Goszczyn;2020-01-01;201
Gowarczów;2020-01-01;358
Grabica;2020-01-01;523
Grabów nad Pilicą;2020-01-01;239
Inowłódz;2020-01-01;354
Irządze;2020-01-01;165
Kluczewsko;2020-01-01;426
Klwów;2020-01-01;173
Kobiele Wielkie;2020-01-01;375
Kodrąb;2020-01-01;320
Koluszki;2020-01-01;2197
Koniecpol;2020-01-01;696
Końskie;2020-01-01;3632
Kozłów;2020-01-01;281
Krasocin;2020-01-01;1080
Kroczyce;2020-01-01;458
Lelów;2020-01-01;328
Lubochnia;2020-01-01;561
Łęki Szlacheckie;2020-01-01;172
Łopuszno;2020-01-01;760
Magnuszew;2020-01-01;420
Masłowice;2020-01-01;225
Mniów;2020-01-01;630
Mniszków;2020-01-01;325
Mogielnica;2020-01-01;552
Moskorzew;2020-01-01;164
Moszczenica;2020-01-01;884
Niegowa;2020-01-01;522
Nowe Miasto nad Pilicą;2020-01-01;546
Nowosolna;2020-01-01;810
Odrzywół;2020-01-01;293
Ogrodzieniec;2020-01-01;936
Opoczno;2020-01-01;2525
Paradyż;2020-01-01;264
Pilica;2020-01-01;677
Piotrków Trybunalski;2020-01-01;7314
Poświętne;2020-01-01;189
Promna;2020-01-01;433
Przedbórz;2020-01-01;619
Przysucha;2020-01-01;952
Radoszyce;2020-01-01;637
Radzanów;2020-01-01;196
Ręczno;2020-01-01;221
Rokiciny;2020-01-01;467
Rozprza;2020-01-01;691
Ruda Maleniecka;2020-01-01;191
Rusinów;2020-01-01;290
Rzeczyca;2020-01-01;252
Sadkowice;2020-01-01;240
Secemin;2020-01-01;271
Sławno;2020-01-01;390
Słupia;2020-01-01;201
Słupia Konecka;2020-01-01;208
Smyków;2020-01-01;337
Stąporków;2020-01-01;1308
Stromiec;2020-01-01;363
Sulejów;2020-01-01;1508
Szczekociny;2020-01-01;700
Tomaszów Mazowiecki miasto;2020-01-01;5379
Tomaszów Mazowiecki wiejski;2020-01-01;1062
Tuszyn;2020-01-01;1586
Ujazd;2020-01-01;657
Warka;2020-01-01;1726
Wielgomłyny;2020-01-01;282
Włodowice;2020-01-01;472
Włoszczowa;2020-01-01;1576
Wola Krzysztoporska;2020-01-01;807
Wolbórz;2020-01-01;616
Wolbrom;2020-01-01;2545
Wyśmierzyce;2020-01-01;201
Zagnańsk;2020-01-01;1133
Zawiercie;2020-01-01;4857
Żarnowiec;2020-01-01;311
Żarnów;2020-01-01;331
Żytno;2020-01-01;258
Aleksandrów;2021-01-01;260
Andrespol;2021-01-01;1848
Belsk Duży;2021-01-01;535
Będków;2021-01-01;250
Białaczów;2021-01-01;265
Białobrzegi;2021-01-01;1307
Bliżyn;2021-01-01;650
Błędów;2021-01-01;593
Brójce;2021-01-01;743
Budziszewice;2021-01-01;199
Charsznica;2021-01-01;534
Czarnocin;2021-01-01;379
Czerniewice;2021-01-01;364
Drzewica;2021-01-01;658
Fałków;2021-01-01;230
Gielniów;2021-01-01;308
Głowaczów;2021-01-01;437
Gorzkowice;2021-01-01;533
Goszczyn;2021-01-01;201
Gowarczów;2021-01-01;371
Grabica;2021-01-01;550
Grabów nad Pilicą;2021-01-01;260
Inowłódz;2021-01-01;360
Irządze;2021-01-01;183
Kluczewsko;2021-01-01;448
Klwów;2021-01-01;179
Kobiele Wielkie;2021-01-01;391
Kodrąb;2021-01-01;335
Koluszki;2021-01-01;2251
Koniecpol;2021-01-01;718
Końskie;2021-01-01;3739
Kozłów;2021-01-01;300
Krasocin;2021-01-01;1119
Kroczyce;2021-01-01;487
Lelów;2021-01-01;341
Lubochnia;2021-01-01;573
Łęki Szlacheckie;2021-01-01;180
Łopuszno;2021-01-01;812
Magnuszew;2021-01-01;457
Masłowice;2021-01-01;238
Mniów;2021-01-01;709
Mniszków;2021-01-01;334
Mogielnica;2021-01-01;580
Moskorzew;2021-01-01;169
Moszczenica;2021-01-01;947
Niegowa;2021-01-01;544
Nowe Miasto nad Pilicą;2021-01-01;563
Nowosolna;2021-01-01;876
Odrzywół;2021-01-01;288
Ogrodzieniec;2021-01-01;951
Opoczno;2021-01-01;2577
Paradyż;2021-01-01;262
Pilica;2021-01-01;701
Piotrków Trybunalski;2021-01-01;7471
Poświętne;2021-01-01;190
Promna;2021-01-01;449
Przedbórz;2021-01-01;623
Przysucha;2021-01-01;962
Radoszyce;2021-01-01;655
Radzanów;2021-01-01;202
Ręczno;2021-01-01;223
Rokiciny;2021-01-01;492
Rozprza;2021-01-01;728
Ruda Maleniecka;2021-01-01;197
Rusinów;2021-01-01;312
Rzeczyca;2021-01-01;269
Sadkowice;2021-01-01;249
Secemin;2021-01-01;286
Sławno;2021-01-01;412
Słupia;2021-01-01;208
Słupia Konecka;2021-01-01;217
Smyków;2021-01-01;349
Stąporków;2021-01-01;1355
Stromiec;2021-01-01;388
Sulejów;2021-01-01;1579
Szczekociny;2021-01-01;708
Tomaszów Mazowiecki miasto;2021-01-01;5493
Tomaszów Mazowiecki wiejski;2021-01-01;1114
Tuszyn;2021-01-01;1654
Ujazd;2021-01-01;677
Warka;2021-01-01;1819
Wielgomłyny;2021-01-01;305
Włodowice;2021-01-01;503
Włoszczowa;2021-01-01;1618
Wola Krzysztoporska;2021-01-01;850
Wolbórz;2021-01-01;649
Wolbrom;2021-01-01;2578
Wyśmierzyce;2021-01-01;206
Zagnańsk;2021-01-01;1203
Zawiercie;2021-01-01;4979
Żarnowiec;2021-01-01;318
Żarnów;2021-01-01;344
Żytno;2021-01-01;269
Aleksandrów;2022-01-01;274
Andrespol;2022-01-01;1932
Belsk Duży;2022-01-01;562
Będków;2022-01-01;272
Białaczów;2022-01-01;297
Białobrzegi;2022-01-01;1319
Bliżyn;2022-01-01;666
Błędów;2022-01-01;608
Brójce;2022-01-01;802
Budziszewice;2022-01-01;212
Charsznica;2022-01-01;551
Czarnocin;2022-01-01;385
Czerniewice;2022-01-01;392
Drzewica;2022-01-01;687
Fałków;2022-01-01;239
Gielniów;2022-01-01;318
Głowaczów;2022-01-01;439
Gorzkowice;2022-01-01;549
Goszczyn;2022-01-01;210
Gowarczów;2022-01-01;412
Grabica;2022-01-01;583
Grabów nad Pilicą;2022-01-01;282
Inowłódz;2022-01-01;365
Irządze;2022-01-01;195
Kluczewsko;2022-01-01;459
Klwów;2022-01-01;189
Kobiele Wielkie;2022-01-01;406
Kodrąb;2022-01-01;347
Koluszki;2022-01-01;2309
Koniecpol;2022-01-01;733
Końskie;2022-01-01;3863
Kozłów;2022-01-01;314
Krasocin;2022-01-01;1145
Kroczyce;2022-01-01;497
Lelów;2022-01-01;357
Lubochnia;2022-01-01;600
Łęki Szlacheckie;2022-01-01;187
Łopuszno;2022-01-01;851
Magnuszew;2022-01-01;481
Masłowice;2022-01-01;260
Mniów;2022-01-01;752
Mniszków;2022-01-01;356
Mogielnica;2022-01-01;603
Moskorzew;2022-01-01;179
Moszczenica;2022-01-01;999
Niegowa;2022-01-01;572
Nowe Miasto nad Pilicą;2022-01-01;565
Nowosolna;2022-01-01;923
Odrzywół;2022-01-01;298
Ogrodzieniec;2022-01-01;977
Opoczno;2022-01-01;2649
Paradyż;2022-01-01;289
Pilica;2022-01-01;710
Piotrków Trybunalski;2022-01-01;7518
Poświętne;2022-01-01;201
Promna;2022-01-01;473
Przedbórz;2022-01-01;645
Przysucha;2022-01-01;994
Radoszyce;2022-01-01;668
Radzanów;2022-01-01;209
Ręczno;2022-01-01;224
Rokiciny;2022-01-01;519
Rozprza;2022-01-01;774
Ruda Maleniecka;2022-01-01;217
Rusinów;2022-01-01;315
Rzeczyca;2022-01-01;302
Sadkowice;2022-01-01;258
Secemin;2022-01-01;308
Sławno;2022-01-01;435
Słupia;2022-01-01;213
Słupia Konecka;2022-01-01;224
Smyków;2022-01-01;381
Stąporków;2022-01-01;1367
Stromiec;2022-01-01;391
Sulejów;2022-01-01;1665
Szczekociny;2022-01-01;717
Tomaszów Mazowiecki miasto;2022-01-01;5575
Tomaszów Mazowiecki wiejski;2022-01-01;1176
Tuszyn;2022-01-01;1722
Ujazd;2022-01-01;709
Warka;2022-01-01;1909
Wielgomłyny;2022-01-01;309
Włodowice;2022-01-01;525
Włoszczowa;2022-01-01;1681
Wola Krzysztoporska;2022-01-01;864
Wolbórz;2022-01-01;669
Wolbrom;2022-01-01;2644
Wyśmierzyce;2022-01-01;212
Zagnańsk;2022-01-01;1241
Zawiercie;2022-01-01;5020
Żarnowiec;2022-01-01;329
Żarnów;2022-01-01;375
Żytno;2022-01-01;273
