gmina_name,date,value
Aleksandrów,1995-01-01,
Andrespol,1995-01-01,
Belsk Duży,1995-01-01,
Będków,1995-01-01,
Białaczów,1995-01-01,
Białobrzegi,1995-01-01,
Bliżyn,1995-01-01,
Błędów,1995-01-01,
Brójce,1995-01-01,
Budziszewice,1995-01-01,
Charsznica,1995-01-01,
Czarnocin,1995-01-01,
Czerniewice,1995-01-01,
Drzewica,1995-01-01,
Fałków,1995-01-01,
Gielniów,1995-01-01,
Głowaczów,1995-01-01,
Gorzkowice,1995-01-01,
Goszczyn,1995-01-01,
Gowarczów,1995-01-01,
Grabica,1995-01-01,
Grabów nad Pilicą,1995-01-01,
Inowłódz,1995-01-01,
Irządze,1995-01-01,
Kluczewsko,1995-01-01,
Klwów,1995-01-01,
Kobiele Wielkie,1995-01-01,
Kodrąb,1995-01-01,
Koluszki,1995-01-01,
Koniecpol,1995-01-01,
Końskie,1995-01-01,
Kozłów,1995-01-01,
Krasocin,1995-01-01,
Kroczyce,1995-01-01,
Lelów,1995-01-01,
Lubochnia,1995-01-01,
Łęki Szlacheckie,1995-01-01,
Łopuszno,1995-01-01,
Magnuszew,1995-01-01,
Masłowice,1995-01-01,
Mniów,1995-01-01,
Mniszków,1995-01-01,
Mogielnica,1995-01-01,
Moskorzew,1995-01-01,
Moszczenica,1995-01-01,
Niegowa,1995-01-01,
Nowe Miasto nad Pilicą,1995-01-01,
Nowosolna,1995-01-01,
Odrzywół,1995-01-01,
Ogrodzieniec,1995-01-01,
Opoczno,1995-01-01,
Paradyż,1995-01-01,
Pilica,1995-01-01,
Piotrków Trybunalski,1995-01-01,
Poświętne,1995-01-01,
Promna,1995-01-01,
Przedbórz,1995-01-01,
Przysucha,1995-01-01,
Radoszyce,1995-01-01,
Radzanów,1995-01-01,
Ręczno,1995-01-01,
Rokiciny,1995-01-01,
Rozprza,1995-01-01,
Ruda Maleniecka,1995-01-01,
Rusinów,1995-01-01,
Rzeczyca,1995-01-01,
Sadkowice,1995-01-01,
Secemin,1995-01-01,
Sławno,1995-01-01,
Słupia,1995-01-01,
Słupia Konecka,1995-01-01,
Smyków,1995-01-01,
Stąporków,1995-01-01,
Stromiec,1995-01-01,
Sulejów,1995-01-01,
Szczekociny,1995-01-01,
Tomaszów Mazowiecki miasto,1995-01-01,
Tomaszów Mazowiecki wiejski,1995-01-01,
Tuszyn,1995-01-01,
Ujazd,1995-01-01,
Warka,1995-01-01,
Wielgomłyny,1995-01-01,
Włodowice,1995-01-01,
Włoszczowa,1995-01-01,
Wola Krzysztoporska,1995-01-01,
Wolbórz,1995-01-01,
Wolbrom,1995-01-01,
Wyśmierzyce,1995-01-01,
Zagnańsk,1995-01-01,
Zawiercie,1995-01-01,
Żarnowiec,1995-01-01,
Żarnów,1995-01-01,
Żytno,1995-01-01,
Aleksandrów,1996-01-01,
Andrespol,1996-01-01,
Belsk Duży,1996-01-01,
Będków,1996-01-01,
Białaczów,1996-01-01,
Białobrzegi,1996-01-01,
Bliżyn,1996-01-01,
Błędów,1996-01-01,
Brójce,1996-01-01,
Budziszewice,1996-01-01,
Charsznica,1996-01-01,
Czarnocin,1996-01-01,
Czerniewice,1996-01-01,
Drzewica,1996-01-01,
Fałków,1996-01-01,
Gielniów,1996-01-01,
Głowaczów,1996-01-01,
Gorzkowice,1996-01-01,
Goszczyn,1996-01-01,
Gowarczów,1996-01-01,
Grabica,1996-01-01,
Grabów nad Pilicą,1996-01-01,
Inowłódz,1996-01-01,
Irządze,1996-01-01,
Kluczewsko,1996-01-01,
Klwów,1996-01-01,
Kobiele Wielkie,1996-01-01,
Kodrąb,1996-01-01,
Koluszki,1996-01-01,
Koniecpol,1996-01-01,
Końskie,1996-01-01,
Kozłów,1996-01-01,
Krasocin,1996-01-01,
Kroczyce,1996-01-01,
Lelów,1996-01-01,
Lubochnia,1996-01-01,
Łęki Szlacheckie,1996-01-01,
Łopuszno,1996-01-01,
Magnuszew,1996-01-01,
Masłowice,1996-01-01,
Mniów,1996-01-01,
Mniszków,1996-01-01,
Mogielnica,1996-01-01,
Moskorzew,1996-01-01,
Moszczenica,1996-01-01,
Niegowa,1996-01-01,
Nowe Miasto nad Pilicą,1996-01-01,
Nowosolna,1996-01-01,
Odrzywół,1996-01-01,
Ogrodzieniec,1996-01-01,
Opoczno,1996-01-01,
Paradyż,1996-01-01,
Pilica,1996-01-01,
Piotrków Trybunalski,1996-01-01,
Poświętne,1996-01-01,
Promna,1996-01-01,
Przedbórz,1996-01-01,
Przysucha,1996-01-01,
Radoszyce,1996-01-01,
Radzanów,1996-01-01,
Ręczno,1996-01-01,
Rokiciny,1996-01-01,
Rozprza,1996-01-01,
Ruda Maleniecka,1996-01-01,
Rusinów,1996-01-01,
Rzeczyca,1996-01-01,
Sadkowice,1996-01-01,
Secemin,1996-01-01,
Sławno,1996-01-01,
Słupia,1996-01-01,
Słupia Konecka,1996-01-01,
Smyków,1996-01-01,
Stąporków,1996-01-01,
Stromiec,1996-01-01,
Sulejów,1996-01-01,
Szczekociny,1996-01-01,
Tomaszów Mazowiecki miasto,1996-01-01,
Tomaszów Mazowiecki wiejski,1996-01-01,
Tuszyn,1996-01-01,
Ujazd,1996-01-01,
Warka,1996-01-01,
Wielgomłyny,1996-01-01,
Włodowice,1996-01-01,
Włoszczowa,1996-01-01,
Wola Krzysztoporska,1996-01-01,
Wolbórz,1996-01-01,
Wolbrom,1996-01-01,
Wyśmierzyce,1996-01-01,
Zagnańsk,1996-01-01,
Zawiercie,1996-01-01,
Żarnowiec,1996-01-01,
Żarnów,1996-01-01,
Żytno,1996-01-01,
Aleksandrów,1997-01-01,
Andrespol,1997-01-01,
Belsk Duży,1997-01-01,
Będków,1997-01-01,
Białaczów,1997-01-01,
Białobrzegi,1997-01-01,
Bliżyn,1997-01-01,
Błędów,1997-01-01,
Brójce,1997-01-01,
Budziszewice,1997-01-01,
Charsznica,1997-01-01,
Czarnocin,1997-01-01,
Czerniewice,1997-01-01,
Drzewica,1997-01-01,
Fałków,1997-01-01,
Gielniów,1997-01-01,
Głowaczów,1997-01-01,
Gorzkowice,1997-01-01,
Goszczyn,1997-01-01,
Gowarczów,1997-01-01,
Grabica,1997-01-01,
Grabów nad Pilicą,1997-01-01,
Inowłódz,1997-01-01,
Irządze,1997-01-01,
Kluczewsko,1997-01-01,
Klwów,1997-01-01,
Kobiele Wielkie,1997-01-01,
Kodrąb,1997-01-01,
Koluszki,1997-01-01,
Koniecpol,1997-01-01,
Końskie,1997-01-01,
Kozłów,1997-01-01,
Krasocin,1997-01-01,
Kroczyce,1997-01-01,
Lelów,1997-01-01,
Lubochnia,1997-01-01,
Łęki Szlacheckie,1997-01-01,
Łopuszno,1997-01-01,
Magnuszew,1997-01-01,
Masłowice,1997-01-01,
Mniów,1997-01-01,
Mniszków,1997-01-01,
Mogielnica,1997-01-01,
Moskorzew,1997-01-01,
Moszczenica,1997-01-01,
Niegowa,1997-01-01,
Nowe Miasto nad Pilicą,1997-01-01,
Nowosolna,1997-01-01,
Odrzywół,1997-01-01,
Ogrodzieniec,1997-01-01,
Opoczno,1997-01-01,
Paradyż,1997-01-01,
Pilica,1997-01-01,
Piotrków Trybunalski,1997-01-01,
Poświętne,1997-01-01,
Promna,1997-01-01,
Przedbórz,1997-01-01,
Przysucha,1997-01-01,
Radoszyce,1997-01-01,
Radzanów,1997-01-01,
Ręczno,1997-01-01,
Rokiciny,1997-01-01,
Rozprza,1997-01-01,
Ruda Maleniecka,1997-01-01,
Rusinów,1997-01-01,
Rzeczyca,1997-01-01,
Sadkowice,1997-01-01,
Secemin,1997-01-01,
Sławno,1997-01-01,
Słupia,1997-01-01,
Słupia Konecka,1997-01-01,
Smyków,1997-01-01,
Stąporków,1997-01-01,
Stromiec,1997-01-01,
Sulejów,1997-01-01,
Szczekociny,1997-01-01,
Tomaszów Mazowiecki miasto,1997-01-01,
Tomaszów Mazowiecki wiejski,1997-01-01,
Tuszyn,1997-01-01,
Ujazd,1997-01-01,
Warka,1997-01-01,
Wielgomłyny,1997-01-01,
Włodowice,1997-01-01,
Włoszczowa,1997-01-01,
Wola Krzysztoporska,1997-01-01,
Wolbórz,1997-01-01,
Wolbrom,1997-01-01,
Wyśmierzyce,1997-01-01,
Zagnańsk,1997-01-01,
Zawiercie,1997-01-01,
Żarnowiec,1997-01-01,
Żarnów,1997-01-01,
Żytno,1997-01-01,
Aleksandrów,1998-01-01,
Andrespol,1998-01-01,
Belsk Duży,1998-01-01,
Będków,1998-01-01,
Białaczów,1998-01-01,
Białobrzegi,1998-01-01,
Bliżyn,1998-01-01,
Błędów,1998-01-01,
Brójce,1998-01-01,
Budziszewice,1998-01-01,
Charsznica,1998-01-01,
Czarnocin,1998-01-01,
Czerniewice,1998-01-01,
Drzewica,1998-01-01,
Fałków,1998-01-01,
Gielniów,1998-01-01,
Głowaczów,1998-01-01,
Gorzkowice,1998-01-01,
Goszczyn,1998-01-01,
Gowarczów,1998-01-01,
Grabica,1998-01-01,
Grabów nad Pilicą,1998-01-01,
Inowłódz,1998-01-01,
Irządze,1998-01-01,
Kluczewsko,1998-01-01,
Klwów,1998-01-01,
Kobiele Wielkie,1998-01-01,
Kodrąb,1998-01-01,
Koluszki,1998-01-01,
Koniecpol,1998-01-01,
Końskie,1998-01-01,
Kozłów,1998-01-01,
Krasocin,1998-01-01,
Kroczyce,1998-01-01,
Lelów,1998-01-01,
Lubochnia,1998-01-01,
Łęki Szlacheckie,1998-01-01,
Łopuszno,1998-01-01,
Magnuszew,1998-01-01,
Masłowice,1998-01-01,
Mniów,1998-01-01,
Mniszków,1998-01-01,
Mogielnica,1998-01-01,
Moskorzew,1998-01-01,
Moszczenica,1998-01-01,
Niegowa,1998-01-01,
Nowe Miasto nad Pilicą,1998-01-01,
Nowosolna,1998-01-01,
Odrzywół,1998-01-01,
Ogrodzieniec,1998-01-01,
Opoczno,1998-01-01,
Paradyż,1998-01-01,
Pilica,1998-01-01,
Piotrków Trybunalski,1998-01-01,
Poświętne,1998-01-01,
Promna,1998-01-01,
Przedbórz,1998-01-01,
Przysucha,1998-01-01,
Radoszyce,1998-01-01,
Radzanów,1998-01-01,
Ręczno,1998-01-01,
Rokiciny,1998-01-01,
Rozprza,1998-01-01,
Ruda Maleniecka,1998-01-01,
Rusinów,1998-01-01,
Rzeczyca,1998-01-01,
Sadkowice,1998-01-01,
Secemin,1998-01-01,
Sławno,1998-01-01,
Słupia,1998-01-01,
Słupia Konecka,1998-01-01,
Smyków,1998-01-01,
Stąporków,1998-01-01,
Stromiec,1998-01-01,
Sulejów,1998-01-01,
Szczekociny,1998-01-01,
Tomaszów Mazowiecki miasto,1998-01-01,
Tomaszów Mazowiecki wiejski,1998-01-01,
Tuszyn,1998-01-01,
Ujazd,1998-01-01,
Warka,1998-01-01,
Wielgomłyny,1998-01-01,
Włodowice,1998-01-01,
Włoszczowa,1998-01-01,
Wola Krzysztoporska,1998-01-01,
Wolbórz,1998-01-01,
Wolbrom,1998-01-01,
Wyśmierzyce,1998-01-01,
Zagnańsk,1998-01-01,
Zawiercie,1998-01-01,
Żarnowiec,1998-01-01,
Żarnów,1998-01-01,
Żytno,1998-01-01,
Aleksandrów,1999-01-01,
Andrespol,1999-01-01,
Belsk Duży,1999-01-01,
Będków,1999-01-01,
Białaczów,1999-01-01,
Białobrzegi,1999-01-01,
Bliżyn,1999-01-01,
Błędów,1999-01-01,
Brójce,1999-01-01,
Budziszewice,1999-01-01,
Charsznica,1999-01-01,
Czarnocin,1999-01-01,
Czerniewice,1999-01-01,
Drzewica,1999-01-01,
Fałków,1999-01-01,
Gielniów,1999-01-01,
Głowaczów,1999-01-01,
Gorzkowice,1999-01-01,
Goszczyn,1999-01-01,
Gowarczów,1999-01-01,
Grabica,1999-01-01,
Grabów nad Pilicą,1999-01-01,
Inowłódz,1999-01-01,
Irządze,1999-01-01,
Kluczewsko,1999-01-01,
Klwów,1999-01-01,
Kobiele Wielkie,1999-01-01,
Kodrąb,1999-01-01,
Koluszki,1999-01-01,
Koniecpol,1999-01-01,
Końskie,1999-01-01,
Kozłów,1999-01-01,
Krasocin,1999-01-01,
Kroczyce,1999-01-01,
Lelów,1999-01-01,
Lubochnia,1999-01-01,
Łęki Szlacheckie,1999-01-01,
Łopuszno,1999-01-01,
Magnuszew,1999-01-01,
Masłowice,1999-01-01,
Mniów,1999-01-01,
Mniszków,1999-01-01,
Mogielnica,1999-01-01,
Moskorzew,1999-01-01,
Moszczenica,1999-01-01,
Niegowa,1999-01-01,
Nowe Miasto nad Pilicą,1999-01-01,
Nowosolna,1999-01-01,
Odrzywół,1999-01-01,
Ogrodzieniec,1999-01-01,
Opoczno,1999-01-01,
Paradyż,1999-01-01,
Pilica,1999-01-01,
Piotrków Trybunalski,1999-01-01,
Poświętne,1999-01-01,
Promna,1999-01-01,
Przedbórz,1999-01-01,
Przysucha,1999-01-01,
Radoszyce,1999-01-01,
Radzanów,1999-01-01,
Ręczno,1999-01-01,
Rokiciny,1999-01-01,
Rozprza,1999-01-01,
Ruda Maleniecka,1999-01-01,
Rusinów,1999-01-01,
Rzeczyca,1999-01-01,
Sadkowice,1999-01-01,
Secemin,1999-01-01,
Sławno,1999-01-01,
Słupia,1999-01-01,
Słupia Konecka,1999-01-01,
Smyków,1999-01-01,
Stąporków,1999-01-01,
Stromiec,1999-01-01,
Sulejów,1999-01-01,
Szczekociny,1999-01-01,
Tomaszów Mazowiecki miasto,1999-01-01,
Tomaszów Mazowiecki wiejski,1999-01-01,
Tuszyn,1999-01-01,
Ujazd,1999-01-01,
Warka,1999-01-01,
Wielgomłyny,1999-01-01,
Włodowice,1999-01-01,
Włoszczowa,1999-01-01,
Wola Krzysztoporska,1999-01-01,
Wolbórz,1999-01-01,
Wolbrom,1999-01-01,
Wyśmierzyce,1999-01-01,
Zagnańsk,1999-01-01,
Zawiercie,1999-01-01,
Żarnowiec,1999-01-01,
Żarnów,1999-01-01,
Żytno,1999-01-01,
Aleksandrów,2000-01-01,
Andrespol,2000-01-01,
Belsk Duży,2000-01-01,
Będków,2000-01-01,
Białaczów,2000-01-01,
Białobrzegi,2000-01-01,
Bliżyn,2000-01-01,
Błędów,2000-01-01,
Brójce,2000-01-01,
Budziszewice,2000-01-01,
Charsznica,2000-01-01,
Czarnocin,2000-01-01,
Czerniewice,2000-01-01,
Drzewica,2000-01-01,
Fałków,2000-01-01,
Gielniów,2000-01-01,
Głowaczów,2000-01-01,
Gorzkowice,2000-01-01,
Goszczyn,2000-01-01,
Gowarczów,2000-01-01,
Grabica,2000-01-01,
Grabów nad Pilicą,2000-01-01,
Inowłódz,2000-01-01,
Irządze,2000-01-01,
Kluczewsko,2000-01-01,
Klwów,2000-01-01,
Kobiele Wielkie,2000-01-01,
Kodrąb,2000-01-01,
Koluszki,2000-01-01,
Koniecpol,2000-01-01,
Końskie,2000-01-01,
Kozłów,2000-01-01,
Krasocin,2000-01-01,
Kroczyce,2000-01-01,
Lelów,2000-01-01,
Lubochnia,2000-01-01,
Łęki Szlacheckie,2000-01-01,
Łopuszno,2000-01-01,
Magnuszew,2000-01-01,
Masłowice,2000-01-01,
Mniów,2000-01-01,
Mniszków,2000-01-01,
Mogielnica,2000-01-01,
Moskorzew,2000-01-01,
Moszczenica,2000-01-01,
Niegowa,2000-01-01,
Nowe Miasto nad Pilicą,2000-01-01,
Nowosolna,2000-01-01,
Odrzywół,2000-01-01,
Ogrodzieniec,2000-01-01,
Opoczno,2000-01-01,
Paradyż,2000-01-01,
Pilica,2000-01-01,
Piotrków Trybunalski,2000-01-01,
Poświętne,2000-01-01,
Promna,2000-01-01,
Przedbórz,2000-01-01,
Przysucha,2000-01-01,
Radoszyce,2000-01-01,
Radzanów,2000-01-01,
Ręczno,2000-01-01,
Rokiciny,2000-01-01,
Rozprza,2000-01-01,
Ruda Maleniecka,2000-01-01,
Rusinów,2000-01-01,
Rzeczyca,2000-01-01,
Sadkowice,2000-01-01,
Secemin,2000-01-01,
Sławno,2000-01-01,
Słupia,2000-01-01,
Słupia Konecka,2000-01-01,
Smyków,2000-01-01,
Stąporków,2000-01-01,
Stromiec,2000-01-01,
Sulejów,2000-01-01,
Szczekociny,2000-01-01,
Tomaszów Mazowiecki miasto,2000-01-01,
Tomaszów Mazowiecki wiejski,2000-01-01,
Tuszyn,2000-01-01,
Ujazd,2000-01-01,
Warka,2000-01-01,
Wielgomłyny,2000-01-01,
Włodowice,2000-01-01,
Włoszczowa,2000-01-01,
Wola Krzysztoporska,2000-01-01,
Wolbórz,2000-01-01,
Wolbrom,2000-01-01,
Wyśmierzyce,2000-01-01,
Zagnańsk,2000-01-01,
Zawiercie,2000-01-01,
Żarnowiec,2000-01-01,
Żarnów,2000-01-01,
Żytno,2000-01-01,
Aleksandrów,2001-01-01,
Andrespol,2001-01-01,
Belsk Duży,2001-01-01,
Będków,2001-01-01,
Białaczów,2001-01-01,
Białobrzegi,2001-01-01,
Bliżyn,2001-01-01,
Błędów,2001-01-01,
Brójce,2001-01-01,
Budziszewice,2001-01-01,
Charsznica,2001-01-01,
Czarnocin,2001-01-01,
Czerniewice,2001-01-01,
Drzewica,2001-01-01,
Fałków,2001-01-01,
Gielniów,2001-01-01,
Głowaczów,2001-01-01,
Gorzkowice,2001-01-01,
Goszczyn,2001-01-01,
Gowarczów,2001-01-01,
Grabica,2001-01-01,
Grabów nad Pilicą,2001-01-01,
Inowłódz,2001-01-01,
Irządze,2001-01-01,
Kluczewsko,2001-01-01,
Klwów,2001-01-01,
Kobiele Wielkie,2001-01-01,
Kodrąb,2001-01-01,
Koluszki,2001-01-01,
Koniecpol,2001-01-01,
Końskie,2001-01-01,
Kozłów,2001-01-01,
Krasocin,2001-01-01,
Kroczyce,2001-01-01,
Lelów,2001-01-01,
Lubochnia,2001-01-01,
Łęki Szlacheckie,2001-01-01,
Łopuszno,2001-01-01,
Magnuszew,2001-01-01,
Masłowice,2001-01-01,
Mniów,2001-01-01,
Mniszków,2001-01-01,
Mogielnica,2001-01-01,
Moskorzew,2001-01-01,
Moszczenica,2001-01-01,
Niegowa,2001-01-01,
Nowe Miasto nad Pilicą,2001-01-01,
Nowosolna,2001-01-01,
Odrzywół,2001-01-01,
Ogrodzieniec,2001-01-01,
Opoczno,2001-01-01,
Paradyż,2001-01-01,
Pilica,2001-01-01,
Piotrków Trybunalski,2001-01-01,
Poświętne,2001-01-01,
Promna,2001-01-01,
Przedbórz,2001-01-01,
Przysucha,2001-01-01,
Radoszyce,2001-01-01,
Radzanów,2001-01-01,
Ręczno,2001-01-01,
Rokiciny,2001-01-01,
Rozprza,2001-01-01,
Ruda Maleniecka,2001-01-01,
Rusinów,2001-01-01,
Rzeczyca,2001-01-01,
Sadkowice,2001-01-01,
Secemin,2001-01-01,
Sławno,2001-01-01,
Słupia,2001-01-01,
Słupia Konecka,2001-01-01,
Smyków,2001-01-01,
Stąporków,2001-01-01,
Stromiec,2001-01-01,
Sulejów,2001-01-01,
Szczekociny,2001-01-01,
Tomaszów Mazowiecki miasto,2001-01-01,
Tomaszów Mazowiecki wiejski,2001-01-01,
Tuszyn,2001-01-01,
Ujazd,2001-01-01,
Warka,2001-01-01,
Wielgomłyny,2001-01-01,
Włodowice,2001-01-01,
Włoszczowa,2001-01-01,
Wola Krzysztoporska,2001-01-01,
Wolbórz,2001-01-01,
Wolbrom,2001-01-01,
Wyśmierzyce,2001-01-01,
Zagnańsk,2001-01-01,
Zawiercie,2001-01-01,
Żarnowiec,2001-01-01,
Żarnów,2001-01-01,
Żytno,2001-01-01,
Aleksandrów,2002-01-01,
Andrespol,2002-01-01,
Belsk Duży,2002-01-01,
Będków,2002-01-01,
Białaczów,2002-01-01,
Białobrzegi,2002-01-01,
Bliżyn,2002-01-01,
Błędów,2002-01-01,
Brójce,2002-01-01,
Budziszewice,2002-01-01,
Charsznica,2002-01-01,
Czarnocin,2002-01-01,
Czerniewice,2002-01-01,
Drzewica,2002-01-01,
Fałków,2002-01-01,
Gielniów,2002-01-01,
Głowaczów,2002-01-01,
Gorzkowice,2002-01-01,
Goszczyn,2002-01-01,
Gowarczów,2002-01-01,
Grabica,2002-01-01,
Grabów nad Pilicą,2002-01-01,
Inowłódz,2002-01-01,
Irządze,2002-01-01,
Kluczewsko,2002-01-01,
Klwów,2002-01-01,
Kobiele Wielkie,2002-01-01,
Kodrąb,2002-01-01,
Koluszki,2002-01-01,
Koniecpol,2002-01-01,
Końskie,2002-01-01,
Kozłów,2002-01-01,
Krasocin,2002-01-01,
Kroczyce,2002-01-01,
Lelów,2002-01-01,
Lubochnia,2002-01-01,
Łęki Szlacheckie,2002-01-01,
Łopuszno,2002-01-01,
Magnuszew,2002-01-01,
Masłowice,2002-01-01,
Mniów,2002-01-01,
Mniszków,2002-01-01,
Mogielnica,2002-01-01,
Moskorzew,2002-01-01,
Moszczenica,2002-01-01,
Niegowa,2002-01-01,
Nowe Miasto nad Pilicą,2002-01-01,
Nowosolna,2002-01-01,
Odrzywół,2002-01-01,
Ogrodzieniec,2002-01-01,
Opoczno,2002-01-01,
Paradyż,2002-01-01,
Pilica,2002-01-01,
Piotrków Trybunalski,2002-01-01,
Poświętne,2002-01-01,
Promna,2002-01-01,
Przedbórz,2002-01-01,
Przysucha,2002-01-01,
Radoszyce,2002-01-01,
Radzanów,2002-01-01,
Ręczno,2002-01-01,
Rokiciny,2002-01-01,
Rozprza,2002-01-01,
Ruda Maleniecka,2002-01-01,
Rusinów,2002-01-01,
Rzeczyca,2002-01-01,
Sadkowice,2002-01-01,
Secemin,2002-01-01,
Sławno,2002-01-01,
Słupia,2002-01-01,
Słupia Konecka,2002-01-01,
Smyków,2002-01-01,
Stąporków,2002-01-01,
Stromiec,2002-01-01,
Sulejów,2002-01-01,
Szczekociny,2002-01-01,
Tomaszów Mazowiecki miasto,2002-01-01,
Tomaszów Mazowiecki wiejski,2002-01-01,
Tuszyn,2002-01-01,
Ujazd,2002-01-01,
Warka,2002-01-01,
Wielgomłyny,2002-01-01,
Włodowice,2002-01-01,
Włoszczowa,2002-01-01,
Wola Krzysztoporska,2002-01-01,
Wolbórz,2002-01-01,
Wolbrom,2002-01-01,
Wyśmierzyce,2002-01-01,
Zagnańsk,2002-01-01,
Zawiercie,2002-01-01,
Żarnowiec,2002-01-01,
Żarnów,2002-01-01,
Żytno,2002-01-01,
Aleksandrów,2003-01-01,
Andrespol,2003-01-01,
Belsk Duży,2003-01-01,
Będków,2003-01-01,
Białaczów,2003-01-01,
Białobrzegi,2003-01-01,
Bliżyn,2003-01-01,
Błędów,2003-01-01,
Brójce,2003-01-01,
Budziszewice,2003-01-01,
Charsznica,2003-01-01,
Czarnocin,2003-01-01,
Czerniewice,2003-01-01,
Drzewica,2003-01-01,
Fałków,2003-01-01,
Gielniów,2003-01-01,
Głowaczów,2003-01-01,
Gorzkowice,2003-01-01,
Goszczyn,2003-01-01,
Gowarczów,2003-01-01,
Grabica,2003-01-01,
Grabów nad Pilicą,2003-01-01,
Inowłódz,2003-01-01,
Irządze,2003-01-01,
Kluczewsko,2003-01-01,
Klwów,2003-01-01,
Kobiele Wielkie,2003-01-01,
Kodrąb,2003-01-01,
Koluszki,2003-01-01,
Koniecpol,2003-01-01,
Końskie,2003-01-01,
Kozłów,2003-01-01,
Krasocin,2003-01-01,
Kroczyce,2003-01-01,
Lelów,2003-01-01,
Lubochnia,2003-01-01,
Łęki Szlacheckie,2003-01-01,
Łopuszno,2003-01-01,
Magnuszew,2003-01-01,
Masłowice,2003-01-01,
Mniów,2003-01-01,
Mniszków,2003-01-01,
Mogielnica,2003-01-01,
Moskorzew,2003-01-01,
Moszczenica,2003-01-01,
Niegowa,2003-01-01,
Nowe Miasto nad Pilicą,2003-01-01,
Nowosolna,2003-01-01,
Odrzywół,2003-01-01,
Ogrodzieniec,2003-01-01,
Opoczno,2003-01-01,
Paradyż,2003-01-01,
Pilica,2003-01-01,
Piotrków Trybunalski,2003-01-01,
Poświętne,2003-01-01,
Promna,2003-01-01,
Przedbórz,2003-01-01,
Przysucha,2003-01-01,
Radoszyce,2003-01-01,
Radzanów,2003-01-01,
Ręczno,2003-01-01,
Rokiciny,2003-01-01,
Rozprza,2003-01-01,
Ruda Maleniecka,2003-01-01,
Rusinów,2003-01-01,
Rzeczyca,2003-01-01,
Sadkowice,2003-01-01,
Secemin,2003-01-01,
Sławno,2003-01-01,
Słupia,2003-01-01,
Słupia Konecka,2003-01-01,
Smyków,2003-01-01,
Stąporków,2003-01-01,
Stromiec,2003-01-01,
Sulejów,2003-01-01,
Szczekociny,2003-01-01,
Tomaszów Mazowiecki miasto,2003-01-01,
Tomaszów Mazowiecki wiejski,2003-01-01,
Tuszyn,2003-01-01,
Ujazd,2003-01-01,
Warka,2003-01-01,
Wielgomłyny,2003-01-01,
Włodowice,2003-01-01,
Włoszczowa,2003-01-01,
Wola Krzysztoporska,2003-01-01,
Wolbórz,2003-01-01,
Wolbrom,2003-01-01,
Wyśmierzyce,2003-01-01,
Zagnańsk,2003-01-01,
Zawiercie,2003-01-01,
Żarnowiec,2003-01-01,
Żarnów,2003-01-01,
Żytno,2003-01-01,
Aleksandrów,2004-01-01,
Andrespol,2004-01-01,
Belsk Duży,2004-01-01,
Będków,2004-01-01,
Białaczów,2004-01-01,
Białobrzegi,2004-01-01,
Bliżyn,2004-01-01,
Błędów,2004-01-01,
Brójce,2004-01-01,
Budziszewice,2004-01-01,
Charsznica,2004-01-01,
Czarnocin,2004-01-01,
Czerniewice,2004-01-01,
Drzewica,2004-01-01,
Fałków,2004-01-01,
Gielniów,2004-01-01,
Głowaczów,2004-01-01,
Gorzkowice,2004-01-01,
Goszczyn,2004-01-01,
Gowarczów,2004-01-01,
Grabica,2004-01-01,
Grabów nad Pilicą,2004-01-01,
Inowłódz,2004-01-01,
Irządze,2004-01-01,
Kluczewsko,2004-01-01,
Klwów,2004-01-01,
Kobiele Wielkie,2004-01-01,
Kodrąb,2004-01-01,
Koluszki,2004-01-01,
Koniecpol,2004-01-01,
Końskie,2004-01-01,
Kozłów,2004-01-01,
Krasocin,2004-01-01,
Kroczyce,2004-01-01,
Lelów,2004-01-01,
Lubochnia,2004-01-01,
Łęki Szlacheckie,2004-01-01,
Łopuszno,2004-01-01,
Magnuszew,2004-01-01,
Masłowice,2004-01-01,
Mniów,2004-01-01,
Mniszków,2004-01-01,
Mogielnica,2004-01-01,
Moskorzew,2004-01-01,
Moszczenica,2004-01-01,
Niegowa,2004-01-01,
Nowe Miasto nad Pilicą,2004-01-01,
Nowosolna,2004-01-01,
Odrzywół,2004-01-01,
Ogrodzieniec,2004-01-01,
Opoczno,2004-01-01,
Paradyż,2004-01-01,
Pilica,2004-01-01,
Piotrków Trybunalski,2004-01-01,
Poświętne,2004-01-01,
Promna,2004-01-01,
Przedbórz,2004-01-01,
Przysucha,2004-01-01,
Radoszyce,2004-01-01,
Radzanów,2004-01-01,
Ręczno,2004-01-01,
Rokiciny,2004-01-01,
Rozprza,2004-01-01,
Ruda Maleniecka,2004-01-01,
Rusinów,2004-01-01,
Rzeczyca,2004-01-01,
Sadkowice,2004-01-01,
Secemin,2004-01-01,
Sławno,2004-01-01,
Słupia,2004-01-01,
Słupia Konecka,2004-01-01,
Smyków,2004-01-01,
Stąporków,2004-01-01,
Stromiec,2004-01-01,
Sulejów,2004-01-01,
Szczekociny,2004-01-01,
Tomaszów Mazowiecki miasto,2004-01-01,
Tomaszów Mazowiecki wiejski,2004-01-01,
Tuszyn,2004-01-01,
Ujazd,2004-01-01,
Warka,2004-01-01,
Wielgomłyny,2004-01-01,
Włodowice,2004-01-01,
Włoszczowa,2004-01-01,
Wola Krzysztoporska,2004-01-01,
Wolbórz,2004-01-01,
Wolbrom,2004-01-01,
Wyśmierzyce,2004-01-01,
Zagnańsk,2004-01-01,
Zawiercie,2004-01-01,
Żarnowiec,2004-01-01,
Żarnów,2004-01-01,
Żytno,2004-01-01,
Aleksandrów,2005-01-01,
Andrespol,2005-01-01,
Belsk Duży,2005-01-01,
Będków,2005-01-01,
Białaczów,2005-01-01,
Białobrzegi,2005-01-01,
Bliżyn,2005-01-01,
Błędów,2005-01-01,
Brójce,2005-01-01,
Budziszewice,2005-01-01,
Charsznica,2005-01-01,
Czarnocin,2005-01-01,
Czerniewice,2005-01-01,
Drzewica,2005-01-01,
Fałków,2005-01-01,
Gielniów,2005-01-01,
Głowaczów,2005-01-01,
Gorzkowice,2005-01-01,
Goszczyn,2005-01-01,
Gowarczów,2005-01-01,
Grabica,2005-01-01,
Grabów nad Pilicą,2005-01-01,
Inowłódz,2005-01-01,
Irządze,2005-01-01,
Kluczewsko,2005-01-01,
Klwów,2005-01-01,
Kobiele Wielkie,2005-01-01,
Kodrąb,2005-01-01,
Koluszki,2005-01-01,
Koniecpol,2005-01-01,
Końskie,2005-01-01,
Kozłów,2005-01-01,
Krasocin,2005-01-01,
Kroczyce,2005-01-01,
Lelów,2005-01-01,
Lubochnia,2005-01-01,
Łęki Szlacheckie,2005-01-01,
Łopuszno,2005-01-01,
Magnuszew,2005-01-01,
Masłowice,2005-01-01,
Mniów,2005-01-01,
Mniszków,2005-01-01,
Mogielnica,2005-01-01,
Moskorzew,2005-01-01,
Moszczenica,2005-01-01,
Niegowa,2005-01-01,
Nowe Miasto nad Pilicą,2005-01-01,
Nowosolna,2005-01-01,
Odrzywół,2005-01-01,
Ogrodzieniec,2005-01-01,
Opoczno,2005-01-01,
Paradyż,2005-01-01,
Pilica,2005-01-01,
Piotrków Trybunalski,2005-01-01,
Poświętne,2005-01-01,
Promna,2005-01-01,
Przedbórz,2005-01-01,
Przysucha,2005-01-01,
Radoszyce,2005-01-01,
Radzanów,2005-01-01,
Ręczno,2005-01-01,
Rokiciny,2005-01-01,
Rozprza,2005-01-01,
Ruda Maleniecka,2005-01-01,
Rusinów,2005-01-01,
Rzeczyca,2005-01-01,
Sadkowice,2005-01-01,
Secemin,2005-01-01,
Sławno,2005-01-01,
Słupia,2005-01-01,
Słupia Konecka,2005-01-01,
Smyków,2005-01-01,
Stąporków,2005-01-01,
Stromiec,2005-01-01,
Sulejów,2005-01-01,
Szczekociny,2005-01-01,
Tomaszów Mazowiecki miasto,2005-01-01,
Tomaszów Mazowiecki wiejski,2005-01-01,
Tuszyn,2005-01-01,
Ujazd,2005-01-01,
Warka,2005-01-01,
Wielgomłyny,2005-01-01,
Włodowice,2005-01-01,
Włoszczowa,2005-01-01,
Wola Krzysztoporska,2005-01-01,
Wolbórz,2005-01-01,
Wolbrom,2005-01-01,
Wyśmierzyce,2005-01-01,
Zagnańsk,2005-01-01,
Zawiercie,2005-01-01,
Żarnowiec,2005-01-01,
Żarnów,2005-01-01,
Żytno,2005-01-01,
Aleksandrów,2006-01-01,
Andrespol,2006-01-01,
Belsk Duży,2006-01-01,
Będków,2006-01-01,
Białaczów,2006-01-01,
Białobrzegi,2006-01-01,
Bliżyn,2006-01-01,
Błędów,2006-01-01,
Brójce,2006-01-01,
Budziszewice,2006-01-01,
Charsznica,2006-01-01,
Czarnocin,2006-01-01,
Czerniewice,2006-01-01,
Drzewica,2006-01-01,
Fałków,2006-01-01,
Gielniów,2006-01-01,
Głowaczów,2006-01-01,
Gorzkowice,2006-01-01,
Goszczyn,2006-01-01,
Gowarczów,2006-01-01,
Grabica,2006-01-01,
Grabów nad Pilicą,2006-01-01,
Inowłódz,2006-01-01,
Irządze,2006-01-01,
Kluczewsko,2006-01-01,
Klwów,2006-01-01,
Kobiele Wielkie,2006-01-01,
Kodrąb,2006-01-01,
Koluszki,2006-01-01,
Koniecpol,2006-01-01,
Końskie,2006-01-01,
Kozłów,2006-01-01,
Krasocin,2006-01-01,
Kroczyce,2006-01-01,
Lelów,2006-01-01,
Lubochnia,2006-01-01,
Łęki Szlacheckie,2006-01-01,
Łopuszno,2006-01-01,
Magnuszew,2006-01-01,
Masłowice,2006-01-01,
Mniów,2006-01-01,
Mniszków,2006-01-01,
Mogielnica,2006-01-01,
Moskorzew,2006-01-01,
Moszczenica,2006-01-01,
Niegowa,2006-01-01,
Nowe Miasto nad Pilicą,2006-01-01,
Nowosolna,2006-01-01,
Odrzywół,2006-01-01,
Ogrodzieniec,2006-01-01,
Opoczno,2006-01-01,
Paradyż,2006-01-01,
Pilica,2006-01-01,
Piotrków Trybunalski,2006-01-01,
Poświętne,2006-01-01,
Promna,2006-01-01,
Przedbórz,2006-01-01,
Przysucha,2006-01-01,
Radoszyce,2006-01-01,
Radzanów,2006-01-01,
Ręczno,2006-01-01,
Rokiciny,2006-01-01,
Rozprza,2006-01-01,
Ruda Maleniecka,2006-01-01,
Rusinów,2006-01-01,
Rzeczyca,2006-01-01,
Sadkowice,2006-01-01,
Secemin,2006-01-01,
Sławno,2006-01-01,
Słupia,2006-01-01,
Słupia Konecka,2006-01-01,
Smyków,2006-01-01,
Stąporków,2006-01-01,
Stromiec,2006-01-01,
Sulejów,2006-01-01,
Szczekociny,2006-01-01,
Tomaszów Mazowiecki miasto,2006-01-01,
Tomaszów Mazowiecki wiejski,2006-01-01,
Tuszyn,2006-01-01,
Ujazd,2006-01-01,
Warka,2006-01-01,
Wielgomłyny,2006-01-01,
Włodowice,2006-01-01,
Włoszczowa,2006-01-01,
Wola Krzysztoporska,2006-01-01,
Wolbórz,2006-01-01,
Wolbrom,2006-01-01,
Wyśmierzyce,2006-01-01,
Zagnańsk,2006-01-01,
Zawiercie,2006-01-01,
Żarnowiec,2006-01-01,
Żarnów,2006-01-01,
Żytno,2006-01-01,
Aleksandrów,2007-01-01,
Andrespol,2007-01-01,
Belsk Duży,2007-01-01,
Będków,2007-01-01,
Białaczów,2007-01-01,
Białobrzegi,2007-01-01,
Bliżyn,2007-01-01,
Błędów,2007-01-01,
Brójce,2007-01-01,
Budziszewice,2007-01-01,
Charsznica,2007-01-01,
Czarnocin,2007-01-01,
Czerniewice,2007-01-01,
Drzewica,2007-01-01,
Fałków,2007-01-01,
Gielniów,2007-01-01,
Głowaczów,2007-01-01,
Gorzkowice,2007-01-01,
Goszczyn,2007-01-01,
Gowarczów,2007-01-01,
Grabica,2007-01-01,
Grabów nad Pilicą,2007-01-01,
Inowłódz,2007-01-01,
Irządze,2007-01-01,
Kluczewsko,2007-01-01,
Klwów,2007-01-01,
Kobiele Wielkie,2007-01-01,
Kodrąb,2007-01-01,
Koluszki,2007-01-01,
Koniecpol,2007-01-01,
Końskie,2007-01-01,
Kozłów,2007-01-01,
Krasocin,2007-01-01,
Kroczyce,2007-01-01,
Lelów,2007-01-01,
Lubochnia,2007-01-01,
Łęki Szlacheckie,2007-01-01,
Łopuszno,2007-01-01,
Magnuszew,2007-01-01,
Masłowice,2007-01-01,
Mniów,2007-01-01,
Mniszków,2007-01-01,
Mogielnica,2007-01-01,
Moskorzew,2007-01-01,
Moszczenica,2007-01-01,
Niegowa,2007-01-01,
Nowe Miasto nad Pilicą,2007-01-01,
Nowosolna,2007-01-01,
Odrzywół,2007-01-01,
Ogrodzieniec,2007-01-01,
Opoczno,2007-01-01,
Paradyż,2007-01-01,
Pilica,2007-01-01,
Piotrków Trybunalski,2007-01-01,
Poświętne,2007-01-01,
Promna,2007-01-01,
Przedbórz,2007-01-01,
Przysucha,2007-01-01,
Radoszyce,2007-01-01,
Radzanów,2007-01-01,
Ręczno,2007-01-01,
Rokiciny,2007-01-01,
Rozprza,2007-01-01,
Ruda Maleniecka,2007-01-01,
Rusinów,2007-01-01,
Rzeczyca,2007-01-01,
Sadkowice,2007-01-01,
Secemin,2007-01-01,
Sławno,2007-01-01,
Słupia,2007-01-01,
Słupia Konecka,2007-01-01,
Smyków,2007-01-01,
Stąporków,2007-01-01,
Stromiec,2007-01-01,
Sulejów,2007-01-01,
Szczekociny,2007-01-01,
Tomaszów Mazowiecki miasto,2007-01-01,
Tomaszów Mazowiecki wiejski,2007-01-01,
Tuszyn,2007-01-01,
Ujazd,2007-01-01,
Warka,2007-01-01,
Wielgomłyny,2007-01-01,
Włodowice,2007-01-01,
Włoszczowa,2007-01-01,
Wola Krzysztoporska,2007-01-01,
Wolbórz,2007-01-01,
Wolbrom,2007-01-01,
Wyśmierzyce,2007-01-01,
Zagnańsk,2007-01-01,
Zawiercie,2007-01-01,
Żarnowiec,2007-01-01,
Żarnów,2007-01-01,
Żytno,2007-01-01,
Aleksandrów,2008-01-01,
Andrespol,2008-01-01,
Belsk Duży,2008-01-01,
Będków,2008-01-01,
Białaczów,2008-01-01,
Białobrzegi,2008-01-01,
Bliżyn,2008-01-01,
Błędów,2008-01-01,
Brójce,2008-01-01,
Budziszewice,2008-01-01,
Charsznica,2008-01-01,
Czarnocin,2008-01-01,
Czerniewice,2008-01-01,
Drzewica,2008-01-01,
Fałków,2008-01-01,
Gielniów,2008-01-01,
Głowaczów,2008-01-01,
Gorzkowice,2008-01-01,
Goszczyn,2008-01-01,
Gowarczów,2008-01-01,
Grabica,2008-01-01,
Grabów nad Pilicą,2008-01-01,
Inowłódz,2008-01-01,
Irządze,2008-01-01,
Kluczewsko,2008-01-01,
Klwów,2008-01-01,
Kobiele Wielkie,2008-01-01,
Kodrąb,2008-01-01,
Koluszki,2008-01-01,
Koniecpol,2008-01-01,
Końskie,2008-01-01,
Kozłów,2008-01-01,
Krasocin,2008-01-01,
Kroczyce,2008-01-01,
Lelów,2008-01-01,
Lubochnia,2008-01-01,
Łęki Szlacheckie,2008-01-01,
Łopuszno,2008-01-01,
Magnuszew,2008-01-01,
Masłowice,2008-01-01,
Mniów,2008-01-01,
Mniszków,2008-01-01,
Mogielnica,2008-01-01,
Moskorzew,2008-01-01,
Moszczenica,2008-01-01,
Niegowa,2008-01-01,
Nowe Miasto nad Pilicą,2008-01-01,
Nowosolna,2008-01-01,
Odrzywół,2008-01-01,
Ogrodzieniec,2008-01-01,
Opoczno,2008-01-01,
Paradyż,2008-01-01,
Pilica,2008-01-01,
Piotrków Trybunalski,2008-01-01,
Poświętne,2008-01-01,
Promna,2008-01-01,
Przedbórz,2008-01-01,
Przysucha,2008-01-01,
Radoszyce,2008-01-01,
Radzanów,2008-01-01,
Ręczno,2008-01-01,
Rokiciny,2008-01-01,
Rozprza,2008-01-01,
Ruda Maleniecka,2008-01-01,
Rusinów,2008-01-01,
Rzeczyca,2008-01-01,
Sadkowice,2008-01-01,
Secemin,2008-01-01,
Sławno,2008-01-01,
Słupia,2008-01-01,
Słupia Konecka,2008-01-01,
Smyków,2008-01-01,
Stąporków,2008-01-01,
Stromiec,2008-01-01,
Sulejów,2008-01-01,
Szczekociny,2008-01-01,
Tomaszów Mazowiecki miasto,2008-01-01,
Tomaszów Mazowiecki wiejski,2008-01-01,
Tuszyn,2008-01-01,
Ujazd,2008-01-01,
Warka,2008-01-01,
Wielgomłyny,2008-01-01,
Włodowice,2008-01-01,
Włoszczowa,2008-01-01,
Wola Krzysztoporska,2008-01-01,
Wolbórz,2008-01-01,
Wolbrom,2008-01-01,
Wyśmierzyce,2008-01-01,
Zagnańsk,2008-01-01,
Zawiercie,2008-01-01,
Żarnowiec,2008-01-01,
Żarnów,2008-01-01,
Żytno,2008-01-01,
Aleksandrów,2009-01-01,
Andrespol,2009-01-01,
Belsk Duży,2009-01-01,
Będków,2009-01-01,
Białaczów,2009-01-01,
Białobrzegi,2009-01-01,
Bliżyn,2009-01-01,
Błędów,2009-01-01,
Brójce,2009-01-01,
Budziszewice,2009-01-01,
Charsznica,2009-01-01,
Czarnocin,2009-01-01,
Czerniewice,2009-01-01,
Drzewica,2009-01-01,
Fałków,2009-01-01,
Gielniów,2009-01-01,
Głowaczów,2009-01-01,
Gorzkowice,2009-01-01,
Goszczyn,2009-01-01,
Gowarczów,2009-01-01,
Grabica,2009-01-01,
Grabów nad Pilicą,2009-01-01,
Inowłódz,2009-01-01,
Irządze,2009-01-01,
Kluczewsko,2009-01-01,
Klwów,2009-01-01,
Kobiele Wielkie,2009-01-01,
Kodrąb,2009-01-01,
Koluszki,2009-01-01,
Koniecpol,2009-01-01,
Końskie,2009-01-01,
Kozłów,2009-01-01,
Krasocin,2009-01-01,
Kroczyce,2009-01-01,
Lelów,2009-01-01,
Lubochnia,2009-01-01,
Łęki Szlacheckie,2009-01-01,
Łopuszno,2009-01-01,
Magnuszew,2009-01-01,
Masłowice,2009-01-01,
Mniów,2009-01-01,
Mniszków,2009-01-01,
Mogielnica,2009-01-01,
Moskorzew,2009-01-01,
Moszczenica,2009-01-01,
Niegowa,2009-01-01,
Nowe Miasto nad Pilicą,2009-01-01,
Nowosolna,2009-01-01,
Odrzywół,2009-01-01,
Ogrodzieniec,2009-01-01,
Opoczno,2009-01-01,
Paradyż,2009-01-01,
Pilica,2009-01-01,
Piotrków Trybunalski,2009-01-01,
Poświętne,2009-01-01,
Promna,2009-01-01,
Przedbórz,2009-01-01,
Przysucha,2009-01-01,
Radoszyce,2009-01-01,
Radzanów,2009-01-01,
Ręczno,2009-01-01,
Rokiciny,2009-01-01,
Rozprza,2009-01-01,
Ruda Maleniecka,2009-01-01,
Rusinów,2009-01-01,
Rzeczyca,2009-01-01,
Sadkowice,2009-01-01,
Secemin,2009-01-01,
Sławno,2009-01-01,
Słupia,2009-01-01,
Słupia Konecka,2009-01-01,
Smyków,2009-01-01,
Stąporków,2009-01-01,
Stromiec,2009-01-01,
Sulejów,2009-01-01,
Szczekociny,2009-01-01,
Tomaszów Mazowiecki miasto,2009-01-01,
Tomaszów Mazowiecki wiejski,2009-01-01,
Tuszyn,2009-01-01,
Ujazd,2009-01-01,
Warka,2009-01-01,
Wielgomłyny,2009-01-01,
Włodowice,2009-01-01,
Włoszczowa,2009-01-01,
Wola Krzysztoporska,2009-01-01,
Wolbórz,2009-01-01,
Wolbrom,2009-01-01,
Wyśmierzyce,2009-01-01,
Zagnańsk,2009-01-01,
Zawiercie,2009-01-01,
Żarnowiec,2009-01-01,
Żarnów,2009-01-01,
Żytno,2009-01-01,
Aleksandrów,2010-01-01,
Andrespol,2010-01-01,
Belsk Duży,2010-01-01,
Będków,2010-01-01,
Białaczów,2010-01-01,
Białobrzegi,2010-01-01,
Bliżyn,2010-01-01,
Błędów,2010-01-01,
Brójce,2010-01-01,
Budziszewice,2010-01-01,
Charsznica,2010-01-01,
Czarnocin,2010-01-01,
Czerniewice,2010-01-01,
Drzewica,2010-01-01,
Fałków,2010-01-01,
Gielniów,2010-01-01,
Głowaczów,2010-01-01,
Gorzkowice,2010-01-01,
Goszczyn,2010-01-01,
Gowarczów,2010-01-01,
Grabica,2010-01-01,
Grabów nad Pilicą,2010-01-01,
Inowłódz,2010-01-01,
Irządze,2010-01-01,
Kluczewsko,2010-01-01,
Klwów,2010-01-01,
Kobiele Wielkie,2010-01-01,
Kodrąb,2010-01-01,
Koluszki,2010-01-01,
Koniecpol,2010-01-01,
Końskie,2010-01-01,
Kozłów,2010-01-01,
Krasocin,2010-01-01,
Kroczyce,2010-01-01,
Lelów,2010-01-01,
Lubochnia,2010-01-01,
Łęki Szlacheckie,2010-01-01,
Łopuszno,2010-01-01,
Magnuszew,2010-01-01,
Masłowice,2010-01-01,
Mniów,2010-01-01,
Mniszków,2010-01-01,
Mogielnica,2010-01-01,
Moskorzew,2010-01-01,
Moszczenica,2010-01-01,
Niegowa,2010-01-01,
Nowe Miasto nad Pilicą,2010-01-01,
Nowosolna,2010-01-01,
Odrzywół,2010-01-01,
Ogrodzieniec,2010-01-01,
Opoczno,2010-01-01,
Paradyż,2010-01-01,
Pilica,2010-01-01,
Piotrków Trybunalski,2010-01-01,
Poświętne,2010-01-01,
Promna,2010-01-01,
Przedbórz,2010-01-01,
Przysucha,2010-01-01,
Radoszyce,2010-01-01,
Radzanów,2010-01-01,
Ręczno,2010-01-01,
Rokiciny,2010-01-01,
Rozprza,2010-01-01,
Ruda Maleniecka,2010-01-01,
Rusinów,2010-01-01,
Rzeczyca,2010-01-01,
Sadkowice,2010-01-01,
Secemin,2010-01-01,
Sławno,2010-01-01,
Słupia,2010-01-01,
Słupia Konecka,2010-01-01,
Smyków,2010-01-01,
Stąporków,2010-01-01,
Stromiec,2010-01-01,
Sulejów,2010-01-01,
Szczekociny,2010-01-01,
Tomaszów Mazowiecki miasto,2010-01-01,
Tomaszów Mazowiecki wiejski,2010-01-01,
Tuszyn,2010-01-01,
Ujazd,2010-01-01,
Warka,2010-01-01,
Wielgomłyny,2010-01-01,
Włodowice,2010-01-01,
Włoszczowa,2010-01-01,
Wola Krzysztoporska,2010-01-01,
Wolbórz,2010-01-01,
Wolbrom,2010-01-01,
Wyśmierzyce,2010-01-01,
Zagnańsk,2010-01-01,
Zawiercie,2010-01-01,
Żarnowiec,2010-01-01,
Żarnów,2010-01-01,
Żytno,2010-01-01,
Aleksandrów,2011-01-01,
Andrespol,2011-01-01,
Belsk Duży,2011-01-01,
Będków,2011-01-01,
Białaczów,2011-01-01,
Białobrzegi,2011-01-01,
Bliżyn,2011-01-01,
Błędów,2011-01-01,
Brójce,2011-01-01,
Budziszewice,2011-01-01,
Charsznica,2011-01-01,
Czarnocin,2011-01-01,
Czerniewice,2011-01-01,
Drzewica,2011-01-01,
Fałków,2011-01-01,
Gielniów,2011-01-01,
Głowaczów,2011-01-01,
Gorzkowice,2011-01-01,
Goszczyn,2011-01-01,
Gowarczów,2011-01-01,
Grabica,2011-01-01,
Grabów nad Pilicą,2011-01-01,
Inowłódz,2011-01-01,
Irządze,2011-01-01,
Kluczewsko,2011-01-01,
Klwów,2011-01-01,
Kobiele Wielkie,2011-01-01,
Kodrąb,2011-01-01,
Koluszki,2011-01-01,
Koniecpol,2011-01-01,
Końskie,2011-01-01,
Kozłów,2011-01-01,
Krasocin,2011-01-01,
Kroczyce,2011-01-01,
Lelów,2011-01-01,
Lubochnia,2011-01-01,
Łęki Szlacheckie,2011-01-01,
Łopuszno,2011-01-01,
Magnuszew,2011-01-01,
Masłowice,2011-01-01,
Mniów,2011-01-01,
Mniszków,2011-01-01,
Mogielnica,2011-01-01,
Moskorzew,2011-01-01,
Moszczenica,2011-01-01,
Niegowa,2011-01-01,
Nowe Miasto nad Pilicą,2011-01-01,
Nowosolna,2011-01-01,
Odrzywół,2011-01-01,
Ogrodzieniec,2011-01-01,
Opoczno,2011-01-01,
Paradyż,2011-01-01,
Pilica,2011-01-01,
Piotrków Trybunalski,2011-01-01,
Poświętne,2011-01-01,
Promna,2011-01-01,
Przedbórz,2011-01-01,
Przysucha,2011-01-01,
Radoszyce,2011-01-01,
Radzanów,2011-01-01,
Ręczno,2011-01-01,
Rokiciny,2011-01-01,
Rozprza,2011-01-01,
Ruda Maleniecka,2011-01-01,
Rusinów,2011-01-01,
Rzeczyca,2011-01-01,
Sadkowice,2011-01-01,
Secemin,2011-01-01,
Sławno,2011-01-01,
Słupia,2011-01-01,
Słupia Konecka,2011-01-01,
Smyków,2011-01-01,
Stąporków,2011-01-01,
Stromiec,2011-01-01,
Sulejów,2011-01-01,
Szczekociny,2011-01-01,
Tomaszów Mazowiecki miasto,2011-01-01,
Tomaszów Mazowiecki wiejski,2011-01-01,
Tuszyn,2011-01-01,
Ujazd,2011-01-01,
Warka,2011-01-01,
Wielgomłyny,2011-01-01,
Włodowice,2011-01-01,
Włoszczowa,2011-01-01,
Wola Krzysztoporska,2011-01-01,
Wolbórz,2011-01-01,
Wolbrom,2011-01-01,
Wyśmierzyce,2011-01-01,
Zagnańsk,2011-01-01,
Zawiercie,2011-01-01,
Żarnowiec,2011-01-01,
Żarnów,2011-01-01,
Żytno,2011-01-01,
Aleksandrów,2012-01-01,
Andrespol,2012-01-01,
Belsk Duży,2012-01-01,
Będków,2012-01-01,
Białaczów,2012-01-01,
Białobrzegi,2012-01-01,
Bliżyn,2012-01-01,
Błędów,2012-01-01,
Brójce,2012-01-01,
Budziszewice,2012-01-01,
Charsznica,2012-01-01,
Czarnocin,2012-01-01,
Czerniewice,2012-01-01,
Drzewica,2012-01-01,
Fałków,2012-01-01,
Gielniów,2012-01-01,
Głowaczów,2012-01-01,
Gorzkowice,2012-01-01,
Goszczyn,2012-01-01,
Gowarczów,2012-01-01,
Grabica,2012-01-01,
Grabów nad Pilicą,2012-01-01,
Inowłódz,2012-01-01,
Irządze,2012-01-01,
Kluczewsko,2012-01-01,
Klwów,2012-01-01,
Kobiele Wielkie,2012-01-01,
Kodrąb,2012-01-01,
Koluszki,2012-01-01,
Koniecpol,2012-01-01,
Końskie,2012-01-01,
Kozłów,2012-01-01,
Krasocin,2012-01-01,
Kroczyce,2012-01-01,
Lelów,2012-01-01,
Lubochnia,2012-01-01,
Łęki Szlacheckie,2012-01-01,
Łopuszno,2012-01-01,
Magnuszew,2012-01-01,
Masłowice,2012-01-01,
Mniów,2012-01-01,
Mniszków,2012-01-01,
Mogielnica,2012-01-01,
Moskorzew,2012-01-01,
Moszczenica,2012-01-01,
Niegowa,2012-01-01,
Nowe Miasto nad Pilicą,2012-01-01,
Nowosolna,2012-01-01,
Odrzywół,2012-01-01,
Ogrodzieniec,2012-01-01,
Opoczno,2012-01-01,
Paradyż,2012-01-01,
Pilica,2012-01-01,
Piotrków Trybunalski,2012-01-01,
Poświętne,2012-01-01,
Promna,2012-01-01,
Przedbórz,2012-01-01,
Przysucha,2012-01-01,
Radoszyce,2012-01-01,
Radzanów,2012-01-01,
Ręczno,2012-01-01,
Rokiciny,2012-01-01,
Rozprza,2012-01-01,
Ruda Maleniecka,2012-01-01,
Rusinów,2012-01-01,
Rzeczyca,2012-01-01,
Sadkowice,2012-01-01,
Secemin,2012-01-01,
Sławno,2012-01-01,
Słupia,2012-01-01,
Słupia Konecka,2012-01-01,
Smyków,2012-01-01,
Stąporków,2012-01-01,
Stromiec,2012-01-01,
Sulejów,2012-01-01,
Szczekociny,2012-01-01,
Tomaszów Mazowiecki miasto,2012-01-01,
Tomaszów Mazowiecki wiejski,2012-01-01,
Tuszyn,2012-01-01,
Ujazd,2012-01-01,
Warka,2012-01-01,
Wielgomłyny,2012-01-01,
Włodowice,2012-01-01,
Włoszczowa,2012-01-01,
Wola Krzysztoporska,2012-01-01,
Wolbórz,2012-01-01,
Wolbrom,2012-01-01,
Wyśmierzyce,2012-01-01,
Zagnańsk,2012-01-01,
Zawiercie,2012-01-01,
Żarnowiec,2012-01-01,
Żarnów,2012-01-01,
Żytno,2012-01-01,
Aleksandrów,2013-01-01,
Andrespol,2013-01-01,
Belsk Duży,2013-01-01,
Będków,2013-01-01,
Białaczów,2013-01-01,
Białobrzegi,2013-01-01,
Bliżyn,2013-01-01,
Błędów,2013-01-01,
Brójce,2013-01-01,
Budziszewice,2013-01-01,
Charsznica,2013-01-01,
Czarnocin,2013-01-01,
Czerniewice,2013-01-01,
Drzewica,2013-01-01,
Fałków,2013-01-01,
Gielniów,2013-01-01,
Głowaczów,2013-01-01,
Gorzkowice,2013-01-01,
Goszczyn,2013-01-01,
Gowarczów,2013-01-01,
Grabica,2013-01-01,
Grabów nad Pilicą,2013-01-01,
Inowłódz,2013-01-01,
Irządze,2013-01-01,
Kluczewsko,2013-01-01,
Klwów,2013-01-01,
Kobiele Wielkie,2013-01-01,
Kodrąb,2013-01-01,
Koluszki,2013-01-01,
Koniecpol,2013-01-01,
Końskie,2013-01-01,
Kozłów,2013-01-01,
Krasocin,2013-01-01,
Kroczyce,2013-01-01,
Lelów,2013-01-01,
Lubochnia,2013-01-01,
Łęki Szlacheckie,2013-01-01,
Łopuszno,2013-01-01,
Magnuszew,2013-01-01,
Masłowice,2013-01-01,
Mniów,2013-01-01,
Mniszków,2013-01-01,
Mogielnica,2013-01-01,
Moskorzew,2013-01-01,
Moszczenica,2013-01-01,
Niegowa,2013-01-01,
Nowe Miasto nad Pilicą,2013-01-01,
Nowosolna,2013-01-01,
Odrzywół,2013-01-01,
Ogrodzieniec,2013-01-01,
Opoczno,2013-01-01,
Paradyż,2013-01-01,
Pilica,2013-01-01,
Piotrków Trybunalski,2013-01-01,
Poświętne,2013-01-01,
Promna,2013-01-01,
Przedbórz,2013-01-01,
Przysucha,2013-01-01,
Radoszyce,2013-01-01,
Radzanów,2013-01-01,
Ręczno,2013-01-01,
Rokiciny,2013-01-01,
Rozprza,2013-01-01,
Ruda Maleniecka,2013-01-01,
Rusinów,2013-01-01,
Rzeczyca,2013-01-01,
Sadkowice,2013-01-01,
Secemin,2013-01-01,
Sławno,2013-01-01,
Słupia,2013-01-01,
Słupia Konecka,2013-01-01,
Smyków,2013-01-01,
Stąporków,2013-01-01,
Stromiec,2013-01-01,
Sulejów,2013-01-01,
Szczekociny,2013-01-01,
Tomaszów Mazowiecki miasto,2013-01-01,
Tomaszów Mazowiecki wiejski,2013-01-01,
Tuszyn,2013-01-01,
Ujazd,2013-01-01,
Warka,2013-01-01,
Wielgomłyny,2013-01-01,
Włodowice,2013-01-01,
Włoszczowa,2013-01-01,
Wola Krzysztoporska,2013-01-01,
Wolbórz,2013-01-01,
Wolbrom,2013-01-01,
Wyśmierzyce,2013-01-01,
Zagnańsk,2013-01-01,
Zawiercie,2013-01-01,
Żarnowiec,2013-01-01,
Żarnów,2013-01-01,
Żytno,2013-01-01,
Aleksandrów,2014-01-01,
Andrespol,2014-01-01,
Belsk Duży,2014-01-01,
Będków,2014-01-01,
Białaczów,2014-01-01,
Białobrzegi,2014-01-01,
Bliżyn,2014-01-01,
Błędów,2014-01-01,
Brójce,2014-01-01,
Budziszewice,2014-01-01,
Charsznica,2014-01-01,
Czarnocin,2014-01-01,
Czerniewice,2014-01-01,
Drzewica,2014-01-01,
Fałków,2014-01-01,
Gielniów,2014-01-01,
Głowaczów,2014-01-01,
Gorzkowice,2014-01-01,
Goszczyn,2014-01-01,
Gowarczów,2014-01-01,
Grabica,2014-01-01,
Grabów nad Pilicą,2014-01-01,
Inowłódz,2014-01-01,
Irządze,2014-01-01,
Kluczewsko,2014-01-01,
Klwów,2014-01-01,
Kobiele Wielkie,2014-01-01,
Kodrąb,2014-01-01,
Koluszki,2014-01-01,
Koniecpol,2014-01-01,
Końskie,2014-01-01,
Kozłów,2014-01-01,
Krasocin,2014-01-01,
Kroczyce,2014-01-01,
Lelów,2014-01-01,
Lubochnia,2014-01-01,
Łęki Szlacheckie,2014-01-01,
Łopuszno,2014-01-01,
Magnuszew,2014-01-01,
Masłowice,2014-01-01,
Mniów,2014-01-01,
Mniszków,2014-01-01,
Mogielnica,2014-01-01,
Moskorzew,2014-01-01,
Moszczenica,2014-01-01,
Niegowa,2014-01-01,
Nowe Miasto nad Pilicą,2014-01-01,
Nowosolna,2014-01-01,
Odrzywół,2014-01-01,
Ogrodzieniec,2014-01-01,
Opoczno,2014-01-01,
Paradyż,2014-01-01,
Pilica,2014-01-01,
Piotrków Trybunalski,2014-01-01,
Poświętne,2014-01-01,
Promna,2014-01-01,
Przedbórz,2014-01-01,
Przysucha,2014-01-01,
Radoszyce,2014-01-01,
Radzanów,2014-01-01,
Ręczno,2014-01-01,
Rokiciny,2014-01-01,
Rozprza,2014-01-01,
Ruda Maleniecka,2014-01-01,
Rusinów,2014-01-01,
Rzeczyca,2014-01-01,
Sadkowice,2014-01-01,
Secemin,2014-01-01,
Sławno,2014-01-01,
Słupia,2014-01-01,
Słupia Konecka,2014-01-01,
Smyków,2014-01-01,
Stąporków,2014-01-01,
Stromiec,2014-01-01,
Sulejów,2014-01-01,
Szczekociny,2014-01-01,
Tomaszów Mazowiecki miasto,2014-01-01,
Tomaszów Mazowiecki wiejski,2014-01-01,
Tuszyn,2014-01-01,
Ujazd,2014-01-01,
Warka,2014-01-01,
Wielgomłyny,2014-01-01,
Włodowice,2014-01-01,
Włoszczowa,2014-01-01,
Wola Krzysztoporska,2014-01-01,
Wolbórz,2014-01-01,
Wolbrom,2014-01-01,
Wyśmierzyce,2014-01-01,
Zagnańsk,2014-01-01,
Zawiercie,2014-01-01,
Żarnowiec,2014-01-01,
Żarnów,2014-01-01,
Żytno,2014-01-01,
Aleksandrów,2015-01-01,
Andrespol,2015-01-01,
Belsk Duży,2015-01-01,
Będków,2015-01-01,
Białaczów,2015-01-01,
Białobrzegi,2015-01-01,
Bliżyn,2015-01-01,
Błędów,2015-01-01,
Brójce,2015-01-01,
Budziszewice,2015-01-01,
Charsznica,2015-01-01,
Czarnocin,2015-01-01,
Czerniewice,2015-01-01,
Drzewica,2015-01-01,
Fałków,2015-01-01,
Gielniów,2015-01-01,
Głowaczów,2015-01-01,
Gorzkowice,2015-01-01,
Goszczyn,2015-01-01,
Gowarczów,2015-01-01,
Grabica,2015-01-01,
Grabów nad Pilicą,2015-01-01,
Inowłódz,2015-01-01,
Irządze,2015-01-01,
Kluczewsko,2015-01-01,
Klwów,2015-01-01,
Kobiele Wielkie,2015-01-01,
Kodrąb,2015-01-01,
Koluszki,2015-01-01,
Koniecpol,2015-01-01,
Końskie,2015-01-01,
Kozłów,2015-01-01,
Krasocin,2015-01-01,
Kroczyce,2015-01-01,
Lelów,2015-01-01,
Lubochnia,2015-01-01,
Łęki Szlacheckie,2015-01-01,
Łopuszno,2015-01-01,
Magnuszew,2015-01-01,
Masłowice,2015-01-01,
Mniów,2015-01-01,
Mniszków,2015-01-01,
Mogielnica,2015-01-01,
Moskorzew,2015-01-01,
Moszczenica,2015-01-01,
Niegowa,2015-01-01,
Nowe Miasto nad Pilicą,2015-01-01,
Nowosolna,2015-01-01,
Odrzywół,2015-01-01,
Ogrodzieniec,2015-01-01,
Opoczno,2015-01-01,
Paradyż,2015-01-01,
Pilica,2015-01-01,
Piotrków Trybunalski,2015-01-01,
Poświętne,2015-01-01,
Promna,2015-01-01,
Przedbórz,2015-01-01,
Przysucha,2015-01-01,
Radoszyce,2015-01-01,
Radzanów,2015-01-01,
Ręczno,2015-01-01,
Rokiciny,2015-01-01,
Rozprza,2015-01-01,
Ruda Maleniecka,2015-01-01,
Rusinów,2015-01-01,
Rzeczyca,2015-01-01,
Sadkowice,2015-01-01,
Secemin,2015-01-01,
Sławno,2015-01-01,
Słupia,2015-01-01,
Słupia Konecka,2015-01-01,
Smyków,2015-01-01,
Stąporków,2015-01-01,
Stromiec,2015-01-01,
Sulejów,2015-01-01,
Szczekociny,2015-01-01,
Tomaszów Mazowiecki miasto,2015-01-01,
Tomaszów Mazowiecki wiejski,2015-01-01,
Tuszyn,2015-01-01,
Ujazd,2015-01-01,
Warka,2015-01-01,
Wielgomłyny,2015-01-01,
Włodowice,2015-01-01,
Włoszczowa,2015-01-01,
Wola Krzysztoporska,2015-01-01,
Wolbórz,2015-01-01,
Wolbrom,2015-01-01,
Wyśmierzyce,2015-01-01,
Zagnańsk,2015-01-01,
Zawiercie,2015-01-01,
Żarnowiec,2015-01-01,
Żarnów,2015-01-01,
Żytno,2015-01-01,
Aleksandrów,2016-01-01,
Andrespol,2016-01-01,
Belsk Duży,2016-01-01,
Będków,2016-01-01,
Białaczów,2016-01-01,
Białobrzegi,2016-01-01,
Bliżyn,2016-01-01,
Błędów,2016-01-01,
Brójce,2016-01-01,
Budziszewice,2016-01-01,
Charsznica,2016-01-01,
Czarnocin,2016-01-01,
Czerniewice,2016-01-01,
Drzewica,2016-01-01,
Fałków,2016-01-01,
Gielniów,2016-01-01,
Głowaczów,2016-01-01,
Gorzkowice,2016-01-01,
Goszczyn,2016-01-01,
Gowarczów,2016-01-01,
Grabica,2016-01-01,
Grabów nad Pilicą,2016-01-01,
Inowłódz,2016-01-01,
Irządze,2016-01-01,
Kluczewsko,2016-01-01,
Klwów,2016-01-01,
Kobiele Wielkie,2016-01-01,
Kodrąb,2016-01-01,
Koluszki,2016-01-01,
Koniecpol,2016-01-01,
Końskie,2016-01-01,
Kozłów,2016-01-01,
Krasocin,2016-01-01,
Kroczyce,2016-01-01,
Lelów,2016-01-01,
Lubochnia,2016-01-01,
Łęki Szlacheckie,2016-01-01,
Łopuszno,2016-01-01,
Magnuszew,2016-01-01,
Masłowice,2016-01-01,
Mniów,2016-01-01,
Mniszków,2016-01-01,
Mogielnica,2016-01-01,
Moskorzew,2016-01-01,
Moszczenica,2016-01-01,
Niegowa,2016-01-01,
Nowe Miasto nad Pilicą,2016-01-01,
Nowosolna,2016-01-01,
Odrzywół,2016-01-01,
Ogrodzieniec,2016-01-01,
Opoczno,2016-01-01,
Paradyż,2016-01-01,
Pilica,2016-01-01,
Piotrków Trybunalski,2016-01-01,
Poświętne,2016-01-01,
Promna,2016-01-01,
Przedbórz,2016-01-01,
Przysucha,2016-01-01,
Radoszyce,2016-01-01,
Radzanów,2016-01-01,
Ręczno,2016-01-01,
Rokiciny,2016-01-01,
Rozprza,2016-01-01,
Ruda Maleniecka,2016-01-01,
Rusinów,2016-01-01,
Rzeczyca,2016-01-01,
Sadkowice,2016-01-01,
Secemin,2016-01-01,
Sławno,2016-01-01,
Słupia,2016-01-01,
Słupia Konecka,2016-01-01,
Smyków,2016-01-01,
Stąporków,2016-01-01,
Stromiec,2016-01-01,
Sulejów,2016-01-01,
Szczekociny,2016-01-01,
Tomaszów Mazowiecki miasto,2016-01-01,
Tomaszów Mazowiecki wiejski,2016-01-01,
Tuszyn,2016-01-01,
Ujazd,2016-01-01,
Warka,2016-01-01,
Wielgomłyny,2016-01-01,
Włodowice,2016-01-01,
Włoszczowa,2016-01-01,
Wola Krzysztoporska,2016-01-01,
Wolbórz,2016-01-01,
Wolbrom,2016-01-01,
Wyśmierzyce,2016-01-01,
Zagnańsk,2016-01-01,
Zawiercie,2016-01-01,
Żarnowiec,2016-01-01,
Żarnów,2016-01-01,
Żytno,2016-01-01,
Aleksandrów,2017-01-01,
Andrespol,2017-01-01,
Belsk Duży,2017-01-01,
Będków,2017-01-01,
Białaczów,2017-01-01,
Białobrzegi,2017-01-01,
Bliżyn,2017-01-01,
Błędów,2017-01-01,
Brójce,2017-01-01,
Budziszewice,2017-01-01,
Charsznica,2017-01-01,
Czarnocin,2017-01-01,
Czerniewice,2017-01-01,
Drzewica,2017-01-01,
Fałków,2017-01-01,
Gielniów,2017-01-01,
Głowaczów,2017-01-01,
Gorzkowice,2017-01-01,
Goszczyn,2017-01-01,
Gowarczów,2017-01-01,
Grabica,2017-01-01,
Grabów nad Pilicą,2017-01-01,
Inowłódz,2017-01-01,
Irządze,2017-01-01,
Kluczewsko,2017-01-01,
Klwów,2017-01-01,
Kobiele Wielkie,2017-01-01,
Kodrąb,2017-01-01,
Koluszki,2017-01-01,
Koniecpol,2017-01-01,
Końskie,2017-01-01,
Kozłów,2017-01-01,
Krasocin,2017-01-01,
Kroczyce,2017-01-01,
Lelów,2017-01-01,
Lubochnia,2017-01-01,
Łęki Szlacheckie,2017-01-01,
Łopuszno,2017-01-01,
Magnuszew,2017-01-01,
Masłowice,2017-01-01,
Mniów,2017-01-01,
Mniszków,2017-01-01,
Mogielnica,2017-01-01,
Moskorzew,2017-01-01,
Moszczenica,2017-01-01,
Niegowa,2017-01-01,
Nowe Miasto nad Pilicą,2017-01-01,
Nowosolna,2017-01-01,
Odrzywół,2017-01-01,
Ogrodzieniec,2017-01-01,
Opoczno,2017-01-01,
Paradyż,2017-01-01,
Pilica,2017-01-01,
Piotrków Trybunalski,2017-01-01,
Poświętne,2017-01-01,
Promna,2017-01-01,
Przedbórz,2017-01-01,
Przysucha,2017-01-01,
Radoszyce,2017-01-01,
Radzanów,2017-01-01,
Ręczno,2017-01-01,
Rokiciny,2017-01-01,
Rozprza,2017-01-01,
Ruda Maleniecka,2017-01-01,
Rusinów,2017-01-01,
Rzeczyca,2017-01-01,
Sadkowice,2017-01-01,
Secemin,2017-01-01,
Sławno,2017-01-01,
Słupia,2017-01-01,
Słupia Konecka,2017-01-01,
Smyków,2017-01-01,
Stąporków,2017-01-01,
Stromiec,2017-01-01,
Sulejów,2017-01-01,
Szczekociny,2017-01-01,
Tomaszów Mazowiecki miasto,2017-01-01,
Tomaszów Mazowiecki wiejski,2017-01-01,
Tuszyn,2017-01-01,
Ujazd,2017-01-01,
Warka,2017-01-01,
Wielgomłyny,2017-01-01,
Włodowice,2017-01-01,
Włoszczowa,2017-01-01,
Wola Krzysztoporska,2017-01-01,
Wolbórz,2017-01-01,
Wolbrom,2017-01-01,
Wyśmierzyce,2017-01-01,
Zagnańsk,2017-01-01,
Zawiercie,2017-01-01,
Żarnowiec,2017-01-01,
Żarnów,2017-01-01,
Żytno,2017-01-01,
Aleksandrów,2018-01-01,
Andrespol,2018-01-01,
Belsk Duży,2018-01-01,
Będków,2018-01-01,
Białaczów,2018-01-01,
Białobrzegi,2018-01-01,
Bliżyn,2018-01-01,
Błędów,2018-01-01,
Brójce,2018-01-01,
Budziszewice,2018-01-01,
Charsznica,2018-01-01,
Czarnocin,2018-01-01,
Czerniewice,2018-01-01,
Drzewica,2018-01-01,
Fałków,2018-01-01,
Gielniów,2018-01-01,
Głowaczów,2018-01-01,
Gorzkowice,2018-01-01,
Goszczyn,2018-01-01,
Gowarczów,2018-01-01,
Grabica,2018-01-01,
Grabów nad Pilicą,2018-01-01,
Inowłódz,2018-01-01,
Irządze,2018-01-01,
Kluczewsko,2018-01-01,
Klwów,2018-01-01,
Kobiele Wielkie,2018-01-01,
Kodrąb,2018-01-01,
Koluszki,2018-01-01,
Koniecpol,2018-01-01,
Końskie,2018-01-01,
Kozłów,2018-01-01,
Krasocin,2018-01-01,
Kroczyce,2018-01-01,
Lelów,2018-01-01,
Lubochnia,2018-01-01,
Łęki Szlacheckie,2018-01-01,
Łopuszno,2018-01-01,
Magnuszew,2018-01-01,
Masłowice,2018-01-01,
Mniów,2018-01-01,
Mniszków,2018-01-01,
Mogielnica,2018-01-01,
Moskorzew,2018-01-01,
Moszczenica,2018-01-01,
Niegowa,2018-01-01,
Nowe Miasto nad Pilicą,2018-01-01,
Nowosolna,2018-01-01,
Odrzywół,2018-01-01,
Ogrodzieniec,2018-01-01,
Opoczno,2018-01-01,
Paradyż,2018-01-01,
Pilica,2018-01-01,
Piotrków Trybunalski,2018-01-01,
Poświętne,2018-01-01,
Promna,2018-01-01,
Przedbórz,2018-01-01,
Przysucha,2018-01-01,
Radoszyce,2018-01-01,
Radzanów,2018-01-01,
Ręczno,2018-01-01,
Rokiciny,2018-01-01,
Rozprza,2018-01-01,
Ruda Maleniecka,2018-01-01,
Rusinów,2018-01-01,
Rzeczyca,2018-01-01,
Sadkowice,2018-01-01,
Secemin,2018-01-01,
Sławno,2018-01-01,
Słupia,2018-01-01,
Słupia Konecka,2018-01-01,
Smyków,2018-01-01,
Stąporków,2018-01-01,
Stromiec,2018-01-01,
Sulejów,2018-01-01,
Szczekociny,2018-01-01,
Tomaszów Mazowiecki miasto,2018-01-01,
Tomaszów Mazowiecki wiejski,2018-01-01,
Tuszyn,2018-01-01,
Ujazd,2018-01-01,
Warka,2018-01-01,
Wielgomłyny,2018-01-01,
Włodowice,2018-01-01,
Włoszczowa,2018-01-01,
Wola Krzysztoporska,2018-01-01,
Wolbórz,2018-01-01,
Wolbrom,2018-01-01,
Wyśmierzyce,2018-01-01,
Zagnańsk,2018-01-01,
Zawiercie,2018-01-01,
Żarnowiec,2018-01-01,
Żarnów,2018-01-01,
Żytno,2018-01-01,
Aleksandrów,2019-01-01,
Andrespol,2019-01-01,
Belsk Duży,2019-01-01,
Będków,2019-01-01,
Białaczów,2019-01-01,
Białobrzegi,2019-01-01,
Bliżyn,2019-01-01,
Błędów,2019-01-01,
Brójce,2019-01-01,
Budziszewice,2019-01-01,
Charsznica,2019-01-01,
Czarnocin,2019-01-01,
Czerniewice,2019-01-01,
Drzewica,2019-01-01,
Fałków,2019-01-01,
Gielniów,2019-01-01,
Głowaczów,2019-01-01,
Gorzkowice,2019-01-01,
Goszczyn,2019-01-01,
Gowarczów,2019-01-01,
Grabica,2019-01-01,
Grabów nad Pilicą,2019-01-01,
Inowłódz,2019-01-01,
Irządze,2019-01-01,
Kluczewsko,2019-01-01,
Klwów,2019-01-01,
Kobiele Wielkie,2019-01-01,
Kodrąb,2019-01-01,
Koluszki,2019-01-01,
Koniecpol,2019-01-01,
Końskie,2019-01-01,
Kozłów,2019-01-01,
Krasocin,2019-01-01,
Kroczyce,2019-01-01,
Lelów,2019-01-01,
Lubochnia,2019-01-01,
Łęki Szlacheckie,2019-01-01,
Łopuszno,2019-01-01,
Magnuszew,2019-01-01,
Masłowice,2019-01-01,
Mniów,2019-01-01,
Mniszków,2019-01-01,
Mogielnica,2019-01-01,
Moskorzew,2019-01-01,
Moszczenica,2019-01-01,
Niegowa,2019-01-01,
Nowe Miasto nad Pilicą,2019-01-01,
Nowosolna,2019-01-01,
Odrzywół,2019-01-01,
Ogrodzieniec,2019-01-01,
Opoczno,2019-01-01,
Paradyż,2019-01-01,
Pilica,2019-01-01,
Piotrków Trybunalski,2019-01-01,
Poświętne,2019-01-01,
Promna,2019-01-01,
Przedbórz,2019-01-01,
Przysucha,2019-01-01,
Radoszyce,2019-01-01,
Radzanów,2019-01-01,
Ręczno,2019-01-01,
Rokiciny,2019-01-01,
Rozprza,2019-01-01,
Ruda Maleniecka,2019-01-01,
Rusinów,2019-01-01,
Rzeczyca,2019-01-01,
Sadkowice,2019-01-01,
Secemin,2019-01-01,
Sławno,2019-01-01,
Słupia,2019-01-01,
Słupia Konecka,2019-01-01,
Smyków,2019-01-01,
Stąporków,2019-01-01,
Stromiec,2019-01-01,
Sulejów,2019-01-01,
Szczekociny,2019-01-01,
Tomaszów Mazowiecki miasto,2019-01-01,
Tomaszów Mazowiecki wiejski,2019-01-01,
Tuszyn,2019-01-01,
Ujazd,2019-01-01,
Warka,2019-01-01,
Wielgomłyny,2019-01-01,
Włodowice,2019-01-01,
Włoszczowa,2019-01-01,
Wola Krzysztoporska,2019-01-01,
Wolbórz,2019-01-01,
Wolbrom,2019-01-01,
Wyśmierzyce,2019-01-01,
Zagnańsk,2019-01-01,
Zawiercie,2019-01-01,
Żarnowiec,2019-01-01,
Żarnów,2019-01-01,
Żytno,2019-01-01,
Aleksandrów,2020-01-01,
Andrespol,2020-01-01,
Belsk Duży,2020-01-01,
Będków,2020-01-01,
Białaczów,2020-01-01,
Białobrzegi,2020-01-01,
Bliżyn,2020-01-01,
Błędów,2020-01-01,
Brójce,2020-01-01,
Budziszewice,2020-01-01,
Charsznica,2020-01-01,
Czarnocin,2020-01-01,
Czerniewice,2020-01-01,
Drzewica,2020-01-01,
Fałków,2020-01-01,
Gielniów,2020-01-01,
Głowaczów,2020-01-01,
Gorzkowice,2020-01-01,
Goszczyn,2020-01-01,
Gowarczów,2020-01-01,
Grabica,2020-01-01,
Grabów nad Pilicą,2020-01-01,
Inowłódz,2020-01-01,
Irządze,2020-01-01,
Kluczewsko,2020-01-01,
Klwów,2020-01-01,
Kobiele Wielkie,2020-01-01,
Kodrąb,2020-01-01,
Koluszki,2020-01-01,
Koniecpol,2020-01-01,
Końskie,2020-01-01,
Kozłów,2020-01-01,
Krasocin,2020-01-01,
Kroczyce,2020-01-01,
Lelów,2020-01-01,
Lubochnia,2020-01-01,
Łęki Szlacheckie,2020-01-01,
Łopuszno,2020-01-01,
Magnuszew,2020-01-01,
Masłowice,2020-01-01,
Mniów,2020-01-01,
Mniszków,2020-01-01,
Mogielnica,2020-01-01,
Moskorzew,2020-01-01,
Moszczenica,2020-01-01,
Niegowa,2020-01-01,
Nowe Miasto nad Pilicą,2020-01-01,
Nowosolna,2020-01-01,
Odrzywół,2020-01-01,
Ogrodzieniec,2020-01-01,
Opoczno,2020-01-01,
Paradyż,2020-01-01,
Pilica,2020-01-01,
Piotrków Trybunalski,2020-01-01,
Poświętne,2020-01-01,
Promna,2020-01-01,
Przedbórz,2020-01-01,
Przysucha,2020-01-01,
Radoszyce,2020-01-01,
Radzanów,2020-01-01,
Ręczno,2020-01-01,
Rokiciny,2020-01-01,
Rozprza,2020-01-01,
Ruda Maleniecka,2020-01-01,
Rusinów,2020-01-01,
Rzeczyca,2020-01-01,
Sadkowice,2020-01-01,
Secemin,2020-01-01,
Sławno,2020-01-01,
Słupia,2020-01-01,
Słupia Konecka,2020-01-01,
Smyków,2020-01-01,
Stąporków,2020-01-01,
Stromiec,2020-01-01,
Sulejów,2020-01-01,
Szczekociny,2020-01-01,
Tomaszów Mazowiecki miasto,2020-01-01,
Tomaszów Mazowiecki wiejski,2020-01-01,
Tuszyn,2020-01-01,
Ujazd,2020-01-01,
Warka,2020-01-01,
Wielgomłyny,2020-01-01,
Włodowice,2020-01-01,
Włoszczowa,2020-01-01,
Wola Krzysztoporska,2020-01-01,
Wolbórz,2020-01-01,
Wolbrom,2020-01-01,
Wyśmierzyce,2020-01-01,
Zagnańsk,2020-01-01,
Zawiercie,2020-01-01,
Żarnowiec,2020-01-01,
Żarnów,2020-01-01,
Żytno,2020-01-01,
Aleksandrów,2021-01-01,
Andrespol,2021-01-01,
Belsk Duży,2021-01-01,
Będków,2021-01-01,
Białaczów,2021-01-01,
Białobrzegi,2021-01-01,
Bliżyn,2021-01-01,
Błędów,2021-01-01,
Brójce,2021-01-01,
Budziszewice,2021-01-01,
Charsznica,2021-01-01,
Czarnocin,2021-01-01,
Czerniewice,2021-01-01,
Drzewica,2021-01-01,
Fałków,2021-01-01,
Gielniów,2021-01-01,
Głowaczów,2021-01-01,
Gorzkowice,2021-01-01,
Goszczyn,2021-01-01,
Gowarczów,2021-01-01,
Grabica,2021-01-01,
Grabów nad Pilicą,2021-01-01,
Inowłódz,2021-01-01,
Irządze,2021-01-01,
Kluczewsko,2021-01-01,
Klwów,2021-01-01,
Kobiele Wielkie,2021-01-01,
Kodrąb,2021-01-01,
Koluszki,2021-01-01,
Koniecpol,2021-01-01,
Końskie,2021-01-01,
Kozłów,2021-01-01,
Krasocin,2021-01-01,
Kroczyce,2021-01-01,
Lelów,2021-01-01,
Lubochnia,2021-01-01,
Łęki Szlacheckie,2021-01-01,
Łopuszno,2021-01-01,
Magnuszew,2021-01-01,
Masłowice,2021-01-01,
Mniów,2021-01-01,
Mniszków,2021-01-01,
Mogielnica,2021-01-01,
Moskorzew,2021-01-01,
Moszczenica,2021-01-01,
Niegowa,2021-01-01,
Nowe Miasto nad Pilicą,2021-01-01,
Nowosolna,2021-01-01,
Odrzywół,2021-01-01,
Ogrodzieniec,2021-01-01,
Opoczno,2021-01-01,
Paradyż,2021-01-01,
Pilica,2021-01-01,
Piotrków Trybunalski,2021-01-01,
Poświętne,2021-01-01,
Promna,2021-01-01,
Przedbórz,2021-01-01,
Przysucha,2021-01-01,
Radoszyce,2021-01-01,
Radzanów,2021-01-01,
Ręczno,2021-01-01,
Rokiciny,2021-01-01,
Rozprza,2021-01-01,
Ruda Maleniecka,2021-01-01,
Rusinów,2021-01-01,
Rzeczyca,2021-01-01,
Sadkowice,2021-01-01,
Secemin,2021-01-01,
Sławno,2021-01-01,
Słupia,2021-01-01,
Słupia Konecka,2021-01-01,
Smyków,2021-01-01,
Stąporków,2021-01-01,
Stromiec,2021-01-01,
Sulejów,2021-01-01,
Szczekociny,2021-01-01,
Tomaszów Mazowiecki miasto,2021-01-01,
Tomaszów Mazowiecki wiejski,2021-01-01,
Tuszyn,2021-01-01,
Ujazd,2021-01-01,
Warka,2021-01-01,
Wielgomłyny,2021-01-01,
Włodowice,2021-01-01,
Włoszczowa,2021-01-01,
Wola Krzysztoporska,2021-01-01,
Wolbórz,2021-01-01,
Wolbrom,2021-01-01,
Wyśmierzyce,2021-01-01,
Zagnańsk,2021-01-01,
Zawiercie,2021-01-01,
Żarnowiec,2021-01-01,
Żarnów,2021-01-01,
Żytno,2021-01-01,
Aleksandrów,2022-01-01,1.0
Andrespol,2022-01-01,1.0
Belsk Duży,2022-01-01,1.0
Będków,2022-01-01,0.0
Białaczów,2022-01-01,1.0
Białobrzegi,2022-01-01,1.0
Bliżyn,2022-01-01,1.0
Błędów,2022-01-01,0.0
Brójce,2022-01-01,1.0
Budziszewice,2022-01-01,1.0
Charsznica,2022-01-01,1.0
Czarnocin,2022-01-01,0.0
Czerniewice,2022-01-01,1.0
Drzewica,2022-01-01,1.0
Fałków,2022-01-01,1.0
Gielniów,2022-01-01,1.0
Głowaczów,2022-01-01,1.0
Gorzkowice,2022-01-01,1.0
Goszczyn,2022-01-01,1.0
Gowarczów,2022-01-01,1.0
Grabica,2022-01-01,1.0
Grabów nad Pilicą,2022-01-01,1.0
Inowłódz,2022-01-01,1.0
Irządze,2022-01-01,0.0
Kluczewsko,2022-01-01,1.0
Klwów,2022-01-01,0.0
Kobiele Wielkie,2022-01-01,0.0
Kodrąb,2022-01-01,1.0
Koluszki,2022-01-01,1.0
Koniecpol,2022-01-01,1.0
Końskie,2022-01-01,1.0
Kozłów,2022-01-01,1.0
Krasocin,2022-01-01,1.0
Kroczyce,2022-01-01,1.0
Lelów,2022-01-01,1.0
Lubochnia,2022-01-01,1.0
Łęki Szlacheckie,2022-01-01,1.0
Łopuszno,2022-01-01,1.0
Magnuszew,2022-01-01,1.0
Masłowice,2022-01-01,1.0
Mniów,2022-01-01,1.0
Mniszków,2022-01-01,1.0
Mogielnica,2022-01-01,1.0
Moskorzew,2022-01-01,
Moszczenica,2022-01-01,1.0
Niegowa,2022-01-01,1.0
Nowe Miasto nad Pilicą,2022-01-01,1.0
Nowosolna,2022-01-01,1.0
Odrzywół,2022-01-01,1.0
Ogrodzieniec,2022-01-01,1.0
Opoczno,2022-01-01,1.0
Paradyż,2022-01-01,0.0
Pilica,2022-01-01,1.0
Piotrków Trybunalski,2022-01-01,1.0
Poświętne,2022-01-01,1.0
Promna,2022-01-01,1.0
Przedbórz,2022-01-01,1.0
Przysucha,2022-01-01,1.0
Radoszyce,2022-01-01,1.0
Radzanów,2022-01-01,0.0
Ręczno,2022-01-01,1.0
Rokiciny,2022-01-01,0.0
Rozprza,2022-01-01,1.0
Ruda Maleniecka,2022-01-01,1.0
Rusinów,2022-01-01,1.0
Rzeczyca,2022-01-01,1.0
Sadkowice,2022-01-01,0.0
Secemin,2022-01-01,1.0
Sławno,2022-01-01,1.0
Słupia,2022-01-01,1.0
Słupia Konecka,2022-01-01,1.0
Smyków,2022-01-01,1.0
Stąporków,2022-01-01,1.0
Stromiec,2022-01-01,1.0
Sulejów,2022-01-01,1.0
Szczekociny,2022-01-01,1.0
Tomaszów Mazowiecki miasto,2022-01-01,1.0
Tomaszów Mazowiecki wiejski,2022-01-01,1.0
Tuszyn,2022-01-01,1.0
Ujazd,2022-01-01,1.0
Warka,2022-01-01,1.0
Wielgomłyny,2022-01-01,1.0
Włodowice,2022-01-01,1.0
Włoszczowa,2022-01-01,1.0
Wola Krzysztoporska,2022-01-01,1.0
Wolbórz,2022-01-01,1.0
Wolbrom,2022-01-01,1.0
Wyśmierzyce,2022-01-01,1.0
Zagnańsk,2022-01-01,1.0
Zawiercie,2022-01-01,1.0
Żarnowiec,2022-01-01,1.0
Żarnów,2022-01-01,1.0
Żytno,2022-01-01,1.0
