gmina_name;date;firmy_all
Aleksandrów;1995-01-01;
Andrespol;1995-01-01;
Belsk Duży;1995-01-01;
Będków;1995-01-01;
Białaczów;1995-01-01;
Białobrzegi;1995-01-01;
Bliżyn;1995-01-01;
Błędów;1995-01-01;
Brójce;1995-01-01;
Budziszewice;1995-01-01;
Charsznica;1995-01-01;
Czarnocin;1995-01-01;
Czerniewice;1995-01-01;
Drzewica;1995-01-01;
Fałków;1995-01-01;
Gielniów;1995-01-01;
Głowaczów;1995-01-01;
Gorzkowice;1995-01-01;
Goszczyn;1995-01-01;
Gowarczów;1995-01-01;
Grabica;1995-01-01;
Grabów nad Pilicą;1995-01-01;
Inowłódz;1995-01-01;
Irządze;1995-01-01;
Kluczewsko;1995-01-01;
Klwów;1995-01-01;
Kobiele Wielkie;1995-01-01;
Kodrąb;1995-01-01;
Koluszki;1995-01-01;
Koniecpol;1995-01-01;
Końskie;1995-01-01;
Kozłów;1995-01-01;
Krasocin;1995-01-01;
Kroczyce;1995-01-01;
Lelów;1995-01-01;
Lubochnia;1995-01-01;
Łęki Szlacheckie;1995-01-01;
Łopuszno;1995-01-01;
Magnuszew;1995-01-01;
Masłowice;1995-01-01;
Mniów;1995-01-01;
Mniszków;1995-01-01;
Mogielnica;1995-01-01;
Moskorzew;1995-01-01;
Moszczenica;1995-01-01;
Niegowa;1995-01-01;
Nowe Miasto nad Pilicą;1995-01-01;
Nowosolna;1995-01-01;
Odrzywół;1995-01-01;
Ogrodzieniec;1995-01-01;
Opoczno;1995-01-01;
Paradyż;1995-01-01;
Pilica;1995-01-01;
Piotrków Trybunalski;1995-01-01;
Poświętne;1995-01-01;
Promna;1995-01-01;
Przedbórz;1995-01-01;
Przysucha;1995-01-01;
Radoszyce;1995-01-01;
Radzanów;1995-01-01;
Ręczno;1995-01-01;
Rokiciny;1995-01-01;
Rozprza;1995-01-01;
Ruda Maleniecka;1995-01-01;
Rusinów;1995-01-01;
Rzeczyca;1995-01-01;
Sadkowice;1995-01-01;
Secemin;1995-01-01;
Sławno;1995-01-01;
Słupia;1995-01-01;
Słupia Konecka;1995-01-01;
Smyków;1995-01-01;
Stąporków;1995-01-01;
Stromiec;1995-01-01;
Sulejów;1995-01-01;
Szczekociny;1995-01-01;
Tomaszów Mazowiecki miasto;1995-01-01;
Tomaszów Mazowiecki wiejski;1995-01-01;
Tuszyn;1995-01-01;
Ujazd;1995-01-01;
Warka;1995-01-01;
Wielgomłyny;1995-01-01;
Włodowice;1995-01-01;
Włoszczowa;1995-01-01;
Wola Krzysztoporska;1995-01-01;
Wolbórz;1995-01-01;
Wolbrom;1995-01-01;
Wyśmierzyce;1995-01-01;
Zagnańsk;1995-01-01;
Zawiercie;1995-01-01;
Żarnowiec;1995-01-01;
Żarnów;1995-01-01;
Żytno;1995-01-01;
Aleksandrów;1996-01-01;
Andrespol;1996-01-01;
Belsk Duży;1996-01-01;
Będków;1996-01-01;
Białaczów;1996-01-01;
Białobrzegi;1996-01-01;
Bliżyn;1996-01-01;
Błędów;1996-01-01;
Brójce;1996-01-01;
Budziszewice;1996-01-01;
Charsznica;1996-01-01;
Czarnocin;1996-01-01;
Czerniewice;1996-01-01;
Drzewica;1996-01-01;
Fałków;1996-01-01;
Gielniów;1996-01-01;
Głowaczów;1996-01-01;
Gorzkowice;1996-01-01;
Goszczyn;1996-01-01;
Gowarczów;1996-01-01;
Grabica;1996-01-01;
Grabów nad Pilicą;1996-01-01;
Inowłódz;1996-01-01;
Irządze;1996-01-01;
Kluczewsko;1996-01-01;
Klwów;1996-01-01;
Kobiele Wielkie;1996-01-01;
Kodrąb;1996-01-01;
Koluszki;1996-01-01;
Koniecpol;1996-01-01;
Końskie;1996-01-01;
Kozłów;1996-01-01;
Krasocin;1996-01-01;
Kroczyce;1996-01-01;
Lelów;1996-01-01;
Lubochnia;1996-01-01;
Łęki Szlacheckie;1996-01-01;
Łopuszno;1996-01-01;
Magnuszew;1996-01-01;
Masłowice;1996-01-01;
Mniów;1996-01-01;
Mniszków;1996-01-01;
Mogielnica;1996-01-01;
Moskorzew;1996-01-01;
Moszczenica;1996-01-01;
Niegowa;1996-01-01;
Nowe Miasto nad Pilicą;1996-01-01;
Nowosolna;1996-01-01;
Odrzywół;1996-01-01;
Ogrodzieniec;1996-01-01;
Opoczno;1996-01-01;
Paradyż;1996-01-01;
Pilica;1996-01-01;
Piotrków Trybunalski;1996-01-01;
Poświętne;1996-01-01;
Promna;1996-01-01;
Przedbórz;1996-01-01;
Przysucha;1996-01-01;
Radoszyce;1996-01-01;
Radzanów;1996-01-01;
Ręczno;1996-01-01;
Rokiciny;1996-01-01;
Rozprza;1996-01-01;
Ruda Maleniecka;1996-01-01;
Rusinów;1996-01-01;
Rzeczyca;1996-01-01;
Sadkowice;1996-01-01;
Secemin;1996-01-01;
Sławno;1996-01-01;
Słupia;1996-01-01;
Słupia Konecka;1996-01-01;
Smyków;1996-01-01;
Stąporków;1996-01-01;
Stromiec;1996-01-01;
Sulejów;1996-01-01;
Szczekociny;1996-01-01;
Tomaszów Mazowiecki miasto;1996-01-01;
Tomaszów Mazowiecki wiejski;1996-01-01;
Tuszyn;1996-01-01;
Ujazd;1996-01-01;
Warka;1996-01-01;
Wielgomłyny;1996-01-01;
Włodowice;1996-01-01;
Włoszczowa;1996-01-01;
Wola Krzysztoporska;1996-01-01;
Wolbórz;1996-01-01;
Wolbrom;1996-01-01;
Wyśmierzyce;1996-01-01;
Zagnańsk;1996-01-01;
Zawiercie;1996-01-01;
Żarnowiec;1996-01-01;
Żarnów;1996-01-01;
Żytno;1996-01-01;
Aleksandrów;1997-01-01;
Andrespol;1997-01-01;
Belsk Duży;1997-01-01;
Będków;1997-01-01;
Białaczów;1997-01-01;
Białobrzegi;1997-01-01;
Bliżyn;1997-01-01;
Błędów;1997-01-01;
Brójce;1997-01-01;
Budziszewice;1997-01-01;
Charsznica;1997-01-01;
Czarnocin;1997-01-01;
Czerniewice;1997-01-01;
Drzewica;1997-01-01;
Fałków;1997-01-01;
Gielniów;1997-01-01;
Głowaczów;1997-01-01;
Gorzkowice;1997-01-01;
Goszczyn;1997-01-01;
Gowarczów;1997-01-01;
Grabica;1997-01-01;
Grabów nad Pilicą;1997-01-01;
Inowłódz;1997-01-01;
Irządze;1997-01-01;
Kluczewsko;1997-01-01;
Klwów;1997-01-01;
Kobiele Wielkie;1997-01-01;
Kodrąb;1997-01-01;
Koluszki;1997-01-01;
Koniecpol;1997-01-01;
Końskie;1997-01-01;
Kozłów;1997-01-01;
Krasocin;1997-01-01;
Kroczyce;1997-01-01;
Lelów;1997-01-01;
Lubochnia;1997-01-01;
Łęki Szlacheckie;1997-01-01;
Łopuszno;1997-01-01;
Magnuszew;1997-01-01;
Masłowice;1997-01-01;
Mniów;1997-01-01;
Mniszków;1997-01-01;
Mogielnica;1997-01-01;
Moskorzew;1997-01-01;
Moszczenica;1997-01-01;
Niegowa;1997-01-01;
Nowe Miasto nad Pilicą;1997-01-01;
Nowosolna;1997-01-01;
Odrzywół;1997-01-01;
Ogrodzieniec;1997-01-01;
Opoczno;1997-01-01;
Paradyż;1997-01-01;
Pilica;1997-01-01;
Piotrków Trybunalski;1997-01-01;
Poświętne;1997-01-01;
Promna;1997-01-01;
Przedbórz;1997-01-01;
Przysucha;1997-01-01;
Radoszyce;1997-01-01;
Radzanów;1997-01-01;
Ręczno;1997-01-01;
Rokiciny;1997-01-01;
Rozprza;1997-01-01;
Ruda Maleniecka;1997-01-01;
Rusinów;1997-01-01;
Rzeczyca;1997-01-01;
Sadkowice;1997-01-01;
Secemin;1997-01-01;
Sławno;1997-01-01;
Słupia;1997-01-01;
Słupia Konecka;1997-01-01;
Smyków;1997-01-01;
Stąporków;1997-01-01;
Stromiec;1997-01-01;
Sulejów;1997-01-01;
Szczekociny;1997-01-01;
Tomaszów Mazowiecki miasto;1997-01-01;
Tomaszów Mazowiecki wiejski;1997-01-01;
Tuszyn;1997-01-01;
Ujazd;1997-01-01;
Warka;1997-01-01;
Wielgomłyny;1997-01-01;
Włodowice;1997-01-01;
Włoszczowa;1997-01-01;
Wola Krzysztoporska;1997-01-01;
Wolbórz;1997-01-01;
Wolbrom;1997-01-01;
Wyśmierzyce;1997-01-01;
Zagnańsk;1997-01-01;
Zawiercie;1997-01-01;
Żarnowiec;1997-01-01;
Żarnów;1997-01-01;
Żytno;1997-01-01;
Aleksandrów;1998-01-01;
Andrespol;1998-01-01;
Belsk Duży;1998-01-01;
Będków;1998-01-01;
Białaczów;1998-01-01;
Białobrzegi;1998-01-01;
Bliżyn;1998-01-01;
Błędów;1998-01-01;
Brójce;1998-01-01;
Budziszewice;1998-01-01;
Charsznica;1998-01-01;
Czarnocin;1998-01-01;
Czerniewice;1998-01-01;
Drzewica;1998-01-01;
Fałków;1998-01-01;
Gielniów;1998-01-01;
Głowaczów;1998-01-01;
Gorzkowice;1998-01-01;
Goszczyn;1998-01-01;
Gowarczów;1998-01-01;
Grabica;1998-01-01;
Grabów nad Pilicą;1998-01-01;
Inowłódz;1998-01-01;
Irządze;1998-01-01;
Kluczewsko;1998-01-01;
Klwów;1998-01-01;
Kobiele Wielkie;1998-01-01;
Kodrąb;1998-01-01;
Koluszki;1998-01-01;
Koniecpol;1998-01-01;
Końskie;1998-01-01;
Kozłów;1998-01-01;
Krasocin;1998-01-01;
Kroczyce;1998-01-01;
Lelów;1998-01-01;
Lubochnia;1998-01-01;
Łęki Szlacheckie;1998-01-01;
Łopuszno;1998-01-01;
Magnuszew;1998-01-01;
Masłowice;1998-01-01;
Mniów;1998-01-01;
Mniszków;1998-01-01;
Mogielnica;1998-01-01;
Moskorzew;1998-01-01;
Moszczenica;1998-01-01;
Niegowa;1998-01-01;
Nowe Miasto nad Pilicą;1998-01-01;
Nowosolna;1998-01-01;
Odrzywół;1998-01-01;
Ogrodzieniec;1998-01-01;
Opoczno;1998-01-01;
Paradyż;1998-01-01;
Pilica;1998-01-01;
Piotrków Trybunalski;1998-01-01;
Poświętne;1998-01-01;
Promna;1998-01-01;
Przedbórz;1998-01-01;
Przysucha;1998-01-01;
Radoszyce;1998-01-01;
Radzanów;1998-01-01;
Ręczno;1998-01-01;
Rokiciny;1998-01-01;
Rozprza;1998-01-01;
Ruda Maleniecka;1998-01-01;
Rusinów;1998-01-01;
Rzeczyca;1998-01-01;
Sadkowice;1998-01-01;
Secemin;1998-01-01;
Sławno;1998-01-01;
Słupia;1998-01-01;
Słupia Konecka;1998-01-01;
Smyków;1998-01-01;
Stąporków;1998-01-01;
Stromiec;1998-01-01;
Sulejów;1998-01-01;
Szczekociny;1998-01-01;
Tomaszów Mazowiecki miasto;1998-01-01;
Tomaszów Mazowiecki wiejski;1998-01-01;
Tuszyn;1998-01-01;
Ujazd;1998-01-01;
Warka;1998-01-01;
Wielgomłyny;1998-01-01;
Włodowice;1998-01-01;
Włoszczowa;1998-01-01;
Wola Krzysztoporska;1998-01-01;
Wolbórz;1998-01-01;
Wolbrom;1998-01-01;
Wyśmierzyce;1998-01-01;
Zagnańsk;1998-01-01;
Zawiercie;1998-01-01;
Żarnowiec;1998-01-01;
Żarnów;1998-01-01;
Żytno;1998-01-01;
Aleksandrów;1999-01-01;
Andrespol;1999-01-01;
Belsk Duży;1999-01-01;
Będków;1999-01-01;
Białaczów;1999-01-01;
Białobrzegi;1999-01-01;
Bliżyn;1999-01-01;
Błędów;1999-01-01;
Brójce;1999-01-01;
Budziszewice;1999-01-01;
Charsznica;1999-01-01;
Czarnocin;1999-01-01;
Czerniewice;1999-01-01;
Drzewica;1999-01-01;
Fałków;1999-01-01;
Gielniów;1999-01-01;
Głowaczów;1999-01-01;
Gorzkowice;1999-01-01;
Goszczyn;1999-01-01;
Gowarczów;1999-01-01;
Grabica;1999-01-01;
Grabów nad Pilicą;1999-01-01;
Inowłódz;1999-01-01;
Irządze;1999-01-01;
Kluczewsko;1999-01-01;
Klwów;1999-01-01;
Kobiele Wielkie;1999-01-01;
Kodrąb;1999-01-01;
Koluszki;1999-01-01;
Koniecpol;1999-01-01;
Końskie;1999-01-01;
Kozłów;1999-01-01;
Krasocin;1999-01-01;
Kroczyce;1999-01-01;
Lelów;1999-01-01;
Lubochnia;1999-01-01;
Łęki Szlacheckie;1999-01-01;
Łopuszno;1999-01-01;
Magnuszew;1999-01-01;
Masłowice;1999-01-01;
Mniów;1999-01-01;
Mniszków;1999-01-01;
Mogielnica;1999-01-01;
Moskorzew;1999-01-01;
Moszczenica;1999-01-01;
Niegowa;1999-01-01;
Nowe Miasto nad Pilicą;1999-01-01;
Nowosolna;1999-01-01;
Odrzywół;1999-01-01;
Ogrodzieniec;1999-01-01;
Opoczno;1999-01-01;
Paradyż;1999-01-01;
Pilica;1999-01-01;
Piotrków Trybunalski;1999-01-01;
Poświętne;1999-01-01;
Promna;1999-01-01;
Przedbórz;1999-01-01;
Przysucha;1999-01-01;
Radoszyce;1999-01-01;
Radzanów;1999-01-01;
Ręczno;1999-01-01;
Rokiciny;1999-01-01;
Rozprza;1999-01-01;
Ruda Maleniecka;1999-01-01;
Rusinów;1999-01-01;
Rzeczyca;1999-01-01;
Sadkowice;1999-01-01;
Secemin;1999-01-01;
Sławno;1999-01-01;
Słupia;1999-01-01;
Słupia Konecka;1999-01-01;
Smyków;1999-01-01;
Stąporków;1999-01-01;
Stromiec;1999-01-01;
Sulejów;1999-01-01;
Szczekociny;1999-01-01;
Tomaszów Mazowiecki miasto;1999-01-01;
Tomaszów Mazowiecki wiejski;1999-01-01;
Tuszyn;1999-01-01;
Ujazd;1999-01-01;
Warka;1999-01-01;
Wielgomłyny;1999-01-01;
Włodowice;1999-01-01;
Włoszczowa;1999-01-01;
Wola Krzysztoporska;1999-01-01;
Wolbórz;1999-01-01;
Wolbrom;1999-01-01;
Wyśmierzyce;1999-01-01;
Zagnańsk;1999-01-01;
Zawiercie;1999-01-01;
Żarnowiec;1999-01-01;
Żarnów;1999-01-01;
Żytno;1999-01-01;
Aleksandrów;2000-01-01;
Andrespol;2000-01-01;
Belsk Duży;2000-01-01;
Będków;2000-01-01;
Białaczów;2000-01-01;
Białobrzegi;2000-01-01;
Bliżyn;2000-01-01;
Błędów;2000-01-01;
Brójce;2000-01-01;
Budziszewice;2000-01-01;
Charsznica;2000-01-01;
Czarnocin;2000-01-01;
Czerniewice;2000-01-01;
Drzewica;2000-01-01;
Fałków;2000-01-01;
Gielniów;2000-01-01;
Głowaczów;2000-01-01;
Gorzkowice;2000-01-01;
Goszczyn;2000-01-01;
Gowarczów;2000-01-01;
Grabica;2000-01-01;
Grabów nad Pilicą;2000-01-01;
Inowłódz;2000-01-01;
Irządze;2000-01-01;
Kluczewsko;2000-01-01;
Klwów;2000-01-01;
Kobiele Wielkie;2000-01-01;
Kodrąb;2000-01-01;
Koluszki;2000-01-01;
Koniecpol;2000-01-01;
Końskie;2000-01-01;
Kozłów;2000-01-01;
Krasocin;2000-01-01;
Kroczyce;2000-01-01;
Lelów;2000-01-01;
Lubochnia;2000-01-01;
Łęki Szlacheckie;2000-01-01;
Łopuszno;2000-01-01;
Magnuszew;2000-01-01;
Masłowice;2000-01-01;
Mniów;2000-01-01;
Mniszków;2000-01-01;
Mogielnica;2000-01-01;
Moskorzew;2000-01-01;
Moszczenica;2000-01-01;
Niegowa;2000-01-01;
Nowe Miasto nad Pilicą;2000-01-01;
Nowosolna;2000-01-01;
Odrzywół;2000-01-01;
Ogrodzieniec;2000-01-01;
Opoczno;2000-01-01;
Paradyż;2000-01-01;
Pilica;2000-01-01;
Piotrków Trybunalski;2000-01-01;
Poświętne;2000-01-01;
Promna;2000-01-01;
Przedbórz;2000-01-01;
Przysucha;2000-01-01;
Radoszyce;2000-01-01;
Radzanów;2000-01-01;
Ręczno;2000-01-01;
Rokiciny;2000-01-01;
Rozprza;2000-01-01;
Ruda Maleniecka;2000-01-01;
Rusinów;2000-01-01;
Rzeczyca;2000-01-01;
Sadkowice;2000-01-01;
Secemin;2000-01-01;
Sławno;2000-01-01;
Słupia;2000-01-01;
Słupia Konecka;2000-01-01;
Smyków;2000-01-01;
Stąporków;2000-01-01;
Stromiec;2000-01-01;
Sulejów;2000-01-01;
Szczekociny;2000-01-01;
Tomaszów Mazowiecki miasto;2000-01-01;
Tomaszów Mazowiecki wiejski;2000-01-01;
Tuszyn;2000-01-01;
Ujazd;2000-01-01;
Warka;2000-01-01;
Wielgomłyny;2000-01-01;
Włodowice;2000-01-01;
Włoszczowa;2000-01-01;
Wola Krzysztoporska;2000-01-01;
Wolbórz;2000-01-01;
Wolbrom;2000-01-01;
Wyśmierzyce;2000-01-01;
Zagnańsk;2000-01-01;
Zawiercie;2000-01-01;
Żarnowiec;2000-01-01;
Żarnów;2000-01-01;
Żytno;2000-01-01;
Aleksandrów;2001-01-01;
Andrespol;2001-01-01;
Belsk Duży;2001-01-01;
Będków;2001-01-01;
Białaczów;2001-01-01;
Białobrzegi;2001-01-01;
Bliżyn;2001-01-01;
Błędów;2001-01-01;
Brójce;2001-01-01;
Budziszewice;2001-01-01;
Charsznica;2001-01-01;
Czarnocin;2001-01-01;
Czerniewice;2001-01-01;
Drzewica;2001-01-01;
Fałków;2001-01-01;
Gielniów;2001-01-01;
Głowaczów;2001-01-01;
Gorzkowice;2001-01-01;
Goszczyn;2001-01-01;
Gowarczów;2001-01-01;
Grabica;2001-01-01;
Grabów nad Pilicą;2001-01-01;
Inowłódz;2001-01-01;
Irządze;2001-01-01;
Kluczewsko;2001-01-01;
Klwów;2001-01-01;
Kobiele Wielkie;2001-01-01;
Kodrąb;2001-01-01;
Koluszki;2001-01-01;
Koniecpol;2001-01-01;
Końskie;2001-01-01;
Kozłów;2001-01-01;
Krasocin;2001-01-01;
Kroczyce;2001-01-01;
Lelów;2001-01-01;
Lubochnia;2001-01-01;
Łęki Szlacheckie;2001-01-01;
Łopuszno;2001-01-01;
Magnuszew;2001-01-01;
Masłowice;2001-01-01;
Mniów;2001-01-01;
Mniszków;2001-01-01;
Mogielnica;2001-01-01;
Moskorzew;2001-01-01;
Moszczenica;2001-01-01;
Niegowa;2001-01-01;
Nowe Miasto nad Pilicą;2001-01-01;
Nowosolna;2001-01-01;
Odrzywół;2001-01-01;
Ogrodzieniec;2001-01-01;
Opoczno;2001-01-01;
Paradyż;2001-01-01;
Pilica;2001-01-01;
Piotrków Trybunalski;2001-01-01;
Poświętne;2001-01-01;
Promna;2001-01-01;
Przedbórz;2001-01-01;
Przysucha;2001-01-01;
Radoszyce;2001-01-01;
Radzanów;2001-01-01;
Ręczno;2001-01-01;
Rokiciny;2001-01-01;
Rozprza;2001-01-01;
Ruda Maleniecka;2001-01-01;
Rusinów;2001-01-01;
Rzeczyca;2001-01-01;
Sadkowice;2001-01-01;
Secemin;2001-01-01;
Sławno;2001-01-01;
Słupia;2001-01-01;
Słupia Konecka;2001-01-01;
Smyków;2001-01-01;
Stąporków;2001-01-01;
Stromiec;2001-01-01;
Sulejów;2001-01-01;
Szczekociny;2001-01-01;
Tomaszów Mazowiecki miasto;2001-01-01;
Tomaszów Mazowiecki wiejski;2001-01-01;
Tuszyn;2001-01-01;
Ujazd;2001-01-01;
Warka;2001-01-01;
Wielgomłyny;2001-01-01;
Włodowice;2001-01-01;
Włoszczowa;2001-01-01;
Wola Krzysztoporska;2001-01-01;
Wolbórz;2001-01-01;
Wolbrom;2001-01-01;
Wyśmierzyce;2001-01-01;
Zagnańsk;2001-01-01;
Zawiercie;2001-01-01;
Żarnowiec;2001-01-01;
Żarnów;2001-01-01;
Żytno;2001-01-01;
Aleksandrów;2002-01-01;
Andrespol;2002-01-01;
Belsk Duży;2002-01-01;
Będków;2002-01-01;
Białaczów;2002-01-01;
Białobrzegi;2002-01-01;
Bliżyn;2002-01-01;
Błędów;2002-01-01;
Brójce;2002-01-01;
Budziszewice;2002-01-01;
Charsznica;2002-01-01;
Czarnocin;2002-01-01;
Czerniewice;2002-01-01;
Drzewica;2002-01-01;
Fałków;2002-01-01;
Gielniów;2002-01-01;
Głowaczów;2002-01-01;
Gorzkowice;2002-01-01;
Goszczyn;2002-01-01;
Gowarczów;2002-01-01;
Grabica;2002-01-01;
Grabów nad Pilicą;2002-01-01;
Inowłódz;2002-01-01;
Irządze;2002-01-01;
Kluczewsko;2002-01-01;
Klwów;2002-01-01;
Kobiele Wielkie;2002-01-01;
Kodrąb;2002-01-01;
Koluszki;2002-01-01;
Koniecpol;2002-01-01;
Końskie;2002-01-01;
Kozłów;2002-01-01;
Krasocin;2002-01-01;
Kroczyce;2002-01-01;
Lelów;2002-01-01;
Lubochnia;2002-01-01;
Łęki Szlacheckie;2002-01-01;
Łopuszno;2002-01-01;
Magnuszew;2002-01-01;
Masłowice;2002-01-01;
Mniów;2002-01-01;
Mniszków;2002-01-01;
Mogielnica;2002-01-01;
Moskorzew;2002-01-01;
Moszczenica;2002-01-01;
Niegowa;2002-01-01;
Nowe Miasto nad Pilicą;2002-01-01;
Nowosolna;2002-01-01;
Odrzywół;2002-01-01;
Ogrodzieniec;2002-01-01;
Opoczno;2002-01-01;
Paradyż;2002-01-01;
Pilica;2002-01-01;
Piotrków Trybunalski;2002-01-01;
Poświętne;2002-01-01;
Promna;2002-01-01;
Przedbórz;2002-01-01;
Przysucha;2002-01-01;
Radoszyce;2002-01-01;
Radzanów;2002-01-01;
Ręczno;2002-01-01;
Rokiciny;2002-01-01;
Rozprza;2002-01-01;
Ruda Maleniecka;2002-01-01;
Rusinów;2002-01-01;
Rzeczyca;2002-01-01;
Sadkowice;2002-01-01;
Secemin;2002-01-01;
Sławno;2002-01-01;
Słupia;2002-01-01;
Słupia Konecka;2002-01-01;
Smyków;2002-01-01;
Stąporków;2002-01-01;
Stromiec;2002-01-01;
Sulejów;2002-01-01;
Szczekociny;2002-01-01;
Tomaszów Mazowiecki miasto;2002-01-01;
Tomaszów Mazowiecki wiejski;2002-01-01;
Tuszyn;2002-01-01;
Ujazd;2002-01-01;
Warka;2002-01-01;
Wielgomłyny;2002-01-01;
Włodowice;2002-01-01;
Włoszczowa;2002-01-01;
Wola Krzysztoporska;2002-01-01;
Wolbórz;2002-01-01;
Wolbrom;2002-01-01;
Wyśmierzyce;2002-01-01;
Zagnańsk;2002-01-01;
Zawiercie;2002-01-01;
Żarnowiec;2002-01-01;
Żarnów;2002-01-01;
Żytno;2002-01-01;
Aleksandrów;2003-01-01;
Andrespol;2003-01-01;
Belsk Duży;2003-01-01;
Będków;2003-01-01;
Białaczów;2003-01-01;
Białobrzegi;2003-01-01;
Bliżyn;2003-01-01;
Błędów;2003-01-01;
Brójce;2003-01-01;
Budziszewice;2003-01-01;
Charsznica;2003-01-01;
Czarnocin;2003-01-01;
Czerniewice;2003-01-01;
Drzewica;2003-01-01;
Fałków;2003-01-01;
Gielniów;2003-01-01;
Głowaczów;2003-01-01;
Gorzkowice;2003-01-01;
Goszczyn;2003-01-01;
Gowarczów;2003-01-01;
Grabica;2003-01-01;
Grabów nad Pilicą;2003-01-01;
Inowłódz;2003-01-01;
Irządze;2003-01-01;
Kluczewsko;2003-01-01;
Klwów;2003-01-01;
Kobiele Wielkie;2003-01-01;
Kodrąb;2003-01-01;
Koluszki;2003-01-01;
Koniecpol;2003-01-01;
Końskie;2003-01-01;
Kozłów;2003-01-01;
Krasocin;2003-01-01;
Kroczyce;2003-01-01;
Lelów;2003-01-01;
Lubochnia;2003-01-01;
Łęki Szlacheckie;2003-01-01;
Łopuszno;2003-01-01;
Magnuszew;2003-01-01;
Masłowice;2003-01-01;
Mniów;2003-01-01;
Mniszków;2003-01-01;
Mogielnica;2003-01-01;
Moskorzew;2003-01-01;
Moszczenica;2003-01-01;
Niegowa;2003-01-01;
Nowe Miasto nad Pilicą;2003-01-01;
Nowosolna;2003-01-01;
Odrzywół;2003-01-01;
Ogrodzieniec;2003-01-01;
Opoczno;2003-01-01;
Paradyż;2003-01-01;
Pilica;2003-01-01;
Piotrków Trybunalski;2003-01-01;
Poświętne;2003-01-01;
Promna;2003-01-01;
Przedbórz;2003-01-01;
Przysucha;2003-01-01;
Radoszyce;2003-01-01;
Radzanów;2003-01-01;
Ręczno;2003-01-01;
Rokiciny;2003-01-01;
Rozprza;2003-01-01;
Ruda Maleniecka;2003-01-01;
Rusinów;2003-01-01;
Rzeczyca;2003-01-01;
Sadkowice;2003-01-01;
Secemin;2003-01-01;
Sławno;2003-01-01;
Słupia;2003-01-01;
Słupia Konecka;2003-01-01;
Smyków;2003-01-01;
Stąporków;2003-01-01;
Stromiec;2003-01-01;
Sulejów;2003-01-01;
Szczekociny;2003-01-01;
Tomaszów Mazowiecki miasto;2003-01-01;
Tomaszów Mazowiecki wiejski;2003-01-01;
Tuszyn;2003-01-01;
Ujazd;2003-01-01;
Warka;2003-01-01;
Wielgomłyny;2003-01-01;
Włodowice;2003-01-01;
Włoszczowa;2003-01-01;
Wola Krzysztoporska;2003-01-01;
Wolbórz;2003-01-01;
Wolbrom;2003-01-01;
Wyśmierzyce;2003-01-01;
Zagnańsk;2003-01-01;
Zawiercie;2003-01-01;
Żarnowiec;2003-01-01;
Żarnów;2003-01-01;
Żytno;2003-01-01;
Aleksandrów;2004-01-01;
Andrespol;2004-01-01;
Belsk Duży;2004-01-01;
Będków;2004-01-01;
Białaczów;2004-01-01;
Białobrzegi;2004-01-01;
Bliżyn;2004-01-01;
Błędów;2004-01-01;
Brójce;2004-01-01;
Budziszewice;2004-01-01;
Charsznica;2004-01-01;
Czarnocin;2004-01-01;
Czerniewice;2004-01-01;
Drzewica;2004-01-01;
Fałków;2004-01-01;
Gielniów;2004-01-01;
Głowaczów;2004-01-01;
Gorzkowice;2004-01-01;
Goszczyn;2004-01-01;
Gowarczów;2004-01-01;
Grabica;2004-01-01;
Grabów nad Pilicą;2004-01-01;
Inowłódz;2004-01-01;
Irządze;2004-01-01;
Kluczewsko;2004-01-01;
Klwów;2004-01-01;
Kobiele Wielkie;2004-01-01;
Kodrąb;2004-01-01;
Koluszki;2004-01-01;
Koniecpol;2004-01-01;
Końskie;2004-01-01;
Kozłów;2004-01-01;
Krasocin;2004-01-01;
Kroczyce;2004-01-01;
Lelów;2004-01-01;
Lubochnia;2004-01-01;
Łęki Szlacheckie;2004-01-01;
Łopuszno;2004-01-01;
Magnuszew;2004-01-01;
Masłowice;2004-01-01;
Mniów;2004-01-01;
Mniszków;2004-01-01;
Mogielnica;2004-01-01;
Moskorzew;2004-01-01;
Moszczenica;2004-01-01;
Niegowa;2004-01-01;
Nowe Miasto nad Pilicą;2004-01-01;
Nowosolna;2004-01-01;
Odrzywół;2004-01-01;
Ogrodzieniec;2004-01-01;
Opoczno;2004-01-01;
Paradyż;2004-01-01;
Pilica;2004-01-01;
Piotrków Trybunalski;2004-01-01;
Poświętne;2004-01-01;
Promna;2004-01-01;
Przedbórz;2004-01-01;
Przysucha;2004-01-01;
Radoszyce;2004-01-01;
Radzanów;2004-01-01;
Ręczno;2004-01-01;
Rokiciny;2004-01-01;
Rozprza;2004-01-01;
Ruda Maleniecka;2004-01-01;
Rusinów;2004-01-01;
Rzeczyca;2004-01-01;
Sadkowice;2004-01-01;
Secemin;2004-01-01;
Sławno;2004-01-01;
Słupia;2004-01-01;
Słupia Konecka;2004-01-01;
Smyków;2004-01-01;
Stąporków;2004-01-01;
Stromiec;2004-01-01;
Sulejów;2004-01-01;
Szczekociny;2004-01-01;
Tomaszów Mazowiecki miasto;2004-01-01;
Tomaszów Mazowiecki wiejski;2004-01-01;
Tuszyn;2004-01-01;
Ujazd;2004-01-01;
Warka;2004-01-01;
Wielgomłyny;2004-01-01;
Włodowice;2004-01-01;
Włoszczowa;2004-01-01;
Wola Krzysztoporska;2004-01-01;
Wolbórz;2004-01-01;
Wolbrom;2004-01-01;
Wyśmierzyce;2004-01-01;
Zagnańsk;2004-01-01;
Zawiercie;2004-01-01;
Żarnowiec;2004-01-01;
Żarnów;2004-01-01;
Żytno;2004-01-01;
Aleksandrów;2005-01-01;
Andrespol;2005-01-01;
Belsk Duży;2005-01-01;
Będków;2005-01-01;
Białaczów;2005-01-01;
Białobrzegi;2005-01-01;
Bliżyn;2005-01-01;
Błędów;2005-01-01;
Brójce;2005-01-01;
Budziszewice;2005-01-01;
Charsznica;2005-01-01;
Czarnocin;2005-01-01;
Czerniewice;2005-01-01;
Drzewica;2005-01-01;
Fałków;2005-01-01;
Gielniów;2005-01-01;
Głowaczów;2005-01-01;
Gorzkowice;2005-01-01;
Goszczyn;2005-01-01;
Gowarczów;2005-01-01;
Grabica;2005-01-01;
Grabów nad Pilicą;2005-01-01;
Inowłódz;2005-01-01;
Irządze;2005-01-01;
Kluczewsko;2005-01-01;
Klwów;2005-01-01;
Kobiele Wielkie;2005-01-01;
Kodrąb;2005-01-01;
Koluszki;2005-01-01;
Koniecpol;2005-01-01;
Końskie;2005-01-01;
Kozłów;2005-01-01;
Krasocin;2005-01-01;
Kroczyce;2005-01-01;
Lelów;2005-01-01;
Lubochnia;2005-01-01;
Łęki Szlacheckie;2005-01-01;
Łopuszno;2005-01-01;
Magnuszew;2005-01-01;
Masłowice;2005-01-01;
Mniów;2005-01-01;
Mniszków;2005-01-01;
Mogielnica;2005-01-01;
Moskorzew;2005-01-01;
Moszczenica;2005-01-01;
Niegowa;2005-01-01;
Nowe Miasto nad Pilicą;2005-01-01;
Nowosolna;2005-01-01;
Odrzywół;2005-01-01;
Ogrodzieniec;2005-01-01;
Opoczno;2005-01-01;
Paradyż;2005-01-01;
Pilica;2005-01-01;
Piotrków Trybunalski;2005-01-01;
Poświętne;2005-01-01;
Promna;2005-01-01;
Przedbórz;2005-01-01;
Przysucha;2005-01-01;
Radoszyce;2005-01-01;
Radzanów;2005-01-01;
Ręczno;2005-01-01;
Rokiciny;2005-01-01;
Rozprza;2005-01-01;
Ruda Maleniecka;2005-01-01;
Rusinów;2005-01-01;
Rzeczyca;2005-01-01;
Sadkowice;2005-01-01;
Secemin;2005-01-01;
Sławno;2005-01-01;
Słupia;2005-01-01;
Słupia Konecka;2005-01-01;
Smyków;2005-01-01;
Stąporków;2005-01-01;
Stromiec;2005-01-01;
Sulejów;2005-01-01;
Szczekociny;2005-01-01;
Tomaszów Mazowiecki miasto;2005-01-01;
Tomaszów Mazowiecki wiejski;2005-01-01;
Tuszyn;2005-01-01;
Ujazd;2005-01-01;
Warka;2005-01-01;
Wielgomłyny;2005-01-01;
Włodowice;2005-01-01;
Włoszczowa;2005-01-01;
Wola Krzysztoporska;2005-01-01;
Wolbórz;2005-01-01;
Wolbrom;2005-01-01;
Wyśmierzyce;2005-01-01;
Zagnańsk;2005-01-01;
Zawiercie;2005-01-01;
Żarnowiec;2005-01-01;
Żarnów;2005-01-01;
Żytno;2005-01-01;
Aleksandrów;2006-01-01;
Andrespol;2006-01-01;
Belsk Duży;2006-01-01;
Będków;2006-01-01;
Białaczów;2006-01-01;
Białobrzegi;2006-01-01;
Bliżyn;2006-01-01;
Błędów;2006-01-01;
Brójce;2006-01-01;
Budziszewice;2006-01-01;
Charsznica;2006-01-01;
Czarnocin;2006-01-01;
Czerniewice;2006-01-01;
Drzewica;2006-01-01;
Fałków;2006-01-01;
Gielniów;2006-01-01;
Głowaczów;2006-01-01;
Gorzkowice;2006-01-01;
Goszczyn;2006-01-01;
Gowarczów;2006-01-01;
Grabica;2006-01-01;
Grabów nad Pilicą;2006-01-01;
Inowłódz;2006-01-01;
Irządze;2006-01-01;
Kluczewsko;2006-01-01;
Klwów;2006-01-01;
Kobiele Wielkie;2006-01-01;
Kodrąb;2006-01-01;
Koluszki;2006-01-01;
Koniecpol;2006-01-01;
Końskie;2006-01-01;
Kozłów;2006-01-01;
Krasocin;2006-01-01;
Kroczyce;2006-01-01;
Lelów;2006-01-01;
Lubochnia;2006-01-01;
Łęki Szlacheckie;2006-01-01;
Łopuszno;2006-01-01;
Magnuszew;2006-01-01;
Masłowice;2006-01-01;
Mniów;2006-01-01;
Mniszków;2006-01-01;
Mogielnica;2006-01-01;
Moskorzew;2006-01-01;
Moszczenica;2006-01-01;
Niegowa;2006-01-01;
Nowe Miasto nad Pilicą;2006-01-01;
Nowosolna;2006-01-01;
Odrzywół;2006-01-01;
Ogrodzieniec;2006-01-01;
Opoczno;2006-01-01;
Paradyż;2006-01-01;
Pilica;2006-01-01;
Piotrków Trybunalski;2006-01-01;
Poświętne;2006-01-01;
Promna;2006-01-01;
Przedbórz;2006-01-01;
Przysucha;2006-01-01;
Radoszyce;2006-01-01;
Radzanów;2006-01-01;
Ręczno;2006-01-01;
Rokiciny;2006-01-01;
Rozprza;2006-01-01;
Ruda Maleniecka;2006-01-01;
Rusinów;2006-01-01;
Rzeczyca;2006-01-01;
Sadkowice;2006-01-01;
Secemin;2006-01-01;
Sławno;2006-01-01;
Słupia;2006-01-01;
Słupia Konecka;2006-01-01;
Smyków;2006-01-01;
Stąporków;2006-01-01;
Stromiec;2006-01-01;
Sulejów;2006-01-01;
Szczekociny;2006-01-01;
Tomaszów Mazowiecki miasto;2006-01-01;
Tomaszów Mazowiecki wiejski;2006-01-01;
Tuszyn;2006-01-01;
Ujazd;2006-01-01;
Warka;2006-01-01;
Wielgomłyny;2006-01-01;
Włodowice;2006-01-01;
Włoszczowa;2006-01-01;
Wola Krzysztoporska;2006-01-01;
Wolbórz;2006-01-01;
Wolbrom;2006-01-01;
Wyśmierzyce;2006-01-01;
Zagnańsk;2006-01-01;
Zawiercie;2006-01-01;
Żarnowiec;2006-01-01;
Żarnów;2006-01-01;
Żytno;2006-01-01;
Aleksandrów;2007-01-01;
Andrespol;2007-01-01;
Belsk Duży;2007-01-01;
Będków;2007-01-01;
Białaczów;2007-01-01;
Białobrzegi;2007-01-01;
Bliżyn;2007-01-01;
Błędów;2007-01-01;
Brójce;2007-01-01;
Budziszewice;2007-01-01;
Charsznica;2007-01-01;
Czarnocin;2007-01-01;
Czerniewice;2007-01-01;
Drzewica;2007-01-01;
Fałków;2007-01-01;
Gielniów;2007-01-01;
Głowaczów;2007-01-01;
Gorzkowice;2007-01-01;
Goszczyn;2007-01-01;
Gowarczów;2007-01-01;
Grabica;2007-01-01;
Grabów nad Pilicą;2007-01-01;
Inowłódz;2007-01-01;
Irządze;2007-01-01;
Kluczewsko;2007-01-01;
Klwów;2007-01-01;
Kobiele Wielkie;2007-01-01;
Kodrąb;2007-01-01;
Koluszki;2007-01-01;
Koniecpol;2007-01-01;
Końskie;2007-01-01;
Kozłów;2007-01-01;
Krasocin;2007-01-01;
Kroczyce;2007-01-01;
Lelów;2007-01-01;
Lubochnia;2007-01-01;
Łęki Szlacheckie;2007-01-01;
Łopuszno;2007-01-01;
Magnuszew;2007-01-01;
Masłowice;2007-01-01;
Mniów;2007-01-01;
Mniszków;2007-01-01;
Mogielnica;2007-01-01;
Moskorzew;2007-01-01;
Moszczenica;2007-01-01;
Niegowa;2007-01-01;
Nowe Miasto nad Pilicą;2007-01-01;
Nowosolna;2007-01-01;
Odrzywół;2007-01-01;
Ogrodzieniec;2007-01-01;
Opoczno;2007-01-01;
Paradyż;2007-01-01;
Pilica;2007-01-01;
Piotrków Trybunalski;2007-01-01;
Poświętne;2007-01-01;
Promna;2007-01-01;
Przedbórz;2007-01-01;
Przysucha;2007-01-01;
Radoszyce;2007-01-01;
Radzanów;2007-01-01;
Ręczno;2007-01-01;
Rokiciny;2007-01-01;
Rozprza;2007-01-01;
Ruda Maleniecka;2007-01-01;
Rusinów;2007-01-01;
Rzeczyca;2007-01-01;
Sadkowice;2007-01-01;
Secemin;2007-01-01;
Sławno;2007-01-01;
Słupia;2007-01-01;
Słupia Konecka;2007-01-01;
Smyków;2007-01-01;
Stąporków;2007-01-01;
Stromiec;2007-01-01;
Sulejów;2007-01-01;
Szczekociny;2007-01-01;
Tomaszów Mazowiecki miasto;2007-01-01;
Tomaszów Mazowiecki wiejski;2007-01-01;
Tuszyn;2007-01-01;
Ujazd;2007-01-01;
Warka;2007-01-01;
Wielgomłyny;2007-01-01;
Włodowice;2007-01-01;
Włoszczowa;2007-01-01;
Wola Krzysztoporska;2007-01-01;
Wolbórz;2007-01-01;
Wolbrom;2007-01-01;
Wyśmierzyce;2007-01-01;
Zagnańsk;2007-01-01;
Zawiercie;2007-01-01;
Żarnowiec;2007-01-01;
Żarnów;2007-01-01;
Żytno;2007-01-01;
Aleksandrów;2008-01-01;
Andrespol;2008-01-01;
Belsk Duży;2008-01-01;
Będków;2008-01-01;
Białaczów;2008-01-01;
Białobrzegi;2008-01-01;
Bliżyn;2008-01-01;
Błędów;2008-01-01;
Brójce;2008-01-01;
Budziszewice;2008-01-01;
Charsznica;2008-01-01;
Czarnocin;2008-01-01;
Czerniewice;2008-01-01;
Drzewica;2008-01-01;
Fałków;2008-01-01;
Gielniów;2008-01-01;
Głowaczów;2008-01-01;
Gorzkowice;2008-01-01;
Goszczyn;2008-01-01;
Gowarczów;2008-01-01;
Grabica;2008-01-01;
Grabów nad Pilicą;2008-01-01;
Inowłódz;2008-01-01;
Irządze;2008-01-01;
Kluczewsko;2008-01-01;
Klwów;2008-01-01;
Kobiele Wielkie;2008-01-01;
Kodrąb;2008-01-01;
Koluszki;2008-01-01;
Koniecpol;2008-01-01;
Końskie;2008-01-01;
Kozłów;2008-01-01;
Krasocin;2008-01-01;
Kroczyce;2008-01-01;
Lelów;2008-01-01;
Lubochnia;2008-01-01;
Łęki Szlacheckie;2008-01-01;
Łopuszno;2008-01-01;
Magnuszew;2008-01-01;
Masłowice;2008-01-01;
Mniów;2008-01-01;
Mniszków;2008-01-01;
Mogielnica;2008-01-01;
Moskorzew;2008-01-01;
Moszczenica;2008-01-01;
Niegowa;2008-01-01;
Nowe Miasto nad Pilicą;2008-01-01;
Nowosolna;2008-01-01;
Odrzywół;2008-01-01;
Ogrodzieniec;2008-01-01;
Opoczno;2008-01-01;
Paradyż;2008-01-01;
Pilica;2008-01-01;
Piotrków Trybunalski;2008-01-01;
Poświętne;2008-01-01;
Promna;2008-01-01;
Przedbórz;2008-01-01;
Przysucha;2008-01-01;
Radoszyce;2008-01-01;
Radzanów;2008-01-01;
Ręczno;2008-01-01;
Rokiciny;2008-01-01;
Rozprza;2008-01-01;
Ruda Maleniecka;2008-01-01;
Rusinów;2008-01-01;
Rzeczyca;2008-01-01;
Sadkowice;2008-01-01;
Secemin;2008-01-01;
Sławno;2008-01-01;
Słupia;2008-01-01;
Słupia Konecka;2008-01-01;
Smyków;2008-01-01;
Stąporków;2008-01-01;
Stromiec;2008-01-01;
Sulejów;2008-01-01;
Szczekociny;2008-01-01;
Tomaszów Mazowiecki miasto;2008-01-01;
Tomaszów Mazowiecki wiejski;2008-01-01;
Tuszyn;2008-01-01;
Ujazd;2008-01-01;
Warka;2008-01-01;
Wielgomłyny;2008-01-01;
Włodowice;2008-01-01;
Włoszczowa;2008-01-01;
Wola Krzysztoporska;2008-01-01;
Wolbórz;2008-01-01;
Wolbrom;2008-01-01;
Wyśmierzyce;2008-01-01;
Zagnańsk;2008-01-01;
Zawiercie;2008-01-01;
Żarnowiec;2008-01-01;
Żarnów;2008-01-01;
Żytno;2008-01-01;
Aleksandrów;2009-01-01;
Andrespol;2009-01-01;
Belsk Duży;2009-01-01;
Będków;2009-01-01;
Białaczów;2009-01-01;
Białobrzegi;2009-01-01;
Bliżyn;2009-01-01;
Błędów;2009-01-01;
Brójce;2009-01-01;
Budziszewice;2009-01-01;
Charsznica;2009-01-01;
Czarnocin;2009-01-01;
Czerniewice;2009-01-01;
Drzewica;2009-01-01;
Fałków;2009-01-01;
Gielniów;2009-01-01;
Głowaczów;2009-01-01;
Gorzkowice;2009-01-01;
Goszczyn;2009-01-01;
Gowarczów;2009-01-01;
Grabica;2009-01-01;
Grabów nad Pilicą;2009-01-01;
Inowłódz;2009-01-01;
Irządze;2009-01-01;
Kluczewsko;2009-01-01;
Klwów;2009-01-01;
Kobiele Wielkie;2009-01-01;
Kodrąb;2009-01-01;
Koluszki;2009-01-01;
Koniecpol;2009-01-01;
Końskie;2009-01-01;
Kozłów;2009-01-01;
Krasocin;2009-01-01;
Kroczyce;2009-01-01;
Lelów;2009-01-01;
Lubochnia;2009-01-01;
Łęki Szlacheckie;2009-01-01;
Łopuszno;2009-01-01;
Magnuszew;2009-01-01;
Masłowice;2009-01-01;
Mniów;2009-01-01;
Mniszków;2009-01-01;
Mogielnica;2009-01-01;
Moskorzew;2009-01-01;
Moszczenica;2009-01-01;
Niegowa;2009-01-01;
Nowe Miasto nad Pilicą;2009-01-01;
Nowosolna;2009-01-01;
Odrzywół;2009-01-01;
Ogrodzieniec;2009-01-01;
Opoczno;2009-01-01;
Paradyż;2009-01-01;
Pilica;2009-01-01;
Piotrków Trybunalski;2009-01-01;
Poświętne;2009-01-01;
Promna;2009-01-01;
Przedbórz;2009-01-01;
Przysucha;2009-01-01;
Radoszyce;2009-01-01;
Radzanów;2009-01-01;
Ręczno;2009-01-01;
Rokiciny;2009-01-01;
Rozprza;2009-01-01;
Ruda Maleniecka;2009-01-01;
Rusinów;2009-01-01;
Rzeczyca;2009-01-01;
Sadkowice;2009-01-01;
Secemin;2009-01-01;
Sławno;2009-01-01;
Słupia;2009-01-01;
Słupia Konecka;2009-01-01;
Smyków;2009-01-01;
Stąporków;2009-01-01;
Stromiec;2009-01-01;
Sulejów;2009-01-01;
Szczekociny;2009-01-01;
Tomaszów Mazowiecki miasto;2009-01-01;
Tomaszów Mazowiecki wiejski;2009-01-01;
Tuszyn;2009-01-01;
Ujazd;2009-01-01;
Warka;2009-01-01;
Wielgomłyny;2009-01-01;
Włodowice;2009-01-01;
Włoszczowa;2009-01-01;
Wola Krzysztoporska;2009-01-01;
Wolbórz;2009-01-01;
Wolbrom;2009-01-01;
Wyśmierzyce;2009-01-01;
Zagnańsk;2009-01-01;
Zawiercie;2009-01-01;
Żarnowiec;2009-01-01;
Żarnów;2009-01-01;
Żytno;2009-01-01;
Aleksandrów;2010-01-01;
Andrespol;2010-01-01;
Belsk Duży;2010-01-01;
Będków;2010-01-01;
Białaczów;2010-01-01;
Białobrzegi;2010-01-01;
Bliżyn;2010-01-01;
Błędów;2010-01-01;
Brójce;2010-01-01;
Budziszewice;2010-01-01;
Charsznica;2010-01-01;
Czarnocin;2010-01-01;
Czerniewice;2010-01-01;
Drzewica;2010-01-01;
Fałków;2010-01-01;
Gielniów;2010-01-01;
Głowaczów;2010-01-01;
Gorzkowice;2010-01-01;
Goszczyn;2010-01-01;
Gowarczów;2010-01-01;
Grabica;2010-01-01;
Grabów nad Pilicą;2010-01-01;
Inowłódz;2010-01-01;
Irządze;2010-01-01;
Kluczewsko;2010-01-01;
Klwów;2010-01-01;
Kobiele Wielkie;2010-01-01;
Kodrąb;2010-01-01;
Koluszki;2010-01-01;
Koniecpol;2010-01-01;
Końskie;2010-01-01;
Kozłów;2010-01-01;
Krasocin;2010-01-01;
Kroczyce;2010-01-01;
Lelów;2010-01-01;
Lubochnia;2010-01-01;
Łęki Szlacheckie;2010-01-01;
Łopuszno;2010-01-01;
Magnuszew;2010-01-01;
Masłowice;2010-01-01;
Mniów;2010-01-01;
Mniszków;2010-01-01;
Mogielnica;2010-01-01;
Moskorzew;2010-01-01;
Moszczenica;2010-01-01;
Niegowa;2010-01-01;
Nowe Miasto nad Pilicą;2010-01-01;
Nowosolna;2010-01-01;
Odrzywół;2010-01-01;
Ogrodzieniec;2010-01-01;
Opoczno;2010-01-01;
Paradyż;2010-01-01;
Pilica;2010-01-01;
Piotrków Trybunalski;2010-01-01;
Poświętne;2010-01-01;
Promna;2010-01-01;
Przedbórz;2010-01-01;
Przysucha;2010-01-01;
Radoszyce;2010-01-01;
Radzanów;2010-01-01;
Ręczno;2010-01-01;
Rokiciny;2010-01-01;
Rozprza;2010-01-01;
Ruda Maleniecka;2010-01-01;
Rusinów;2010-01-01;
Rzeczyca;2010-01-01;
Sadkowice;2010-01-01;
Secemin;2010-01-01;
Sławno;2010-01-01;
Słupia;2010-01-01;
Słupia Konecka;2010-01-01;
Smyków;2010-01-01;
Stąporków;2010-01-01;
Stromiec;2010-01-01;
Sulejów;2010-01-01;
Szczekociny;2010-01-01;
Tomaszów Mazowiecki miasto;2010-01-01;
Tomaszów Mazowiecki wiejski;2010-01-01;
Tuszyn;2010-01-01;
Ujazd;2010-01-01;
Warka;2010-01-01;
Wielgomłyny;2010-01-01;
Włodowice;2010-01-01;
Włoszczowa;2010-01-01;
Wola Krzysztoporska;2010-01-01;
Wolbórz;2010-01-01;
Wolbrom;2010-01-01;
Wyśmierzyce;2010-01-01;
Zagnańsk;2010-01-01;
Zawiercie;2010-01-01;
Żarnowiec;2010-01-01;
Żarnów;2010-01-01;
Żytno;2010-01-01;
Aleksandrów;2011-01-01;
Andrespol;2011-01-01;
Belsk Duży;2011-01-01;
Będków;2011-01-01;
Białaczów;2011-01-01;
Białobrzegi;2011-01-01;
Bliżyn;2011-01-01;
Błędów;2011-01-01;
Brójce;2011-01-01;
Budziszewice;2011-01-01;
Charsznica;2011-01-01;
Czarnocin;2011-01-01;
Czerniewice;2011-01-01;
Drzewica;2011-01-01;
Fałków;2011-01-01;
Gielniów;2011-01-01;
Głowaczów;2011-01-01;
Gorzkowice;2011-01-01;
Goszczyn;2011-01-01;
Gowarczów;2011-01-01;
Grabica;2011-01-01;
Grabów nad Pilicą;2011-01-01;
Inowłódz;2011-01-01;
Irządze;2011-01-01;
Kluczewsko;2011-01-01;
Klwów;2011-01-01;
Kobiele Wielkie;2011-01-01;
Kodrąb;2011-01-01;
Koluszki;2011-01-01;
Koniecpol;2011-01-01;
Końskie;2011-01-01;
Kozłów;2011-01-01;
Krasocin;2011-01-01;
Kroczyce;2011-01-01;
Lelów;2011-01-01;
Lubochnia;2011-01-01;
Łęki Szlacheckie;2011-01-01;
Łopuszno;2011-01-01;
Magnuszew;2011-01-01;
Masłowice;2011-01-01;
Mniów;2011-01-01;
Mniszków;2011-01-01;
Mogielnica;2011-01-01;
Moskorzew;2011-01-01;
Moszczenica;2011-01-01;
Niegowa;2011-01-01;
Nowe Miasto nad Pilicą;2011-01-01;
Nowosolna;2011-01-01;
Odrzywół;2011-01-01;
Ogrodzieniec;2011-01-01;
Opoczno;2011-01-01;
Paradyż;2011-01-01;
Pilica;2011-01-01;
Piotrków Trybunalski;2011-01-01;
Poświętne;2011-01-01;
Promna;2011-01-01;
Przedbórz;2011-01-01;
Przysucha;2011-01-01;
Radoszyce;2011-01-01;
Radzanów;2011-01-01;
Ręczno;2011-01-01;
Rokiciny;2011-01-01;
Rozprza;2011-01-01;
Ruda Maleniecka;2011-01-01;
Rusinów;2011-01-01;
Rzeczyca;2011-01-01;
Sadkowice;2011-01-01;
Secemin;2011-01-01;
Sławno;2011-01-01;
Słupia;2011-01-01;
Słupia Konecka;2011-01-01;
Smyków;2011-01-01;
Stąporków;2011-01-01;
Stromiec;2011-01-01;
Sulejów;2011-01-01;
Szczekociny;2011-01-01;
Tomaszów Mazowiecki miasto;2011-01-01;
Tomaszów Mazowiecki wiejski;2011-01-01;
Tuszyn;2011-01-01;
Ujazd;2011-01-01;
Warka;2011-01-01;
Wielgomłyny;2011-01-01;
Włodowice;2011-01-01;
Włoszczowa;2011-01-01;
Wola Krzysztoporska;2011-01-01;
Wolbórz;2011-01-01;
Wolbrom;2011-01-01;
Wyśmierzyce;2011-01-01;
Zagnańsk;2011-01-01;
Zawiercie;2011-01-01;
Żarnowiec;2011-01-01;
Żarnów;2011-01-01;
Żytno;2011-01-01;
Aleksandrów;2012-01-01;172
Andrespol;2012-01-01;1364
Belsk Duży;2012-01-01;430
Będków;2012-01-01;184
Białaczów;2012-01-01;213
Białobrzegi;2012-01-01;1222
Bliżyn;2012-01-01;520
Błędów;2012-01-01;542
Brójce;2012-01-01;554
Budziszewice;2012-01-01;167
Charsznica;2012-01-01;449
Czarnocin;2012-01-01;310
Czerniewice;2012-01-01;300
Drzewica;2012-01-01;573
Fałków;2012-01-01;193
Gielniów;2012-01-01;262
Głowaczów;2012-01-01;378
Gorzkowice;2012-01-01;417
Goszczyn;2012-01-01;181
Gowarczów;2012-01-01;247
Grabica;2012-01-01;408
Grabów nad Pilicą;2012-01-01;179
Inowłódz;2012-01-01;269
Irządze;2012-01-01;127
Kluczewsko;2012-01-01;317
Klwów;2012-01-01;152
Kobiele Wielkie;2012-01-01;311
Kodrąb;2012-01-01;246
Koluszki;2012-01-01;2130
Koniecpol;2012-01-01;668
Końskie;2012-01-01;3554
Kozłów;2012-01-01;259
Krasocin;2012-01-01;1003
Kroczyce;2012-01-01;420
Lelów;2012-01-01;297
Lubochnia;2012-01-01;457
Łęki Szlacheckie;2012-01-01;135
Łopuszno;2012-01-01;563
Magnuszew;2012-01-01;296
Masłowice;2012-01-01;186
Mniów;2012-01-01;497
Mniszków;2012-01-01;229
Mogielnica;2012-01-01;510
Moskorzew;2012-01-01;145
Moszczenica;2012-01-01;705
Niegowa;2012-01-01;427
Nowe Miasto nad Pilicą;2012-01-01;551
Nowosolna;2012-01-01;590
Odrzywół;2012-01-01;246
Ogrodzieniec;2012-01-01;941
Opoczno;2012-01-01;2407
Paradyż;2012-01-01;202
Pilica;2012-01-01;602
Piotrków Trybunalski;2012-01-01;7450
Poświętne;2012-01-01;197
Promna;2012-01-01;380
Przedbórz;2012-01-01;565
Przysucha;2012-01-01;969
Radoszyce;2012-01-01;
Radzanów;2012-01-01;173
Ręczno;2012-01-01;181
Rokiciny;2012-01-01;388
Rozprza;2012-01-01;542
Ruda Maleniecka;2012-01-01;161
Rusinów;2012-01-01;232
Rzeczyca;2012-01-01;224
Sadkowice;2012-01-01;198
Secemin;2012-01-01;224
Sławno;2012-01-01;279
Słupia;2012-01-01;168
Słupia Konecka;2012-01-01;182
Smyków;2012-01-01;260
Stąporków;2012-01-01;1181
Stromiec;2012-01-01;280
Sulejów;2012-01-01;1239
Szczekociny;2012-01-01;697
Tomaszów Mazowiecki miasto;2012-01-01;5493
Tomaszów Mazowiecki wiejski;2012-01-01;862
Tuszyn;2012-01-01;1411
Ujazd;2012-01-01;550
Warka;2012-01-01;1458
Wielgomłyny;2012-01-01;226
Włodowice;2012-01-01;372
Włoszczowa;2012-01-01;1504
Wola Krzysztoporska;2012-01-01;619
Wolbórz;2012-01-01;489
Wolbrom;2012-01-01;2329
Wyśmierzyce;2012-01-01;187
Zagnańsk;2012-01-01;1030
Zawiercie;2012-01-01;5013
Żarnowiec;2012-01-01;267
Żarnów;2012-01-01;287
Żytno;2012-01-01;220
Aleksandrów;2013-01-01;180
Andrespol;2013-01-01;1416
Belsk Duży;2013-01-01;445
Będków;2013-01-01;198
Białaczów;2013-01-01;224
Białobrzegi;2013-01-01;1250
Bliżyn;2013-01-01;558
Błędów;2013-01-01;548
Brójce;2013-01-01;587
Budziszewice;2013-01-01;182
Charsznica;2013-01-01;474
Czarnocin;2013-01-01;315
Czerniewice;2013-01-01;323
Drzewica;2013-01-01;592
Fałków;2013-01-01;196
Gielniów;2013-01-01;272
Głowaczów;2013-01-01;374
Gorzkowice;2013-01-01;428
Goszczyn;2013-01-01;185
Gowarczów;2013-01-01;257
Grabica;2013-01-01;406
Grabów nad Pilicą;2013-01-01;173
Inowłódz;2013-01-01;273
Irządze;2013-01-01;132
Kluczewsko;2013-01-01;335
Klwów;2013-01-01;152
Kobiele Wielkie;2013-01-01;323
Kodrąb;2013-01-01;266
Koluszki;2013-01-01;2130
Koniecpol;2013-01-01;675
Końskie;2013-01-01;3569
Kozłów;2013-01-01;243
Krasocin;2013-01-01;1054
Kroczyce;2013-01-01;427
Lelów;2013-01-01;299
Lubochnia;2013-01-01;476
Łęki Szlacheckie;2013-01-01;135
Łopuszno;2013-01-01;604
Magnuszew;2013-01-01;319
Masłowice;2013-01-01;181
Mniów;2013-01-01;508
Mniszków;2013-01-01;240
Mogielnica;2013-01-01;542
Moskorzew;2013-01-01;148
Moszczenica;2013-01-01;737
Niegowa;2013-01-01;451
Nowe Miasto nad Pilicą;2013-01-01;567
Nowosolna;2013-01-01;610
Odrzywół;2013-01-01;260
Ogrodzieniec;2013-01-01;947
Opoczno;2013-01-01;2482
Paradyż;2013-01-01;210
Pilica;2013-01-01;620
Piotrków Trybunalski;2013-01-01;7539
Poświętne;2013-01-01;194
Promna;2013-01-01;369
Przedbórz;2013-01-01;580
Przysucha;2013-01-01;964
Radoszyce;2013-01-01;
Radzanów;2013-01-01;179
Ręczno;2013-01-01;185
Rokiciny;2013-01-01;407
Rozprza;2013-01-01;554
Ruda Maleniecka;2013-01-01;156
Rusinów;2013-01-01;240
Rzeczyca;2013-01-01;219
Sadkowice;2013-01-01;203
Secemin;2013-01-01;226
Sławno;2013-01-01;298
Słupia;2013-01-01;173
Słupia Konecka;2013-01-01;191
Smyków;2013-01-01;248
Stąporków;2013-01-01;1183
Stromiec;2013-01-01;294
Sulejów;2013-01-01;1250
Szczekociny;2013-01-01;701
Tomaszów Mazowiecki miasto;2013-01-01;5512
Tomaszów Mazowiecki wiejski;2013-01-01;904
Tuszyn;2013-01-01;1442
Ujazd;2013-01-01;578
Warka;2013-01-01;1493
Wielgomłyny;2013-01-01;233
Włodowice;2013-01-01;389
Włoszczowa;2013-01-01;1509
Wola Krzysztoporska;2013-01-01;626
Wolbórz;2013-01-01;506
Wolbrom;2013-01-01;2333
Wyśmierzyce;2013-01-01;191
Zagnańsk;2013-01-01;1069
Zawiercie;2013-01-01;5072
Żarnowiec;2013-01-01;283
Żarnów;2013-01-01;282
Żytno;2013-01-01;217
Aleksandrów;2014-01-01;181
Andrespol;2014-01-01;1450
Belsk Duży;2014-01-01;452
Będków;2014-01-01;203
Białaczów;2014-01-01;224
Białobrzegi;2014-01-01;1263
Bliżyn;2014-01-01;546
Błędów;2014-01-01;549
Brójce;2014-01-01;605
Budziszewice;2014-01-01;188
Charsznica;2014-01-01;480
Czarnocin;2014-01-01;323
Czerniewice;2014-01-01;306
Drzewica;2014-01-01;589
Fałków;2014-01-01;196
Gielniów;2014-01-01;278
Głowaczów;2014-01-01;376
Gorzkowice;2014-01-01;441
Goszczyn;2014-01-01;196
Gowarczów;2014-01-01;264
Grabica;2014-01-01;430
Grabów nad Pilicą;2014-01-01;185
Inowłódz;2014-01-01;288
Irządze;2014-01-01;139
Kluczewsko;2014-01-01;375
Klwów;2014-01-01;169
Kobiele Wielkie;2014-01-01;330
Kodrąb;2014-01-01;275
Koluszki;2014-01-01;2123
Koniecpol;2014-01-01;673
Końskie;2014-01-01;3547
Kozłów;2014-01-01;251
Krasocin;2014-01-01;1114
Kroczyce;2014-01-01;432
Lelów;2014-01-01;311
Lubochnia;2014-01-01;503
Łęki Szlacheckie;2014-01-01;147
Łopuszno;2014-01-01;621
Magnuszew;2014-01-01;326
Masłowice;2014-01-01;191
Mniów;2014-01-01;526
Mniszków;2014-01-01;254
Mogielnica;2014-01-01;560
Moskorzew;2014-01-01;154
Moszczenica;2014-01-01;786
Niegowa;2014-01-01;465
Nowe Miasto nad Pilicą;2014-01-01;563
Nowosolna;2014-01-01;638
Odrzywół;2014-01-01;257
Ogrodzieniec;2014-01-01;941
Opoczno;2014-01-01;2501
Paradyż;2014-01-01;216
Pilica;2014-01-01;625
Piotrków Trybunalski;2014-01-01;7494
Poświętne;2014-01-01;193
Promna;2014-01-01;383
Przedbórz;2014-01-01;584
Przysucha;2014-01-01;984
Radoszyce;2014-01-01;
Radzanów;2014-01-01;185
Ręczno;2014-01-01;199
Rokiciny;2014-01-01;429
Rozprza;2014-01-01;562
Ruda Maleniecka;2014-01-01;157
Rusinów;2014-01-01;236
Rzeczyca;2014-01-01;232
Sadkowice;2014-01-01;204
Secemin;2014-01-01;234
Sławno;2014-01-01;303
Słupia;2014-01-01;171
Słupia Konecka;2014-01-01;195
Smyków;2014-01-01;259
Stąporków;2014-01-01;1172
Stromiec;2014-01-01;304
Sulejów;2014-01-01;1264
Szczekociny;2014-01-01;706
Tomaszów Mazowiecki miasto;2014-01-01;5436
Tomaszów Mazowiecki wiejski;2014-01-01;928
Tuszyn;2014-01-01;1465
Ujazd;2014-01-01;607
Warka;2014-01-01;1534
Wielgomłyny;2014-01-01;228
Włodowice;2014-01-01;393
Włoszczowa;2014-01-01;1527
Wola Krzysztoporska;2014-01-01;623
Wolbórz;2014-01-01;527
Wolbrom;2014-01-01;2324
Wyśmierzyce;2014-01-01;195
Zagnańsk;2014-01-01;1078
Zawiercie;2014-01-01;5072
Żarnowiec;2014-01-01;284
Żarnów;2014-01-01;290
Żytno;2014-01-01;215
Aleksandrów;2015-01-01;191
Andrespol;2015-01-01;1481
Belsk Duży;2015-01-01;454
Będków;2015-01-01;198
Białaczów;2015-01-01;220
Białobrzegi;2015-01-01;1257
Bliżyn;2015-01-01;562
Błędów;2015-01-01;536
Brójce;2015-01-01;617
Budziszewice;2015-01-01;182
Charsznica;2015-01-01;482
Czarnocin;2015-01-01;318
Czerniewice;2015-01-01;310
Drzewica;2015-01-01;601
Fałków;2015-01-01;188
Gielniów;2015-01-01;281
Głowaczów;2015-01-01;378
Gorzkowice;2015-01-01;443
Goszczyn;2015-01-01;196
Gowarczów;2015-01-01;281
Grabica;2015-01-01;441
Grabów nad Pilicą;2015-01-01;183
Inowłódz;2015-01-01;289
Irządze;2015-01-01;138
Kluczewsko;2015-01-01;392
Klwów;2015-01-01;172
Kobiele Wielkie;2015-01-01;331
Kodrąb;2015-01-01;284
Koluszki;2015-01-01;2124
Koniecpol;2015-01-01;681
Końskie;2015-01-01;3553
Kozłów;2015-01-01;257
Krasocin;2015-01-01;1117
Kroczyce;2015-01-01;440
Lelów;2015-01-01;316
Lubochnia;2015-01-01;510
Łęki Szlacheckie;2015-01-01;141
Łopuszno;2015-01-01;634
Magnuszew;2015-01-01;335
Masłowice;2015-01-01;199
Mniów;2015-01-01;536
Mniszków;2015-01-01;252
Mogielnica;2015-01-01;553
Moskorzew;2015-01-01;161
Moszczenica;2015-01-01;796
Niegowa;2015-01-01;473
Nowe Miasto nad Pilicą;2015-01-01;565
Nowosolna;2015-01-01;674
Odrzywół;2015-01-01;264
Ogrodzieniec;2015-01-01;949
Opoczno;2015-01-01;2503
Paradyż;2015-01-01;217
Pilica;2015-01-01;632
Piotrków Trybunalski;2015-01-01;7501
Poświętne;2015-01-01;193
Promna;2015-01-01;393
Przedbórz;2015-01-01;578
Przysucha;2015-01-01;981
Radoszyce;2015-01-01;
Radzanów;2015-01-01;179
Ręczno;2015-01-01;191
Rokiciny;2015-01-01;448
Rozprza;2015-01-01;565
Ruda Maleniecka;2015-01-01;162
Rusinów;2015-01-01;243
Rzeczyca;2015-01-01;236
Sadkowice;2015-01-01;201
Secemin;2015-01-01;232
Sławno;2015-01-01;315
Słupia;2015-01-01;177
Słupia Konecka;2015-01-01;199
Smyków;2015-01-01;262
Stąporków;2015-01-01;1189
Stromiec;2015-01-01;361
Sulejów;2015-01-01;1314
Szczekociny;2015-01-01;704
Tomaszów Mazowiecki miasto;2015-01-01;5430
Tomaszów Mazowiecki wiejski;2015-01-01;928
Tuszyn;2015-01-01;1475
Ujazd;2015-01-01;610
Warka;2015-01-01;1564
Wielgomłyny;2015-01-01;240
Włodowice;2015-01-01;414
Włoszczowa;2015-01-01;1542
Wola Krzysztoporska;2015-01-01;647
Wolbórz;2015-01-01;537
Wolbrom;2015-01-01;2355
Wyśmierzyce;2015-01-01;193
Zagnańsk;2015-01-01;1050
Zawiercie;2015-01-01;5024
Żarnowiec;2015-01-01;292
Żarnów;2015-01-01;311
Żytno;2015-01-01;219
Aleksandrów;2016-01-01;201
Andrespol;2016-01-01;1472
Belsk Duży;2016-01-01;453
Będków;2016-01-01;195
Białaczów;2016-01-01;218
Białobrzegi;2016-01-01;1262
Bliżyn;2016-01-01;539
Błędów;2016-01-01;539
Brójce;2016-01-01;632
Budziszewice;2016-01-01;190
Charsznica;2016-01-01;493
Czarnocin;2016-01-01;326
Czerniewice;2016-01-01;318
Drzewica;2016-01-01;575
Fałków;2016-01-01;195
Gielniów;2016-01-01;279
Głowaczów;2016-01-01;376
Gorzkowice;2016-01-01;437
Goszczyn;2016-01-01;182
Gowarczów;2016-01-01;296
Grabica;2016-01-01;464
Grabów nad Pilicą;2016-01-01;186
Inowłódz;2016-01-01;294
Irządze;2016-01-01;135
Kluczewsko;2016-01-01;387
Klwów;2016-01-01;159
Kobiele Wielkie;2016-01-01;330
Kodrąb;2016-01-01;279
Koluszki;2016-01-01;2106
Koniecpol;2016-01-01;684
Końskie;2016-01-01;3596
Kozłów;2016-01-01;255
Krasocin;2016-01-01;1099
Kroczyce;2016-01-01;437
Lelów;2016-01-01;318
Lubochnia;2016-01-01;518
Łęki Szlacheckie;2016-01-01;145
Łopuszno;2016-01-01;652
Magnuszew;2016-01-01;336
Masłowice;2016-01-01;201
Mniów;2016-01-01;562
Mniszków;2016-01-01;261
Mogielnica;2016-01-01;548
Moskorzew;2016-01-01;158
Moszczenica;2016-01-01;792
Niegowa;2016-01-01;473
Nowe Miasto nad Pilicą;2016-01-01;565
Nowosolna;2016-01-01;699
Odrzywół;2016-01-01;266
Ogrodzieniec;2016-01-01;936
Opoczno;2016-01-01;2435
Paradyż;2016-01-01;224
Pilica;2016-01-01;640
Piotrków Trybunalski;2016-01-01;7506
Poświętne;2016-01-01;191
Promna;2016-01-01;402
Przedbórz;2016-01-01;586
Przysucha;2016-01-01;974
Radoszyce;2016-01-01;
Radzanów;2016-01-01;179
Ręczno;2016-01-01;207
Rokiciny;2016-01-01;455
Rozprza;2016-01-01;567
Ruda Maleniecka;2016-01-01;167
Rusinów;2016-01-01;257
Rzeczyca;2016-01-01;230
Sadkowice;2016-01-01;204
Secemin;2016-01-01;252
Sławno;2016-01-01;337
Słupia;2016-01-01;181
Słupia Konecka;2016-01-01;196
Smyków;2016-01-01;272
Stąporków;2016-01-01;1224
Stromiec;2016-01-01;364
Sulejów;2016-01-01;1334
Szczekociny;2016-01-01;703
Tomaszów Mazowiecki miasto;2016-01-01;5375
Tomaszów Mazowiecki wiejski;2016-01-01;945
Tuszyn;2016-01-01;1510
Ujazd;2016-01-01;612
Warka;2016-01-01;1574
Wielgomłyny;2016-01-01;252
Włodowice;2016-01-01;408
Włoszczowa;2016-01-01;1527
Wola Krzysztoporska;2016-01-01;669
Wolbórz;2016-01-01;555
Wolbrom;2016-01-01;2389
Wyśmierzyce;2016-01-01;195
Zagnańsk;2016-01-01;1073
Zawiercie;2016-01-01;4940
Żarnowiec;2016-01-01;293
Żarnów;2016-01-01;309
Żytno;2016-01-01;222
Aleksandrów;2017-01-01;229
Andrespol;2017-01-01;1536
Belsk Duży;2017-01-01;481
Będków;2017-01-01;202
Białaczów;2017-01-01;222
Białobrzegi;2017-01-01;1252
Bliżyn;2017-01-01;568
Błędów;2017-01-01;547
Brójce;2017-01-01;652
Budziszewice;2017-01-01;191
Charsznica;2017-01-01;510
Czarnocin;2017-01-01;336
Czerniewice;2017-01-01;320
Drzewica;2017-01-01;576
Fałków;2017-01-01;192
Gielniów;2017-01-01;275
Głowaczów;2017-01-01;384
Gorzkowice;2017-01-01;451
Goszczyn;2017-01-01;183
Gowarczów;2017-01-01;305
Grabica;2017-01-01;490
Grabów nad Pilicą;2017-01-01;191
Inowłódz;2017-01-01;297
Irządze;2017-01-01;141
Kluczewsko;2017-01-01;396
Klwów;2017-01-01;161
Kobiele Wielkie;2017-01-01;351
Kodrąb;2017-01-01;285
Koluszki;2017-01-01;2132
Koniecpol;2017-01-01;655
Końskie;2017-01-01;3621
Kozłów;2017-01-01;251
Krasocin;2017-01-01;1067
Kroczyce;2017-01-01;433
Lelów;2017-01-01;316
Lubochnia;2017-01-01;519
Łęki Szlacheckie;2017-01-01;162
Łopuszno;2017-01-01;669
Magnuszew;2017-01-01;347
Masłowice;2017-01-01;205
Mniów;2017-01-01;591
Mniszków;2017-01-01;277
Mogielnica;2017-01-01;537
Moskorzew;2017-01-01;158
Moszczenica;2017-01-01;790
Niegowa;2017-01-01;472
Nowe Miasto nad Pilicą;2017-01-01;566
Nowosolna;2017-01-01;701
Odrzywół;2017-01-01;268
Ogrodzieniec;2017-01-01;918
Opoczno;2017-01-01;2441
Paradyż;2017-01-01;228
Pilica;2017-01-01;658
Piotrków Trybunalski;2017-01-01;7531
Poświętne;2017-01-01;184
Promna;2017-01-01;399
Przedbórz;2017-01-01;580
Przysucha;2017-01-01;958
Radoszyce;2017-01-01;
Radzanów;2017-01-01;183
Ręczno;2017-01-01;202
Rokiciny;2017-01-01;467
Rozprza;2017-01-01;571
Ruda Maleniecka;2017-01-01;167
Rusinów;2017-01-01;264
Rzeczyca;2017-01-01;235
Sadkowice;2017-01-01;211
Secemin;2017-01-01;240
Sławno;2017-01-01;349
Słupia;2017-01-01;177
Słupia Konecka;2017-01-01;189
Smyków;2017-01-01;284
Stąporków;2017-01-01;1225
Stromiec;2017-01-01;369
Sulejów;2017-01-01;1350
Szczekociny;2017-01-01;692
Tomaszów Mazowiecki miasto;2017-01-01;5389
Tomaszów Mazowiecki wiejski;2017-01-01;976
Tuszyn;2017-01-01;1542
Ujazd;2017-01-01;624
Warka;2017-01-01;1629
Wielgomłyny;2017-01-01;268
Włodowice;2017-01-01;425
Włoszczowa;2017-01-01;1536
Wola Krzysztoporska;2017-01-01;674
Wolbórz;2017-01-01;559
Wolbrom;2017-01-01;2415
Wyśmierzyce;2017-01-01;192
Zagnańsk;2017-01-01;1082
Zawiercie;2017-01-01;4888
Żarnowiec;2017-01-01;290
Żarnów;2017-01-01;318
Żytno;2017-01-01;225
Aleksandrów;2018-01-01;240
Andrespol;2018-01-01;1591
Belsk Duży;2018-01-01;480
Będków;2018-01-01;220
Białaczów;2018-01-01;229
Białobrzegi;2018-01-01;1265
Bliżyn;2018-01-01;618
Błędów;2018-01-01;559
Brójce;2018-01-01;667
Budziszewice;2018-01-01;196
Charsznica;2018-01-01;522
Czarnocin;2018-01-01;353
Czerniewice;2018-01-01;341
Drzewica;2018-01-01;597
Fałków;2018-01-01;216
Gielniów;2018-01-01;274
Głowaczów;2018-01-01;393
Gorzkowice;2018-01-01;490
Goszczyn;2018-01-01;197
Gowarczów;2018-01-01;333
Grabica;2018-01-01;502
Grabów nad Pilicą;2018-01-01;218
Inowłódz;2018-01-01;320
Irządze;2018-01-01;157
Kluczewsko;2018-01-01;409
Klwów;2018-01-01;165
Kobiele Wielkie;2018-01-01;356
Kodrąb;2018-01-01;297
Koluszki;2018-01-01;2189
Koniecpol;2018-01-01;662
Końskie;2018-01-01;3645
Kozłów;2018-01-01;264
Krasocin;2018-01-01;1072
Kroczyce;2018-01-01;448
Lelów;2018-01-01;323
Lubochnia;2018-01-01;541
Łęki Szlacheckie;2018-01-01;164
Łopuszno;2018-01-01;721
Magnuszew;2018-01-01;387
Masłowice;2018-01-01;203
Mniów;2018-01-01;626
Mniszków;2018-01-01;295
Mogielnica;2018-01-01;534
Moskorzew;2018-01-01;159
Moszczenica;2018-01-01;847
Niegowa;2018-01-01;502
Nowe Miasto nad Pilicą;2018-01-01;565
Nowosolna;2018-01-01;746
Odrzywół;2018-01-01;274
Ogrodzieniec;2018-01-01;919
Opoczno;2018-01-01;2463
Paradyż;2018-01-01;238
Pilica;2018-01-01;668
Piotrków Trybunalski;2018-01-01;7490
Poświętne;2018-01-01;188
Promna;2018-01-01;421
Przedbórz;2018-01-01;591
Przysucha;2018-01-01;953
Radoszyce;2018-01-01;645
Radzanów;2018-01-01;185
Ręczno;2018-01-01;213
Rokiciny;2018-01-01;482
Rozprza;2018-01-01;609
Ruda Maleniecka;2018-01-01;175
Rusinów;2018-01-01;276
Rzeczyca;2018-01-01;241
Sadkowice;2018-01-01;227
Secemin;2018-01-01;253
Sławno;2018-01-01;358
Słupia;2018-01-01;189
Słupia Konecka;2018-01-01;195
Smyków;2018-01-01;320
Stąporków;2018-01-01;1244
Stromiec;2018-01-01;345
Sulejów;2018-01-01;1403
Szczekociny;2018-01-01;711
Tomaszów Mazowiecki miasto;2018-01-01;5396
Tomaszów Mazowiecki wiejski;2018-01-01;994
Tuszyn;2018-01-01;1575
Ujazd;2018-01-01;628
Warka;2018-01-01;1644
Wielgomłyny;2018-01-01;275
Włodowice;2018-01-01;446
Włoszczowa;2018-01-01;1556
Wola Krzysztoporska;2018-01-01;743
Wolbórz;2018-01-01;597
Wolbrom;2018-01-01;2483
Wyśmierzyce;2018-01-01;195
Zagnańsk;2018-01-01;1107
Zawiercie;2018-01-01;4864
Żarnowiec;2018-01-01;295
Żarnów;2018-01-01;324
Żytno;2018-01-01;235
Aleksandrów;2019-01-01;245
Andrespol;2019-01-01;1742
Belsk Duży;2019-01-01;505
Będków;2019-01-01;236
Białaczów;2019-01-01;255
Białobrzegi;2019-01-01;1282
Bliżyn;2019-01-01;612
Błędów;2019-01-01;569
Brójce;2019-01-01;719
Budziszewice;2019-01-01;201
Charsznica;2019-01-01;530
Czarnocin;2019-01-01;371
Czerniewice;2019-01-01;360
Drzewica;2019-01-01;622
Fałków;2019-01-01;227
Gielniów;2019-01-01;284
Głowaczów;2019-01-01;416
Gorzkowice;2019-01-01;506
Goszczyn;2019-01-01;197
Gowarczów;2019-01-01;346
Grabica;2019-01-01;528
Grabów nad Pilicą;2019-01-01;231
Inowłódz;2019-01-01;360
Irządze;2019-01-01;165
Kluczewsko;2019-01-01;423
Klwów;2019-01-01;176
Kobiele Wielkie;2019-01-01;374
Kodrąb;2019-01-01;323
Koluszki;2019-01-01;2194
Koniecpol;2019-01-01;695
Końskie;2019-01-01;3769
Kozłów;2019-01-01;272
Krasocin;2019-01-01;1071
Kroczyce;2019-01-01;460
Lelów;2019-01-01;326
Lubochnia;2019-01-01;562
Łęki Szlacheckie;2019-01-01;173
Łopuszno;2019-01-01;751
Magnuszew;2019-01-01;426
Masłowice;2019-01-01;219
Mniów;2019-01-01;617
Mniszków;2019-01-01;317
Mogielnica;2019-01-01;562
Moskorzew;2019-01-01;166
Moszczenica;2019-01-01;895
Niegowa;2019-01-01;508
Nowe Miasto nad Pilicą;2019-01-01;574
Nowosolna;2019-01-01;785
Odrzywół;2019-01-01;284
Ogrodzieniec;2019-01-01;945
Opoczno;2019-01-01;2567
Paradyż;2019-01-01;259
Pilica;2019-01-01;683
Piotrków Trybunalski;2019-01-01;7633
Poświętne;2019-01-01;187
Promna;2019-01-01;432
Przedbórz;2019-01-01;631
Przysucha;2019-01-01;982
Radoszyce;2019-01-01;647
Radzanów;2019-01-01;201
Ręczno;2019-01-01;216
Rokiciny;2019-01-01;484
Rozprza;2019-01-01;673
Ruda Maleniecka;2019-01-01;177
Rusinów;2019-01-01;278
Rzeczyca;2019-01-01;248
Sadkowice;2019-01-01;239
Secemin;2019-01-01;261
Sławno;2019-01-01;382
Słupia;2019-01-01;198
Słupia Konecka;2019-01-01;201
Smyków;2019-01-01;327
Stąporków;2019-01-01;1304
Stromiec;2019-01-01;360
Sulejów;2019-01-01;1482
Szczekociny;2019-01-01;716
Tomaszów Mazowiecki miasto;2019-01-01;5462
Tomaszów Mazowiecki wiejski;2019-01-01;1043
Tuszyn;2019-01-01;1614
Ujazd;2019-01-01;671
Warka;2019-01-01;1719
Wielgomłyny;2019-01-01;289
Włodowice;2019-01-01;472
Włoszczowa;2019-01-01;1586
Wola Krzysztoporska;2019-01-01;799
Wolbórz;2019-01-01;633
Wolbrom;2019-01-01;2576
Wyśmierzyce;2019-01-01;208
Zagnańsk;2019-01-01;1132
Zawiercie;2019-01-01;4965
Żarnowiec;2019-01-01;314
Żarnów;2019-01-01;334
Żytno;2019-01-01;253
Aleksandrów;2020-01-01;260
Andrespol;2020-01-01;1805
Belsk Duży;2020-01-01;532
Będków;2020-01-01;246
Białaczów;2020-01-01;263
Białobrzegi;2020-01-01;1335
Bliżyn;2020-01-01;637
Błędów;2020-01-01;579
Brójce;2020-01-01;751
Budziszewice;2020-01-01;205
Charsznica;2020-01-01;545
Czarnocin;2020-01-01;386
Czerniewice;2020-01-01;372
Drzewica;2020-01-01;649
Fałków;2020-01-01;233
Gielniów;2020-01-01;314
Głowaczów;2020-01-01;417
Gorzkowice;2020-01-01;521
Goszczyn;2020-01-01;205
Gowarczów;2020-01-01;367
Grabica;2020-01-01;540
Grabów nad Pilicą;2020-01-01;246
Inowłódz;2020-01-01;375
Irządze;2020-01-01;169
Kluczewsko;2020-01-01;435
Klwów;2020-01-01;181
Kobiele Wielkie;2020-01-01;389
Kodrąb;2020-01-01;331
Koluszki;2020-01-01;2277
Koniecpol;2020-01-01;730
Końskie;2020-01-01;3835
Kozłów;2020-01-01;289
Krasocin;2020-01-01;1109
Kroczyce;2020-01-01;477
Lelów;2020-01-01;341
Lubochnia;2020-01-01;581
Łęki Szlacheckie;2020-01-01;180
Łopuszno;2020-01-01;783
Magnuszew;2020-01-01;443
Masłowice;2020-01-01;233
Mniów;2020-01-01;641
Mniszków;2020-01-01;337
Mogielnica;2020-01-01;578
Moskorzew;2020-01-01;175
Moszczenica;2020-01-01;920
Niegowa;2020-01-01;533
Nowe Miasto nad Pilicą;2020-01-01;573
Nowosolna;2020-01-01;831
Odrzywół;2020-01-01;303
Ogrodzieniec;2020-01-01;963
Opoczno;2020-01-01;2647
Paradyż;2020-01-01;279
Pilica;2020-01-01;698
Piotrków Trybunalski;2020-01-01;7714
Poświętne;2020-01-01;195
Promna;2020-01-01;451
Przedbórz;2020-01-01;644
Przysucha;2020-01-01;998
Radoszyce;2020-01-01;670
Radzanów;2020-01-01;204
Ręczno;2020-01-01;225
Rokiciny;2020-01-01;485
Rozprza;2020-01-01;717
Ruda Maleniecka;2020-01-01;198
Rusinów;2020-01-01;295
Rzeczyca;2020-01-01;259
Sadkowice;2020-01-01;245
Secemin;2020-01-01;276
Sławno;2020-01-01;410
Słupia;2020-01-01;207
Słupia Konecka;2020-01-01;215
Smyków;2020-01-01;348
Stąporków;2020-01-01;1353
Stromiec;2020-01-01;376
Sulejów;2020-01-01;1547
Szczekociny;2020-01-01;735
Tomaszów Mazowiecki miasto;2020-01-01;5638
Tomaszów Mazowiecki wiejski;2020-01-01;1094
Tuszyn;2020-01-01;1659
Ujazd;2020-01-01;686
Warka;2020-01-01;1795
Wielgomłyny;2020-01-01;294
Włodowice;2020-01-01;487
Włoszczowa;2020-01-01;1653
Wola Krzysztoporska;2020-01-01;837
Wolbórz;2020-01-01;654
Wolbrom;2020-01-01;2641
Wyśmierzyce;2020-01-01;212
Zagnańsk;2020-01-01;1167
Zawiercie;2020-01-01;5061
Żarnowiec;2020-01-01;326
Żarnów;2020-01-01;346
Żytno;2020-01-01;268
Aleksandrów;2021-01-01;270
Andrespol;2021-01-01;1896
Belsk Duży;2021-01-01;552
Będków;2021-01-01;256
Białaczów;2021-01-01;279
Białobrzegi;2021-01-01;1360
Bliżyn;2021-01-01;669
Błędów;2021-01-01;611
Brójce;2021-01-01;765
Budziszewice;2021-01-01;204
Charsznica;2021-01-01;556
Czarnocin;2021-01-01;393
Czerniewice;2021-01-01;379
Drzewica;2021-01-01;683
Fałków;2021-01-01;236
Gielniów;2021-01-01;318
Głowaczów;2021-01-01;447
Gorzkowice;2021-01-01;549
Goszczyn;2021-01-01;205
Gowarczów;2021-01-01;380
Grabica;2021-01-01;567
Grabów nad Pilicą;2021-01-01;267
Inowłódz;2021-01-01;378
Irządze;2021-01-01;187
Kluczewsko;2021-01-01;456
Klwów;2021-01-01;187
Kobiele Wielkie;2021-01-01;404
Kodrąb;2021-01-01;346
Koluszki;2021-01-01;2329
Koniecpol;2021-01-01;752
Końskie;2021-01-01;3937
Kozłów;2021-01-01;308
Krasocin;2021-01-01;1148
Kroczyce;2021-01-01;505
Lelów;2021-01-01;355
Lubochnia;2021-01-01;593
Łęki Szlacheckie;2021-01-01;187
Łopuszno;2021-01-01;835
Magnuszew;2021-01-01;480
Masłowice;2021-01-01;246
Mniów;2021-01-01;721
Mniszków;2021-01-01;346
Mogielnica;2021-01-01;607
Moskorzew;2021-01-01;179
Moszczenica;2021-01-01;983
Niegowa;2021-01-01;554
Nowe Miasto nad Pilicą;2021-01-01;588
Nowosolna;2021-01-01;896
Odrzywół;2021-01-01;298
Ogrodzieniec;2021-01-01;978
Opoczno;2021-01-01;2700
Paradyż;2021-01-01;277
Pilica;2021-01-01;723
Piotrków Trybunalski;2021-01-01;7860
Poświętne;2021-01-01;195
Promna;2021-01-01;470
Przedbórz;2021-01-01;648
Przysucha;2021-01-01;1007
Radoszyce;2021-01-01;686
Radzanów;2021-01-01;210
Ręczno;2021-01-01;228
Rokiciny;2021-01-01;510
Rozprza;2021-01-01;755
Ruda Maleniecka;2021-01-01;204
Rusinów;2021-01-01;318
Rzeczyca;2021-01-01;276
Sadkowice;2021-01-01;254
Secemin;2021-01-01;291
Sławno;2021-01-01;432
Słupia;2021-01-01;214
Słupia Konecka;2021-01-01;224
Smyków;2021-01-01;360
Stąporków;2021-01-01;1400
Stromiec;2021-01-01;398
Sulejów;2021-01-01;1616
Szczekociny;2021-01-01;744
Tomaszów Mazowiecki miasto;2021-01-01;5753
Tomaszów Mazowiecki wiejski;2021-01-01;1147
Tuszyn;2021-01-01;1729
Ujazd;2021-01-01;705
Warka;2021-01-01;1889
Wielgomłyny;2021-01-01;317
Włodowice;2021-01-01;519
Włoszczowa;2021-01-01;1694
Wola Krzysztoporska;2021-01-01;883
Wolbórz;2021-01-01;686
Wolbrom;2021-01-01;2673
Wyśmierzyce;2021-01-01;218
Zagnańsk;2021-01-01;1238
Zawiercie;2021-01-01;5184
Żarnowiec;2021-01-01;334
Żarnów;2021-01-01;360
Żytno;2021-01-01;279
Aleksandrów;2022-01-01;284
Andrespol;2022-01-01;1979
Belsk Duży;2022-01-01;576
Będków;2022-01-01;278
Białaczów;2022-01-01;311
Białobrzegi;2022-01-01;1373
Bliżyn;2022-01-01;685
Błędów;2022-01-01;630
Brójce;2022-01-01;826
Budziszewice;2022-01-01;217
Charsznica;2022-01-01;573
Czarnocin;2022-01-01;398
Czerniewice;2022-01-01;409
Drzewica;2022-01-01;713
Fałków;2022-01-01;245
Gielniów;2022-01-01;328
Głowaczów;2022-01-01;450
Gorzkowice;2022-01-01;563
Goszczyn;2022-01-01;215
Gowarczów;2022-01-01;421
Grabica;2022-01-01;601
Grabów nad Pilicą;2022-01-01;289
Inowłódz;2022-01-01;386
Irządze;2022-01-01;200
Kluczewsko;2022-01-01;467
Klwów;2022-01-01;197
Kobiele Wielkie;2022-01-01;417
Kodrąb;2022-01-01;359
Koluszki;2022-01-01;2386
Koniecpol;2022-01-01;767
Końskie;2022-01-01;4062
Kozłów;2022-01-01;322
Krasocin;2022-01-01;1174
Kroczyce;2022-01-01;515
Lelów;2022-01-01;371
Lubochnia;2022-01-01;621
Łęki Szlacheckie;2022-01-01;194
Łopuszno;2022-01-01;873
Magnuszew;2022-01-01;503
Masłowice;2022-01-01;268
Mniów;2022-01-01;764
Mniszków;2022-01-01;367
Mogielnica;2022-01-01;629
Moskorzew;2022-01-01;188
Moszczenica;2022-01-01;1036
Niegowa;2022-01-01;582
Nowe Miasto nad Pilicą;2022-01-01;590
Nowosolna;2022-01-01;942
Odrzywół;2022-01-01;308
Ogrodzieniec;2022-01-01;1006
Opoczno;2022-01-01;2770
Paradyż;2022-01-01;305
Pilica;2022-01-01;731
Piotrków Trybunalski;2022-01-01;7897
Poświętne;2022-01-01;206
Promna;2022-01-01;494
Przedbórz;2022-01-01;669
Przysucha;2022-01-01;1037
Radoszyce;2022-01-01;697
Radzanów;2022-01-01;217
Ręczno;2022-01-01;228
Rokiciny;2022-01-01;538
Rozprza;2022-01-01;799
Ruda Maleniecka;2022-01-01;224
Rusinów;2022-01-01;321
Rzeczyca;2022-01-01;309
Sadkowice;2022-01-01;263
Secemin;2022-01-01;313
Sławno;2022-01-01;454
Słupia;2022-01-01;219
Słupia Konecka;2022-01-01;231
Smyków;2022-01-01;391
Stąporków;2022-01-01;1412
Stromiec;2022-01-01;403
Sulejów;2022-01-01;1701
Szczekociny;2022-01-01;751
Tomaszów Mazowiecki miasto;2022-01-01;5832
Tomaszów Mazowiecki wiejski;2022-01-01;1210
Tuszyn;2022-01-01;1799
Ujazd;2022-01-01;735
Warka;2022-01-01;1974
Wielgomłyny;2022-01-01;322
Włodowice;2022-01-01;539
Włoszczowa;2022-01-01;1756
Wola Krzysztoporska;2022-01-01;895
Wolbórz;2022-01-01;705
Wolbrom;2022-01-01;2739
Wyśmierzyce;2022-01-01;224
Zagnańsk;2022-01-01;1275
Zawiercie;2022-01-01;5223
Żarnowiec;2022-01-01;345
Żarnów;2022-01-01;391
Żytno;2022-01-01;282
