gmina_name;date;ludnosc
Aleksandrów;1995-01-01;
Andrespol;1995-01-01;
Belsk Duży;1995-01-01;
Będków;1995-01-01;
Białaczów;1995-01-01;
Białobrzegi;1995-01-01;
Bliżyn;1995-01-01;
Błędów;1995-01-01;
Brójce;1995-01-01;
Budziszewice;1995-01-01;
Charsznica;1995-01-01;
Czarnocin;1995-01-01;
Czerniewice;1995-01-01;
Drzewica;1995-01-01;
Fałków;1995-01-01;
Gielniów;1995-01-01;
Głowaczów;1995-01-01;
Gorzkowice;1995-01-01;
Goszczyn;1995-01-01;
Gowarczów;1995-01-01;
Grabica;1995-01-01;
Grabów nad Pilicą;1995-01-01;
Inowłódz;1995-01-01;
Irządze;1995-01-01;
Kluczewsko;1995-01-01;
Klwów;1995-01-01;
Kobiele Wielkie;1995-01-01;
Kodrąb;1995-01-01;
Koluszki;1995-01-01;
Koniecpol;1995-01-01;
Końskie;1995-01-01;
Kozłów;1995-01-01;
Krasocin;1995-01-01;
Kroczyce;1995-01-01;
Lelów;1995-01-01;
Lubochnia;1995-01-01;
Łęki Szlacheckie;1995-01-01;
Łopuszno;1995-01-01;
Magnuszew;1995-01-01;
Masłowice;1995-01-01;
Mniów;1995-01-01;
Mniszków;1995-01-01;
Mogielnica;1995-01-01;
Moskorzew;1995-01-01;
Moszczenica;1995-01-01;
Niegowa;1995-01-01;
Nowe Miasto nad Pilicą;1995-01-01;
Nowosolna;1995-01-01;
Odrzywół;1995-01-01;
Ogrodzieniec;1995-01-01;
Opoczno;1995-01-01;
Paradyż;1995-01-01;
Pilica;1995-01-01;
Piotrków Trybunalski;1995-01-01;
Poświętne;1995-01-01;
Promna;1995-01-01;
Przedbórz;1995-01-01;
Przysucha;1995-01-01;
Radoszyce;1995-01-01;
Radzanów;1995-01-01;
Ręczno;1995-01-01;
Rokiciny;1995-01-01;
Rozprza;1995-01-01;
Ruda Maleniecka;1995-01-01;
Rusinów;1995-01-01;
Rzeczyca;1995-01-01;
Sadkowice;1995-01-01;
Secemin;1995-01-01;
Sławno;1995-01-01;
Słupia;1995-01-01;
Słupia Konecka;1995-01-01;
Smyków;1995-01-01;
Stąporków;1995-01-01;
Stromiec;1995-01-01;
Sulejów;1995-01-01;
Szczekociny;1995-01-01;
Tomaszów Mazowiecki miasto;1995-01-01;
Tomaszów Mazowiecki wiejski;1995-01-01;
Tuszyn;1995-01-01;
Ujazd;1995-01-01;
Warka;1995-01-01;
Wielgomłyny;1995-01-01;
Włodowice;1995-01-01;
Włoszczowa;1995-01-01;
Wola Krzysztoporska;1995-01-01;
Wolbórz;1995-01-01;
Wolbrom;1995-01-01;
Wyśmierzyce;1995-01-01;
Zagnańsk;1995-01-01;
Zawiercie;1995-01-01;
Żarnowiec;1995-01-01;
Żarnów;1995-01-01;
Żytno;1995-01-01;
Aleksandrów;1996-01-01;
Andrespol;1996-01-01;
Belsk Duży;1996-01-01;
Będków;1996-01-01;
Białaczów;1996-01-01;
Białobrzegi;1996-01-01;
Bliżyn;1996-01-01;
Błędów;1996-01-01;
Brójce;1996-01-01;
Budziszewice;1996-01-01;
Charsznica;1996-01-01;
Czarnocin;1996-01-01;
Czerniewice;1996-01-01;
Drzewica;1996-01-01;
Fałków;1996-01-01;
Gielniów;1996-01-01;
Głowaczów;1996-01-01;
Gorzkowice;1996-01-01;
Goszczyn;1996-01-01;
Gowarczów;1996-01-01;
Grabica;1996-01-01;
Grabów nad Pilicą;1996-01-01;
Inowłódz;1996-01-01;
Irządze;1996-01-01;
Kluczewsko;1996-01-01;
Klwów;1996-01-01;
Kobiele Wielkie;1996-01-01;
Kodrąb;1996-01-01;
Koluszki;1996-01-01;
Koniecpol;1996-01-01;
Końskie;1996-01-01;
Kozłów;1996-01-01;
Krasocin;1996-01-01;
Kroczyce;1996-01-01;
Lelów;1996-01-01;
Lubochnia;1996-01-01;
Łęki Szlacheckie;1996-01-01;
Łopuszno;1996-01-01;
Magnuszew;1996-01-01;
Masłowice;1996-01-01;
Mniów;1996-01-01;
Mniszków;1996-01-01;
Mogielnica;1996-01-01;
Moskorzew;1996-01-01;
Moszczenica;1996-01-01;
Niegowa;1996-01-01;
Nowe Miasto nad Pilicą;1996-01-01;
Nowosolna;1996-01-01;
Odrzywół;1996-01-01;
Ogrodzieniec;1996-01-01;
Opoczno;1996-01-01;
Paradyż;1996-01-01;
Pilica;1996-01-01;
Piotrków Trybunalski;1996-01-01;
Poświętne;1996-01-01;
Promna;1996-01-01;
Przedbórz;1996-01-01;
Przysucha;1996-01-01;
Radoszyce;1996-01-01;
Radzanów;1996-01-01;
Ręczno;1996-01-01;
Rokiciny;1996-01-01;
Rozprza;1996-01-01;
Ruda Maleniecka;1996-01-01;
Rusinów;1996-01-01;
Rzeczyca;1996-01-01;
Sadkowice;1996-01-01;
Secemin;1996-01-01;
Sławno;1996-01-01;
Słupia;1996-01-01;
Słupia Konecka;1996-01-01;
Smyków;1996-01-01;
Stąporków;1996-01-01;
Stromiec;1996-01-01;
Sulejów;1996-01-01;
Szczekociny;1996-01-01;
Tomaszów Mazowiecki miasto;1996-01-01;
Tomaszów Mazowiecki wiejski;1996-01-01;
Tuszyn;1996-01-01;
Ujazd;1996-01-01;
Warka;1996-01-01;
Wielgomłyny;1996-01-01;
Włodowice;1996-01-01;
Włoszczowa;1996-01-01;
Wola Krzysztoporska;1996-01-01;
Wolbórz;1996-01-01;
Wolbrom;1996-01-01;
Wyśmierzyce;1996-01-01;
Zagnańsk;1996-01-01;
Zawiercie;1996-01-01;
Żarnowiec;1996-01-01;
Żarnów;1996-01-01;
Żytno;1996-01-01;
Aleksandrów;1997-01-01;
Andrespol;1997-01-01;
Belsk Duży;1997-01-01;
Będków;1997-01-01;
Białaczów;1997-01-01;
Białobrzegi;1997-01-01;
Bliżyn;1997-01-01;
Błędów;1997-01-01;
Brójce;1997-01-01;
Budziszewice;1997-01-01;
Charsznica;1997-01-01;
Czarnocin;1997-01-01;
Czerniewice;1997-01-01;
Drzewica;1997-01-01;
Fałków;1997-01-01;
Gielniów;1997-01-01;
Głowaczów;1997-01-01;
Gorzkowice;1997-01-01;
Goszczyn;1997-01-01;
Gowarczów;1997-01-01;
Grabica;1997-01-01;
Grabów nad Pilicą;1997-01-01;
Inowłódz;1997-01-01;
Irządze;1997-01-01;
Kluczewsko;1997-01-01;
Klwów;1997-01-01;
Kobiele Wielkie;1997-01-01;
Kodrąb;1997-01-01;
Koluszki;1997-01-01;
Koniecpol;1997-01-01;
Końskie;1997-01-01;
Kozłów;1997-01-01;
Krasocin;1997-01-01;
Kroczyce;1997-01-01;
Lelów;1997-01-01;
Lubochnia;1997-01-01;
Łęki Szlacheckie;1997-01-01;
Łopuszno;1997-01-01;
Magnuszew;1997-01-01;
Masłowice;1997-01-01;
Mniów;1997-01-01;
Mniszków;1997-01-01;
Mogielnica;1997-01-01;
Moskorzew;1997-01-01;
Moszczenica;1997-01-01;
Niegowa;1997-01-01;
Nowe Miasto nad Pilicą;1997-01-01;
Nowosolna;1997-01-01;
Odrzywół;1997-01-01;
Ogrodzieniec;1997-01-01;
Opoczno;1997-01-01;
Paradyż;1997-01-01;
Pilica;1997-01-01;
Piotrków Trybunalski;1997-01-01;
Poświętne;1997-01-01;
Promna;1997-01-01;
Przedbórz;1997-01-01;
Przysucha;1997-01-01;
Radoszyce;1997-01-01;
Radzanów;1997-01-01;
Ręczno;1997-01-01;
Rokiciny;1997-01-01;
Rozprza;1997-01-01;
Ruda Maleniecka;1997-01-01;
Rusinów;1997-01-01;
Rzeczyca;1997-01-01;
Sadkowice;1997-01-01;
Secemin;1997-01-01;
Sławno;1997-01-01;
Słupia;1997-01-01;
Słupia Konecka;1997-01-01;
Smyków;1997-01-01;
Stąporków;1997-01-01;
Stromiec;1997-01-01;
Sulejów;1997-01-01;
Szczekociny;1997-01-01;
Tomaszów Mazowiecki miasto;1997-01-01;
Tomaszów Mazowiecki wiejski;1997-01-01;
Tuszyn;1997-01-01;
Ujazd;1997-01-01;
Warka;1997-01-01;
Wielgomłyny;1997-01-01;
Włodowice;1997-01-01;
Włoszczowa;1997-01-01;
Wola Krzysztoporska;1997-01-01;
Wolbórz;1997-01-01;
Wolbrom;1997-01-01;
Wyśmierzyce;1997-01-01;
Zagnańsk;1997-01-01;
Zawiercie;1997-01-01;
Żarnowiec;1997-01-01;
Żarnów;1997-01-01;
Żytno;1997-01-01;
Aleksandrów;1998-01-01;
Andrespol;1998-01-01;
Belsk Duży;1998-01-01;
Będków;1998-01-01;
Białaczów;1998-01-01;
Białobrzegi;1998-01-01;
Bliżyn;1998-01-01;
Błędów;1998-01-01;
Brójce;1998-01-01;
Budziszewice;1998-01-01;
Charsznica;1998-01-01;
Czarnocin;1998-01-01;
Czerniewice;1998-01-01;
Drzewica;1998-01-01;
Fałków;1998-01-01;
Gielniów;1998-01-01;
Głowaczów;1998-01-01;
Gorzkowice;1998-01-01;
Goszczyn;1998-01-01;
Gowarczów;1998-01-01;
Grabica;1998-01-01;
Grabów nad Pilicą;1998-01-01;
Inowłódz;1998-01-01;
Irządze;1998-01-01;
Kluczewsko;1998-01-01;
Klwów;1998-01-01;
Kobiele Wielkie;1998-01-01;
Kodrąb;1998-01-01;
Koluszki;1998-01-01;
Koniecpol;1998-01-01;
Końskie;1998-01-01;
Kozłów;1998-01-01;
Krasocin;1998-01-01;
Kroczyce;1998-01-01;
Lelów;1998-01-01;
Lubochnia;1998-01-01;
Łęki Szlacheckie;1998-01-01;
Łopuszno;1998-01-01;
Magnuszew;1998-01-01;
Masłowice;1998-01-01;
Mniów;1998-01-01;
Mniszków;1998-01-01;
Mogielnica;1998-01-01;
Moskorzew;1998-01-01;
Moszczenica;1998-01-01;
Niegowa;1998-01-01;
Nowe Miasto nad Pilicą;1998-01-01;
Nowosolna;1998-01-01;
Odrzywół;1998-01-01;
Ogrodzieniec;1998-01-01;
Opoczno;1998-01-01;
Paradyż;1998-01-01;
Pilica;1998-01-01;
Piotrków Trybunalski;1998-01-01;
Poświętne;1998-01-01;
Promna;1998-01-01;
Przedbórz;1998-01-01;
Przysucha;1998-01-01;
Radoszyce;1998-01-01;
Radzanów;1998-01-01;
Ręczno;1998-01-01;
Rokiciny;1998-01-01;
Rozprza;1998-01-01;
Ruda Maleniecka;1998-01-01;
Rusinów;1998-01-01;
Rzeczyca;1998-01-01;
Sadkowice;1998-01-01;
Secemin;1998-01-01;
Sławno;1998-01-01;
Słupia;1998-01-01;
Słupia Konecka;1998-01-01;
Smyków;1998-01-01;
Stąporków;1998-01-01;
Stromiec;1998-01-01;
Sulejów;1998-01-01;
Szczekociny;1998-01-01;
Tomaszów Mazowiecki miasto;1998-01-01;
Tomaszów Mazowiecki wiejski;1998-01-01;
Tuszyn;1998-01-01;
Ujazd;1998-01-01;
Warka;1998-01-01;
Wielgomłyny;1998-01-01;
Włodowice;1998-01-01;
Włoszczowa;1998-01-01;
Wola Krzysztoporska;1998-01-01;
Wolbórz;1998-01-01;
Wolbrom;1998-01-01;
Wyśmierzyce;1998-01-01;
Zagnańsk;1998-01-01;
Zawiercie;1998-01-01;
Żarnowiec;1998-01-01;
Żarnów;1998-01-01;
Żytno;1998-01-01;
Aleksandrów;1999-01-01;
Andrespol;1999-01-01;
Belsk Duży;1999-01-01;
Będków;1999-01-01;
Białaczów;1999-01-01;
Białobrzegi;1999-01-01;
Bliżyn;1999-01-01;
Błędów;1999-01-01;
Brójce;1999-01-01;
Budziszewice;1999-01-01;
Charsznica;1999-01-01;
Czarnocin;1999-01-01;
Czerniewice;1999-01-01;
Drzewica;1999-01-01;
Fałków;1999-01-01;
Gielniów;1999-01-01;
Głowaczów;1999-01-01;
Gorzkowice;1999-01-01;
Goszczyn;1999-01-01;
Gowarczów;1999-01-01;
Grabica;1999-01-01;
Grabów nad Pilicą;1999-01-01;
Inowłódz;1999-01-01;
Irządze;1999-01-01;
Kluczewsko;1999-01-01;
Klwów;1999-01-01;
Kobiele Wielkie;1999-01-01;
Kodrąb;1999-01-01;
Koluszki;1999-01-01;
Koniecpol;1999-01-01;
Końskie;1999-01-01;
Kozłów;1999-01-01;
Krasocin;1999-01-01;
Kroczyce;1999-01-01;
Lelów;1999-01-01;
Lubochnia;1999-01-01;
Łęki Szlacheckie;1999-01-01;
Łopuszno;1999-01-01;
Magnuszew;1999-01-01;
Masłowice;1999-01-01;
Mniów;1999-01-01;
Mniszków;1999-01-01;
Mogielnica;1999-01-01;
Moskorzew;1999-01-01;
Moszczenica;1999-01-01;
Niegowa;1999-01-01;
Nowe Miasto nad Pilicą;1999-01-01;
Nowosolna;1999-01-01;
Odrzywół;1999-01-01;
Ogrodzieniec;1999-01-01;
Opoczno;1999-01-01;
Paradyż;1999-01-01;
Pilica;1999-01-01;
Piotrków Trybunalski;1999-01-01;
Poświętne;1999-01-01;
Promna;1999-01-01;
Przedbórz;1999-01-01;
Przysucha;1999-01-01;
Radoszyce;1999-01-01;
Radzanów;1999-01-01;
Ręczno;1999-01-01;
Rokiciny;1999-01-01;
Rozprza;1999-01-01;
Ruda Maleniecka;1999-01-01;
Rusinów;1999-01-01;
Rzeczyca;1999-01-01;
Sadkowice;1999-01-01;
Secemin;1999-01-01;
Sławno;1999-01-01;
Słupia;1999-01-01;
Słupia Konecka;1999-01-01;
Smyków;1999-01-01;
Stąporków;1999-01-01;
Stromiec;1999-01-01;
Sulejów;1999-01-01;
Szczekociny;1999-01-01;
Tomaszów Mazowiecki miasto;1999-01-01;
Tomaszów Mazowiecki wiejski;1999-01-01;
Tuszyn;1999-01-01;
Ujazd;1999-01-01;
Warka;1999-01-01;
Wielgomłyny;1999-01-01;
Włodowice;1999-01-01;
Włoszczowa;1999-01-01;
Wola Krzysztoporska;1999-01-01;
Wolbórz;1999-01-01;
Wolbrom;1999-01-01;
Wyśmierzyce;1999-01-01;
Zagnańsk;1999-01-01;
Zawiercie;1999-01-01;
Żarnowiec;1999-01-01;
Żarnów;1999-01-01;
Żytno;1999-01-01;
Aleksandrów;2000-01-01;
Andrespol;2000-01-01;
Belsk Duży;2000-01-01;
Będków;2000-01-01;
Białaczów;2000-01-01;
Białobrzegi;2000-01-01;
Bliżyn;2000-01-01;
Błędów;2000-01-01;
Brójce;2000-01-01;
Budziszewice;2000-01-01;
Charsznica;2000-01-01;
Czarnocin;2000-01-01;
Czerniewice;2000-01-01;
Drzewica;2000-01-01;
Fałków;2000-01-01;
Gielniów;2000-01-01;
Głowaczów;2000-01-01;
Gorzkowice;2000-01-01;
Goszczyn;2000-01-01;
Gowarczów;2000-01-01;
Grabica;2000-01-01;
Grabów nad Pilicą;2000-01-01;
Inowłódz;2000-01-01;
Irządze;2000-01-01;
Kluczewsko;2000-01-01;
Klwów;2000-01-01;
Kobiele Wielkie;2000-01-01;
Kodrąb;2000-01-01;
Koluszki;2000-01-01;
Koniecpol;2000-01-01;
Końskie;2000-01-01;
Kozłów;2000-01-01;
Krasocin;2000-01-01;
Kroczyce;2000-01-01;
Lelów;2000-01-01;
Lubochnia;2000-01-01;
Łęki Szlacheckie;2000-01-01;
Łopuszno;2000-01-01;
Magnuszew;2000-01-01;
Masłowice;2000-01-01;
Mniów;2000-01-01;
Mniszków;2000-01-01;
Mogielnica;2000-01-01;
Moskorzew;2000-01-01;
Moszczenica;2000-01-01;
Niegowa;2000-01-01;
Nowe Miasto nad Pilicą;2000-01-01;
Nowosolna;2000-01-01;
Odrzywół;2000-01-01;
Ogrodzieniec;2000-01-01;
Opoczno;2000-01-01;
Paradyż;2000-01-01;
Pilica;2000-01-01;
Piotrków Trybunalski;2000-01-01;
Poświętne;2000-01-01;
Promna;2000-01-01;
Przedbórz;2000-01-01;
Przysucha;2000-01-01;
Radoszyce;2000-01-01;
Radzanów;2000-01-01;
Ręczno;2000-01-01;
Rokiciny;2000-01-01;
Rozprza;2000-01-01;
Ruda Maleniecka;2000-01-01;
Rusinów;2000-01-01;
Rzeczyca;2000-01-01;
Sadkowice;2000-01-01;
Secemin;2000-01-01;
Sławno;2000-01-01;
Słupia;2000-01-01;
Słupia Konecka;2000-01-01;
Smyków;2000-01-01;
Stąporków;2000-01-01;
Stromiec;2000-01-01;
Sulejów;2000-01-01;
Szczekociny;2000-01-01;
Tomaszów Mazowiecki miasto;2000-01-01;
Tomaszów Mazowiecki wiejski;2000-01-01;
Tuszyn;2000-01-01;
Ujazd;2000-01-01;
Warka;2000-01-01;
Wielgomłyny;2000-01-01;
Włodowice;2000-01-01;
Włoszczowa;2000-01-01;
Wola Krzysztoporska;2000-01-01;
Wolbórz;2000-01-01;
Wolbrom;2000-01-01;
Wyśmierzyce;2000-01-01;
Zagnańsk;2000-01-01;
Zawiercie;2000-01-01;
Żarnowiec;2000-01-01;
Żarnów;2000-01-01;
Żytno;2000-01-01;
Aleksandrów;2001-01-01;
Andrespol;2001-01-01;
Belsk Duży;2001-01-01;
Będków;2001-01-01;
Białaczów;2001-01-01;
Białobrzegi;2001-01-01;
Bliżyn;2001-01-01;
Błędów;2001-01-01;
Brójce;2001-01-01;
Budziszewice;2001-01-01;
Charsznica;2001-01-01;
Czarnocin;2001-01-01;
Czerniewice;2001-01-01;
Drzewica;2001-01-01;
Fałków;2001-01-01;
Gielniów;2001-01-01;
Głowaczów;2001-01-01;
Gorzkowice;2001-01-01;
Goszczyn;2001-01-01;
Gowarczów;2001-01-01;
Grabica;2001-01-01;
Grabów nad Pilicą;2001-01-01;
Inowłódz;2001-01-01;
Irządze;2001-01-01;
Kluczewsko;2001-01-01;
Klwów;2001-01-01;
Kobiele Wielkie;2001-01-01;
Kodrąb;2001-01-01;
Koluszki;2001-01-01;
Koniecpol;2001-01-01;
Końskie;2001-01-01;
Kozłów;2001-01-01;
Krasocin;2001-01-01;
Kroczyce;2001-01-01;
Lelów;2001-01-01;
Lubochnia;2001-01-01;
Łęki Szlacheckie;2001-01-01;
Łopuszno;2001-01-01;
Magnuszew;2001-01-01;
Masłowice;2001-01-01;
Mniów;2001-01-01;
Mniszków;2001-01-01;
Mogielnica;2001-01-01;
Moskorzew;2001-01-01;
Moszczenica;2001-01-01;
Niegowa;2001-01-01;
Nowe Miasto nad Pilicą;2001-01-01;
Nowosolna;2001-01-01;
Odrzywół;2001-01-01;
Ogrodzieniec;2001-01-01;
Opoczno;2001-01-01;
Paradyż;2001-01-01;
Pilica;2001-01-01;
Piotrków Trybunalski;2001-01-01;
Poświętne;2001-01-01;
Promna;2001-01-01;
Przedbórz;2001-01-01;
Przysucha;2001-01-01;
Radoszyce;2001-01-01;
Radzanów;2001-01-01;
Ręczno;2001-01-01;
Rokiciny;2001-01-01;
Rozprza;2001-01-01;
Ruda Maleniecka;2001-01-01;
Rusinów;2001-01-01;
Rzeczyca;2001-01-01;
Sadkowice;2001-01-01;
Secemin;2001-01-01;
Sławno;2001-01-01;
Słupia;2001-01-01;
Słupia Konecka;2001-01-01;
Smyków;2001-01-01;
Stąporków;2001-01-01;
Stromiec;2001-01-01;
Sulejów;2001-01-01;
Szczekociny;2001-01-01;
Tomaszów Mazowiecki miasto;2001-01-01;
Tomaszów Mazowiecki wiejski;2001-01-01;
Tuszyn;2001-01-01;
Ujazd;2001-01-01;
Warka;2001-01-01;
Wielgomłyny;2001-01-01;
Włodowice;2001-01-01;
Włoszczowa;2001-01-01;
Wola Krzysztoporska;2001-01-01;
Wolbórz;2001-01-01;
Wolbrom;2001-01-01;
Wyśmierzyce;2001-01-01;
Zagnańsk;2001-01-01;
Zawiercie;2001-01-01;
Żarnowiec;2001-01-01;
Żarnów;2001-01-01;
Żytno;2001-01-01;
Aleksandrów;2002-01-01;3191
Andrespol;2002-01-01;11095
Belsk Duży;2002-01-01;6855
Będków;2002-01-01;3622
Białaczów;2002-01-01;6102
Białobrzegi;2002-01-01;10151
Bliżyn;2002-01-01;8684
Błędów;2002-01-01;8079
Brójce;2002-01-01;5211
Budziszewice;2002-01-01;2271
Charsznica;2002-01-01;7888
Czarnocin;2002-01-01;4158
Czerniewice;2002-01-01;5162
Drzewica;2002-01-01;11310
Fałków;2002-01-01;4855
Gielniów;2002-01-01;4952
Głowaczów;2002-01-01;7557
Gorzkowice;2002-01-01;8704
Goszczyn;2002-01-01;2958
Gowarczów;2002-01-01;4943
Grabica;2002-01-01;6164
Grabów nad Pilicą;2002-01-01;3726
Inowłódz;2002-01-01;3884
Irządze;2002-01-01;2985
Kluczewsko;2002-01-01;5260
Klwów;2002-01-01;3644
Kobiele Wielkie;2002-01-01;4474
Kodrąb;2002-01-01;4787
Koluszki;2002-01-01;22915
Koniecpol;2002-01-01;10612
Końskie;2002-01-01;36771
Kozłów;2002-01-01;5075
Krasocin;2002-01-01;10819
Kroczyce;2002-01-01;6125
Lelów;2002-01-01;5297
Lubochnia;2002-01-01;7629
Łęki Szlacheckie;2002-01-01;3776
Łopuszno;2002-01-01;8932
Magnuszew;2002-01-01;6678
Masłowice;2002-01-01;4403
Mniów;2002-01-01;9214
Mniszków;2002-01-01;4832
Mogielnica;2002-01-01;9347
Moskorzew;2002-01-01;3019
Moszczenica;2002-01-01;12748
Niegowa;2002-01-01;5900
Nowe Miasto nad Pilicą;2002-01-01;8504
Nowosolna;2002-01-01;3298
Odrzywół;2002-01-01;4247
Ogrodzieniec;2002-01-01;9599
Opoczno;2002-01-01;35406
Paradyż;2002-01-01;4523
Pilica;2002-01-01;9315
Piotrków Trybunalski;2002-01-01;80923
Poświętne;2002-01-01;3466
Promna;2002-01-01;5704
Przedbórz;2002-01-01;7853
Przysucha;2002-01-01;12606
Radoszyce;2002-01-01;
Radzanów;2002-01-01;3897
Ręczno;2002-01-01;3738
Rokiciny;2002-01-01;5965
Rozprza;2002-01-01;11954
Ruda Maleniecka;2002-01-01;3435
Rusinów;2002-01-01;4540
Rzeczyca;2002-01-01;5069
Sadkowice;2002-01-01;5803
Secemin;2002-01-01;5400
Sławno;2002-01-01;7543
Słupia;2002-01-01;2720
Słupia Konecka;2002-01-01;3676
Smyków;2002-01-01;3637
Stąporków;2002-01-01;18777
Stromiec;2002-01-01;5780
Sulejów;2002-01-01;15138
Szczekociny;2002-01-01;8574
Tomaszów Mazowiecki miasto;2002-01-01;67592
Tomaszów Mazowiecki wiejski;2002-01-01;9535
Tuszyn;2002-01-01;11584
Ujazd;2002-01-01;7880
Warka;2002-01-01;19062
Wielgomłyny;2002-01-01;5069
Włodowice;2002-01-01;5265
Włoszczowa;2002-01-01;20503
Wola Krzysztoporska;2002-01-01;11477
Wolbórz;2002-01-01;
Wolbrom;2002-01-01;23596
Wyśmierzyce;2002-01-01;2993
Zagnańsk;2002-01-01;12652
Zawiercie;2002-01-01;53963
Żarnowiec;2002-01-01;5028
Żarnów;2002-01-01;6424
Żytno;2002-01-01;5981
Aleksandrów;2003-01-01;3194
Andrespol;2003-01-01;11287
Belsk Duży;2003-01-01;6834
Będków;2003-01-01;3610
Białaczów;2003-01-01;6062
Białobrzegi;2003-01-01;10188
Bliżyn;2003-01-01;8654
Błędów;2003-01-01;8018
Brójce;2003-01-01;5266
Budziszewice;2003-01-01;2246
Charsznica;2003-01-01;7851
Czarnocin;2003-01-01;4149
Czerniewice;2003-01-01;5159
Drzewica;2003-01-01;11247
Fałków;2003-01-01;4826
Gielniów;2003-01-01;4925
Głowaczów;2003-01-01;7461
Gorzkowice;2003-01-01;8693
Goszczyn;2003-01-01;2943
Gowarczów;2003-01-01;4964
Grabica;2003-01-01;6133
Grabów nad Pilicą;2003-01-01;3723
Inowłódz;2003-01-01;3865
Irządze;2003-01-01;2978
Kluczewsko;2003-01-01;5237
Klwów;2003-01-01;3623
Kobiele Wielkie;2003-01-01;4464
Kodrąb;2003-01-01;4748
Koluszki;2003-01-01;22884
Koniecpol;2003-01-01;10493
Końskie;2003-01-01;36632
Kozłów;2003-01-01;5049
Krasocin;2003-01-01;10833
Kroczyce;2003-01-01;6157
Lelów;2003-01-01;5248
Lubochnia;2003-01-01;7591
Łęki Szlacheckie;2003-01-01;3750
Łopuszno;2003-01-01;8973
Magnuszew;2003-01-01;6690
Masłowice;2003-01-01;4423
Mniów;2003-01-01;9230
Mniszków;2003-01-01;4833
Mogielnica;2003-01-01;9289
Moskorzew;2003-01-01;3009
Moszczenica;2003-01-01;12789
Niegowa;2003-01-01;5883
Nowe Miasto nad Pilicą;2003-01-01;8499
Nowosolna;2003-01-01;3439
Odrzywół;2003-01-01;4198
Ogrodzieniec;2003-01-01;9570
Opoczno;2003-01-01;35407
Paradyż;2003-01-01;4489
Pilica;2003-01-01;9280
Piotrków Trybunalski;2003-01-01;80510
Poświętne;2003-01-01;3448
Promna;2003-01-01;5675
Przedbórz;2003-01-01;7789
Przysucha;2003-01-01;12473
Radoszyce;2003-01-01;
Radzanów;2003-01-01;3867
Ręczno;2003-01-01;3716
Rokiciny;2003-01-01;5945
Rozprza;2003-01-01;11935
Ruda Maleniecka;2003-01-01;3405
Rusinów;2003-01-01;4491
Rzeczyca;2003-01-01;5068
Sadkowice;2003-01-01;5796
Secemin;2003-01-01;5362
Sławno;2003-01-01;7499
Słupia;2003-01-01;2706
Słupia Konecka;2003-01-01;3665
Smyków;2003-01-01;3640
Stąporków;2003-01-01;18665
Stromiec;2003-01-01;5731
Sulejów;2003-01-01;15234
Szczekociny;2003-01-01;8532
Tomaszów Mazowiecki miasto;2003-01-01;67372
Tomaszów Mazowiecki wiejski;2003-01-01;9592
Tuszyn;2003-01-01;11615
Ujazd;2003-01-01;7804
Warka;2003-01-01;18952
Wielgomłyny;2003-01-01;5026
Włodowice;2003-01-01;5276
Włoszczowa;2003-01-01;20500
Wola Krzysztoporska;2003-01-01;11482
Wolbórz;2003-01-01;
Wolbrom;2003-01-01;23509
Wyśmierzyce;2003-01-01;2975
Zagnańsk;2003-01-01;12747
Zawiercie;2003-01-01;53640
Żarnowiec;2003-01-01;5005
Żarnów;2003-01-01;6388
Żytno;2003-01-01;5929
Aleksandrów;2004-01-01;3181
Andrespol;2004-01-01;11477
Belsk Duży;2004-01-01;6822
Będków;2004-01-01;3561
Białaczów;2004-01-01;6043
Białobrzegi;2004-01-01;10227
Bliżyn;2004-01-01;8662
Błędów;2004-01-01;7963
Brójce;2004-01-01;5301
Budziszewice;2004-01-01;2236
Charsznica;2004-01-01;7795
Czarnocin;2004-01-01;4104
Czerniewice;2004-01-01;5144
Drzewica;2004-01-01;11157
Fałków;2004-01-01;4780
Gielniów;2004-01-01;4873
Głowaczów;2004-01-01;7400
Gorzkowice;2004-01-01;8651
Goszczyn;2004-01-01;2935
Gowarczów;2004-01-01;4976
Grabica;2004-01-01;6104
Grabów nad Pilicą;2004-01-01;3702
Inowłódz;2004-01-01;3870
Irządze;2004-01-01;2939
Kluczewsko;2004-01-01;5196
Klwów;2004-01-01;3467
Kobiele Wielkie;2004-01-01;4431
Kodrąb;2004-01-01;4738
Koluszki;2004-01-01;22897
Koniecpol;2004-01-01;10446
Końskie;2004-01-01;36547
Kozłów;2004-01-01;4971
Krasocin;2004-01-01;10804
Kroczyce;2004-01-01;6212
Lelów;2004-01-01;5265
Lubochnia;2004-01-01;7566
Łęki Szlacheckie;2004-01-01;3707
Łopuszno;2004-01-01;8986
Magnuszew;2004-01-01;6619
Masłowice;2004-01-01;4416
Mniów;2004-01-01;9263
Mniszków;2004-01-01;4820
Mogielnica;2004-01-01;9216
Moskorzew;2004-01-01;2986
Moszczenica;2004-01-01;12729
Niegowa;2004-01-01;5841
Nowe Miasto nad Pilicą;2004-01-01;8381
Nowosolna;2004-01-01;3579
Odrzywół;2004-01-01;4281
Ogrodzieniec;2004-01-01;9563
Opoczno;2004-01-01;35383
Paradyż;2004-01-01;4476
Pilica;2004-01-01;9183
Piotrków Trybunalski;2004-01-01;80085
Poświętne;2004-01-01;3412
Promna;2004-01-01;5650
Przedbórz;2004-01-01;7682
Przysucha;2004-01-01;12448
Radoszyce;2004-01-01;
Radzanów;2004-01-01;3864
Ręczno;2004-01-01;3685
Rokiciny;2004-01-01;5913
Rozprza;2004-01-01;11948
Ruda Maleniecka;2004-01-01;3390
Rusinów;2004-01-01;4451
Rzeczyca;2004-01-01;5041
Sadkowice;2004-01-01;5773
Secemin;2004-01-01;5307
Sławno;2004-01-01;7454
Słupia;2004-01-01;2672
Słupia Konecka;2004-01-01;3641
Smyków;2004-01-01;3681
Stąporków;2004-01-01;18531
Stromiec;2004-01-01;5693
Sulejów;2004-01-01;15375
Szczekociny;2004-01-01;8467
Tomaszów Mazowiecki miasto;2004-01-01;67159
Tomaszów Mazowiecki wiejski;2004-01-01;9663
Tuszyn;2004-01-01;11655
Ujazd;2004-01-01;7785
Warka;2004-01-01;18976
Wielgomłyny;2004-01-01;5008
Włodowice;2004-01-01;5278
Włoszczowa;2004-01-01;20487
Wola Krzysztoporska;2004-01-01;11535
Wolbórz;2004-01-01;
Wolbrom;2004-01-01;23470
Wyśmierzyce;2004-01-01;2909
Zagnańsk;2004-01-01;12724
Zawiercie;2004-01-01;53359
Żarnowiec;2004-01-01;5011
Żarnów;2004-01-01;6322
Żytno;2004-01-01;5814
Aleksandrów;2005-01-01;3188
Andrespol;2005-01-01;11635
Belsk Duży;2005-01-01;6801
Będków;2005-01-01;3538
Białaczów;2005-01-01;5989
Białobrzegi;2005-01-01;10261
Bliżyn;2005-01-01;8656
Błędów;2005-01-01;7925
Brójce;2005-01-01;5373
Budziszewice;2005-01-01;2221
Charsznica;2005-01-01;7827
Czarnocin;2005-01-01;4062
Czerniewice;2005-01-01;5126
Drzewica;2005-01-01;11075
Fałków;2005-01-01;4809
Gielniów;2005-01-01;4837
Głowaczów;2005-01-01;7331
Gorzkowice;2005-01-01;8636
Goszczyn;2005-01-01;2942
Gowarczów;2005-01-01;4991
Grabica;2005-01-01;6114
Grabów nad Pilicą;2005-01-01;3691
Inowłódz;2005-01-01;3886
Irządze;2005-01-01;2930
Kluczewsko;2005-01-01;5204
Klwów;2005-01-01;3476
Kobiele Wielkie;2005-01-01;4434
Kodrąb;2005-01-01;4729
Koluszki;2005-01-01;22941
Koniecpol;2005-01-01;10366
Końskie;2005-01-01;36490
Kozłów;2005-01-01;5028
Krasocin;2005-01-01;10776
Kroczyce;2005-01-01;6244
Lelów;2005-01-01;5243
Lubochnia;2005-01-01;7604
Łęki Szlacheckie;2005-01-01;3713
Łopuszno;2005-01-01;9013
Magnuszew;2005-01-01;6616
Masłowice;2005-01-01;4379
Mniów;2005-01-01;9231
Mniszków;2005-01-01;4811
Mogielnica;2005-01-01;9175
Moskorzew;2005-01-01;2965
Moszczenica;2005-01-01;12719
Niegowa;2005-01-01;5789
Nowe Miasto nad Pilicą;2005-01-01;8308
Nowosolna;2005-01-01;3729
Odrzywół;2005-01-01;4223
Ogrodzieniec;2005-01-01;9550
Opoczno;2005-01-01;35445
Paradyż;2005-01-01;4449
Pilica;2005-01-01;9158
Piotrków Trybunalski;2005-01-01;79670
Poświętne;2005-01-01;3346
Promna;2005-01-01;5619
Przedbórz;2005-01-01;7625
Przysucha;2005-01-01;12476
Radoszyce;2005-01-01;
Radzanów;2005-01-01;3882
Ręczno;2005-01-01;3665
Rokiciny;2005-01-01;5891
Rozprza;2005-01-01;12009
Ruda Maleniecka;2005-01-01;3383
Rusinów;2005-01-01;4456
Rzeczyca;2005-01-01;4984
Sadkowice;2005-01-01;5751
Secemin;2005-01-01;5198
Sławno;2005-01-01;7441
Słupia;2005-01-01;2667
Słupia Konecka;2005-01-01;3608
Smyków;2005-01-01;3694
Stąporków;2005-01-01;18387
Stromiec;2005-01-01;5641
Sulejów;2005-01-01;15540
Szczekociny;2005-01-01;8400
Tomaszów Mazowiecki miasto;2005-01-01;66859
Tomaszów Mazowiecki wiejski;2005-01-01;9782
Tuszyn;2005-01-01;11688
Ujazd;2005-01-01;7785
Warka;2005-01-01;18936
Wielgomłyny;2005-01-01;4977
Włodowice;2005-01-01;5295
Włoszczowa;2005-01-01;20484
Wola Krzysztoporska;2005-01-01;11547
Wolbórz;2005-01-01;
Wolbrom;2005-01-01;23441
Wyśmierzyce;2005-01-01;2896
Zagnańsk;2005-01-01;12753
Zawiercie;2005-01-01;53073
Żarnowiec;2005-01-01;4981
Żarnów;2005-01-01;6294
Żytno;2005-01-01;5744
Aleksandrów;2006-01-01;3194
Andrespol;2006-01-01;11741
Belsk Duży;2006-01-01;6800
Będków;2006-01-01;3508
Białaczów;2006-01-01;5973
Białobrzegi;2006-01-01;10327
Bliżyn;2006-01-01;8565
Błędów;2006-01-01;7889
Brójce;2006-01-01;5479
Budziszewice;2006-01-01;2200
Charsznica;2006-01-01;7808
Czarnocin;2006-01-01;4078
Czerniewice;2006-01-01;5114
Drzewica;2006-01-01;11087
Fałków;2006-01-01;4755
Gielniów;2006-01-01;4822
Głowaczów;2006-01-01;7263
Gorzkowice;2006-01-01;8637
Goszczyn;2006-01-01;2944
Gowarczów;2006-01-01;4977
Grabica;2006-01-01;6073
Grabów nad Pilicą;2006-01-01;3752
Inowłódz;2006-01-01;3873
Irządze;2006-01-01;2904
Kluczewsko;2006-01-01;5173
Klwów;2006-01-01;3441
Kobiele Wielkie;2006-01-01;4443
Kodrąb;2006-01-01;4709
Koluszki;2006-01-01;23015
Koniecpol;2006-01-01;10247
Końskie;2006-01-01;36291
Kozłów;2006-01-01;5001
Krasocin;2006-01-01;10781
Kroczyce;2006-01-01;6272
Lelów;2006-01-01;5200
Lubochnia;2006-01-01;7579
Łęki Szlacheckie;2006-01-01;3668
Łopuszno;2006-01-01;8987
Magnuszew;2006-01-01;6571
Masłowice;2006-01-01;4352
Mniów;2006-01-01;9240
Mniszków;2006-01-01;4779
Mogielnica;2006-01-01;9133
Moskorzew;2006-01-01;2937
Moszczenica;2006-01-01;12734
Niegowa;2006-01-01;5745
Nowe Miasto nad Pilicą;2006-01-01;8260
Nowosolna;2006-01-01;3847
Odrzywół;2006-01-01;4135
Ogrodzieniec;2006-01-01;9502
Opoczno;2006-01-01;35368
Paradyż;2006-01-01;4453
Pilica;2006-01-01;9078
Piotrków Trybunalski;2006-01-01;78954
Poświętne;2006-01-01;3307
Promna;2006-01-01;5613
Przedbórz;2006-01-01;7578
Przysucha;2006-01-01;12469
Radoszyce;2006-01-01;
Radzanów;2006-01-01;3886
Ręczno;2006-01-01;3630
Rokiciny;2006-01-01;5929
Rozprza;2006-01-01;12078
Ruda Maleniecka;2006-01-01;3345
Rusinów;2006-01-01;4458
Rzeczyca;2006-01-01;4957
Sadkowice;2006-01-01;5712
Secemin;2006-01-01;5128
Sławno;2006-01-01;7396
Słupia;2006-01-01;2654
Słupia Konecka;2006-01-01;3553
Smyków;2006-01-01;3706
Stąporków;2006-01-01;18317
Stromiec;2006-01-01;5634
Sulejów;2006-01-01;15589
Szczekociny;2006-01-01;8312
Tomaszów Mazowiecki miasto;2006-01-01;66606
Tomaszów Mazowiecki wiejski;2006-01-01;9916
Tuszyn;2006-01-01;11675
Ujazd;2006-01-01;7737
Warka;2006-01-01;18873
Wielgomłyny;2006-01-01;4959
Włodowice;2006-01-01;5290
Włoszczowa;2006-01-01;20446
Wola Krzysztoporska;2006-01-01;11607
Wolbórz;2006-01-01;
Wolbrom;2006-01-01;23424
Wyśmierzyce;2006-01-01;2884
Zagnańsk;2006-01-01;12759
Zawiercie;2006-01-01;52789
Żarnowiec;2006-01-01;4971
Żarnów;2006-01-01;6231
Żytno;2006-01-01;5660
Aleksandrów;2007-01-01;3200
Andrespol;2007-01-01;11986
Belsk Duży;2007-01-01;6742
Będków;2007-01-01;3509
Białaczów;2007-01-01;5952
Białobrzegi;2007-01-01;10323
Bliżyn;2007-01-01;8571
Błędów;2007-01-01;7844
Brójce;2007-01-01;5598
Budziszewice;2007-01-01;2166
Charsznica;2007-01-01;7784
Czarnocin;2007-01-01;4051
Czerniewice;2007-01-01;5094
Drzewica;2007-01-01;11076
Fałków;2007-01-01;4727
Gielniów;2007-01-01;4762
Głowaczów;2007-01-01;7223
Gorzkowice;2007-01-01;8649
Goszczyn;2007-01-01;2960
Gowarczów;2007-01-01;4757
Grabica;2007-01-01;6072
Grabów nad Pilicą;2007-01-01;3793
Inowłódz;2007-01-01;3837
Irządze;2007-01-01;2860
Kluczewsko;2007-01-01;5202
Klwów;2007-01-01;3482
Kobiele Wielkie;2007-01-01;4445
Kodrąb;2007-01-01;4725
Koluszki;2007-01-01;23006
Koniecpol;2007-01-01;10231
Końskie;2007-01-01;36417
Kozłów;2007-01-01;5003
Krasocin;2007-01-01;10745
Kroczyce;2007-01-01;6306
Lelów;2007-01-01;5170
Lubochnia;2007-01-01;7627
Łęki Szlacheckie;2007-01-01;3653
Łopuszno;2007-01-01;8966
Magnuszew;2007-01-01;6571
Masłowice;2007-01-01;4296
Mniów;2007-01-01;9242
Mniszków;2007-01-01;4754
Mogielnica;2007-01-01;9026
Moskorzew;2007-01-01;2941
Moszczenica;2007-01-01;12833
Niegowa;2007-01-01;5664
Nowe Miasto nad Pilicą;2007-01-01;8203
Nowosolna;2007-01-01;3955
Odrzywół;2007-01-01;4073
Ogrodzieniec;2007-01-01;9508
Opoczno;2007-01-01;35461
Paradyż;2007-01-01;4434
Pilica;2007-01-01;8985
Piotrków Trybunalski;2007-01-01;78475
Poświętne;2007-01-01;3273
Promna;2007-01-01;5608
Przedbórz;2007-01-01;7540
Przysucha;2007-01-01;12359
Radoszyce;2007-01-01;
Radzanów;2007-01-01;3888
Ręczno;2007-01-01;3616
Rokiciny;2007-01-01;5952
Rozprza;2007-01-01;12092
Ruda Maleniecka;2007-01-01;3300
Rusinów;2007-01-01;4405
Rzeczyca;2007-01-01;4909
Sadkowice;2007-01-01;5655
Secemin;2007-01-01;5081
Sławno;2007-01-01;7342
Słupia;2007-01-01;2642
Słupia Konecka;2007-01-01;3507
Smyków;2007-01-01;3721
Stąporków;2007-01-01;18126
Stromiec;2007-01-01;5610
Sulejów;2007-01-01;15750
Szczekociny;2007-01-01;8250
Tomaszów Mazowiecki miasto;2007-01-01;66232
Tomaszów Mazowiecki wiejski;2007-01-01;10045
Tuszyn;2007-01-01;11649
Ujazd;2007-01-01;7765
Warka;2007-01-01;18788
Wielgomłyny;2007-01-01;4881
Włodowice;2007-01-01;5291
Włoszczowa;2007-01-01;20384
Wola Krzysztoporska;2007-01-01;11641
Wolbórz;2007-01-01;
Wolbrom;2007-01-01;23381
Wyśmierzyce;2007-01-01;2894
Zagnańsk;2007-01-01;12785
Zawiercie;2007-01-01;52435
Żarnowiec;2007-01-01;4938
Żarnów;2007-01-01;6181
Żytno;2007-01-01;5594
Aleksandrów;2008-01-01;3225
Andrespol;2008-01-01;12104
Belsk Duży;2008-01-01;6759
Będków;2008-01-01;3462
Białaczów;2008-01-01;5948
Białobrzegi;2008-01-01;10394
Bliżyn;2008-01-01;8520
Błędów;2008-01-01;7789
Brójce;2008-01-01;5747
Budziszewice;2008-01-01;2173
Charsznica;2008-01-01;7706
Czarnocin;2008-01-01;4061
Czerniewice;2008-01-01;5121
Drzewica;2008-01-01;11037
Fałków;2008-01-01;4690
Gielniów;2008-01-01;4733
Głowaczów;2008-01-01;7202
Gorzkowice;2008-01-01;8651
Goszczyn;2008-01-01;2978
Gowarczów;2008-01-01;4770
Grabica;2008-01-01;6062
Grabów nad Pilicą;2008-01-01;3821
Inowłódz;2008-01-01;3845
Irządze;2008-01-01;2798
Kluczewsko;2008-01-01;5207
Klwów;2008-01-01;3451
Kobiele Wielkie;2008-01-01;4443
Kodrąb;2008-01-01;4768
Koluszki;2008-01-01;23108
Koniecpol;2008-01-01;10244
Końskie;2008-01-01;36348
Kozłów;2008-01-01;4977
Krasocin;2008-01-01;10766
Kroczyce;2008-01-01;6312
Lelów;2008-01-01;5157
Lubochnia;2008-01-01;7599
Łęki Szlacheckie;2008-01-01;3628
Łopuszno;2008-01-01;9005
Magnuszew;2008-01-01;6580
Masłowice;2008-01-01;4320
Mniów;2008-01-01;9272
Mniszków;2008-01-01;4750
Mogielnica;2008-01-01;9034
Moskorzew;2008-01-01;2931
Moszczenica;2008-01-01;12840
Niegowa;2008-01-01;5668
Nowe Miasto nad Pilicą;2008-01-01;8152
Nowosolna;2008-01-01;4082
Odrzywół;2008-01-01;4032
Ogrodzieniec;2008-01-01;9507
Opoczno;2008-01-01;35531
Paradyż;2008-01-01;4459
Pilica;2008-01-01;8994
Piotrków Trybunalski;2008-01-01;78149
Poświętne;2008-01-01;3265
Promna;2008-01-01;5628
Przedbórz;2008-01-01;7522
Przysucha;2008-01-01;12350
Radoszyce;2008-01-01;
Radzanów;2008-01-01;3863
Ręczno;2008-01-01;3622
Rokiciny;2008-01-01;5966
Rozprza;2008-01-01;12115
Ruda Maleniecka;2008-01-01;3252
Rusinów;2008-01-01;4403
Rzeczyca;2008-01-01;4902
Sadkowice;2008-01-01;5664
Secemin;2008-01-01;5042
Sławno;2008-01-01;7357
Słupia;2008-01-01;2618
Słupia Konecka;2008-01-01;3507
Smyków;2008-01-01;3714
Stąporków;2008-01-01;18062
Stromiec;2008-01-01;5640
Sulejów;2008-01-01;15791
Szczekociny;2008-01-01;8187
Tomaszów Mazowiecki miasto;2008-01-01;65935
Tomaszów Mazowiecki wiejski;2008-01-01;10174
Tuszyn;2008-01-01;11699
Ujazd;2008-01-01;7761
Warka;2008-01-01;18791
Wielgomłyny;2008-01-01;4814
Włodowice;2008-01-01;5289
Włoszczowa;2008-01-01;20304
Wola Krzysztoporska;2008-01-01;11619
Wolbórz;2008-01-01;
Wolbrom;2008-01-01;23396
Wyśmierzyce;2008-01-01;2843
Zagnańsk;2008-01-01;12777
Zawiercie;2008-01-01;52295
Żarnowiec;2008-01-01;4866
Żarnów;2008-01-01;6165
Żytno;2008-01-01;5553
Aleksandrów;2009-01-01;3219
Andrespol;2009-01-01;12317
Belsk Duży;2009-01-01;6749
Będków;2009-01-01;3467
Białaczów;2009-01-01;5929
Białobrzegi;2009-01-01;10472
Bliżyn;2009-01-01;8500
Błędów;2009-01-01;7772
Brójce;2009-01-01;5798
Budziszewice;2009-01-01;2154
Charsznica;2009-01-01;7668
Czarnocin;2009-01-01;4064
Czerniewice;2009-01-01;5109
Drzewica;2009-01-01;11020
Fałków;2009-01-01;4671
Gielniów;2009-01-01;4697
Głowaczów;2009-01-01;7251
Gorzkowice;2009-01-01;8638
Goszczyn;2009-01-01;3003
Gowarczów;2009-01-01;4752
Grabica;2009-01-01;6071
Grabów nad Pilicą;2009-01-01;3857
Inowłódz;2009-01-01;3868
Irządze;2009-01-01;2778
Kluczewsko;2009-01-01;5218
Klwów;2009-01-01;3446
Kobiele Wielkie;2009-01-01;4415
Kodrąb;2009-01-01;4754
Koluszki;2009-01-01;23264
Koniecpol;2009-01-01;10144
Końskie;2009-01-01;36208
Kozłów;2009-01-01;4966
Krasocin;2009-01-01;10704
Kroczyce;2009-01-01;6306
Lelów;2009-01-01;5107
Lubochnia;2009-01-01;7614
Łęki Szlacheckie;2009-01-01;3628
Łopuszno;2009-01-01;9007
Magnuszew;2009-01-01;6616
Masłowice;2009-01-01;4303
Mniów;2009-01-01;9287
Mniszków;2009-01-01;4717
Mogielnica;2009-01-01;9010
Moskorzew;2009-01-01;2879
Moszczenica;2009-01-01;12837
Niegowa;2009-01-01;5645
Nowe Miasto nad Pilicą;2009-01-01;8134
Nowosolna;2009-01-01;4254
Odrzywół;2009-01-01;3986
Ogrodzieniec;2009-01-01;9468
Opoczno;2009-01-01;35497
Paradyż;2009-01-01;4454
Pilica;2009-01-01;8957
Piotrków Trybunalski;2009-01-01;77810
Poświętne;2009-01-01;3279
Promna;2009-01-01;5619
Przedbórz;2009-01-01;7450
Przysucha;2009-01-01;12290
Radoszyce;2009-01-01;
Radzanów;2009-01-01;3873
Ręczno;2009-01-01;3587
Rokiciny;2009-01-01;5994
Rozprza;2009-01-01;12073
Ruda Maleniecka;2009-01-01;3226
Rusinów;2009-01-01;4379
Rzeczyca;2009-01-01;4865
Sadkowice;2009-01-01;5612
Secemin;2009-01-01;5012
Sławno;2009-01-01;7349
Słupia;2009-01-01;2620
Słupia Konecka;2009-01-01;3477
Smyków;2009-01-01;3711
Stąporków;2009-01-01;17979
Stromiec;2009-01-01;5611
Sulejów;2009-01-01;15926
Szczekociny;2009-01-01;8159
Tomaszów Mazowiecki miasto;2009-01-01;65586
Tomaszów Mazowiecki wiejski;2009-01-01;10248
Tuszyn;2009-01-01;11758
Ujazd;2009-01-01;7782
Warka;2009-01-01;18788
Wielgomłyny;2009-01-01;4790
Włodowice;2009-01-01;5289
Włoszczowa;2009-01-01;20276
Wola Krzysztoporska;2009-01-01;11617
Wolbórz;2009-01-01;
Wolbrom;2009-01-01;23395
Wyśmierzyce;2009-01-01;2842
Zagnańsk;2009-01-01;12797
Zawiercie;2009-01-01;51963
Żarnowiec;2009-01-01;4894
Żarnów;2009-01-01;6117
Żytno;2009-01-01;5515
Aleksandrów;2010-01-01;3260
Andrespol;2010-01-01;12675
Belsk Duży;2010-01-01;6688
Będków;2010-01-01;3449
Białaczów;2010-01-01;6044
Białobrzegi;2010-01-01;10447
Bliżyn;2010-01-01;8517
Błędów;2010-01-01;7835
Brójce;2010-01-01;5984
Budziszewice;2010-01-01;2260
Charsznica;2010-01-01;7748
Czarnocin;2010-01-01;4090
Czerniewice;2010-01-01;5204
Drzewica;2010-01-01;10975
Fałków;2010-01-01;4782
Gielniów;2010-01-01;4779
Głowaczów;2010-01-01;7514
Gorzkowice;2010-01-01;8698
Goszczyn;2010-01-01;2988
Gowarczów;2010-01-01;4729
Grabica;2010-01-01;6092
Grabów nad Pilicą;2010-01-01;3923
Inowłódz;2010-01-01;3929
Irządze;2010-01-01;2811
Kluczewsko;2010-01-01;5281
Klwów;2010-01-01;3535
Kobiele Wielkie;2010-01-01;4454
Kodrąb;2010-01-01;4786
Koluszki;2010-01-01;23553
Koniecpol;2010-01-01;10213
Końskie;2010-01-01;37109
Kozłów;2010-01-01;4868
Krasocin;2010-01-01;10842
Kroczyce;2010-01-01;6314
Lelów;2010-01-01;5071
Lubochnia;2010-01-01;7630
Łęki Szlacheckie;2010-01-01;3717
Łopuszno;2010-01-01;9060
Magnuszew;2010-01-01;6733
Masłowice;2010-01-01;4329
Mniów;2010-01-01;9393
Mniszków;2010-01-01;4762
Mogielnica;2010-01-01;9122
Moskorzew;2010-01-01;2820
Moszczenica;2010-01-01;12950
Niegowa;2010-01-01;5760
Nowe Miasto nad Pilicą;2010-01-01;8374
Nowosolna;2010-01-01;4222
Odrzywół;2010-01-01;4090
Ogrodzieniec;2010-01-01;9461
Opoczno;2010-01-01;35539
Paradyż;2010-01-01;4466
Pilica;2010-01-01;9014
Piotrków Trybunalski;2010-01-01;76881
Poświętne;2010-01-01;3324
Promna;2010-01-01;5708
Przedbórz;2010-01-01;7531
Przysucha;2010-01-01;12602
Radoszyce;2010-01-01;
Radzanów;2010-01-01;3949
Ręczno;2010-01-01;3643
Rokiciny;2010-01-01;6121
Rozprza;2010-01-01;12206
Ruda Maleniecka;2010-01-01;3289
Rusinów;2010-01-01;4417
Rzeczyca;2010-01-01;4876
Sadkowice;2010-01-01;5697
Secemin;2010-01-01;5002
Sławno;2010-01-01;7544
Słupia;2010-01-01;2699
Słupia Konecka;2010-01-01;3533
Smyków;2010-01-01;3761
Stąporków;2010-01-01;18206
Stromiec;2010-01-01;5758
Sulejów;2010-01-01;16110
Szczekociny;2010-01-01;8212
Tomaszów Mazowiecki miasto;2010-01-01;66173
Tomaszów Mazowiecki wiejski;2010-01-01;10485
Tuszyn;2010-01-01;11999
Ujazd;2010-01-01;7896
Warka;2010-01-01;19062
Wielgomłyny;2010-01-01;4871
Włodowice;2010-01-01;5279
Włoszczowa;2010-01-01;20362
Wola Krzysztoporska;2010-01-01;11733
Wolbórz;2010-01-01;
Wolbrom;2010-01-01;23566
Wyśmierzyce;2010-01-01;2851
Zagnańsk;2010-01-01;12879
Zawiercie;2010-01-01;52223
Żarnowiec;2010-01-01;4844
Żarnów;2010-01-01;6156
Żytno;2010-01-01;5466
Aleksandrów;2011-01-01;3268
Andrespol;2011-01-01;12834
Belsk Duży;2011-01-01;6673
Będków;2011-01-01;3410
Białaczów;2011-01-01;6038
Białobrzegi;2011-01-01;10410
Bliżyn;2011-01-01;8504
Błędów;2011-01-01;7794
Brójce;2011-01-01;6081
Budziszewice;2011-01-01;2254
Charsznica;2011-01-01;7693
Czarnocin;2011-01-01;4081
Czerniewice;2011-01-01;5191
Drzewica;2011-01-01;10919
Fałków;2011-01-01;4739
Gielniów;2011-01-01;4724
Głowaczów;2011-01-01;7510
Gorzkowice;2011-01-01;8682
Goszczyn;2011-01-01;2971
Gowarczów;2011-01-01;4751
Grabica;2011-01-01;6100
Grabów nad Pilicą;2011-01-01;3956
Inowłódz;2011-01-01;3924
Irządze;2011-01-01;2801
Kluczewsko;2011-01-01;5266
Klwów;2011-01-01;3505
Kobiele Wielkie;2011-01-01;4485
Kodrąb;2011-01-01;4762
Koluszki;2011-01-01;23632
Koniecpol;2011-01-01;10120
Końskie;2011-01-01;36923
Kozłów;2011-01-01;4798
Krasocin;2011-01-01;10824
Kroczyce;2011-01-01;6310
Lelów;2011-01-01;5061
Lubochnia;2011-01-01;7451
Łęki Szlacheckie;2011-01-01;3679
Łopuszno;2011-01-01;9059
Magnuszew;2011-01-01;6764
Masłowice;2011-01-01;4290
Mniów;2011-01-01;9399
Mniszków;2011-01-01;4718
Mogielnica;2011-01-01;9057
Moskorzew;2011-01-01;2790
Moszczenica;2011-01-01;12917
Niegowa;2011-01-01;5729
Nowe Miasto nad Pilicą;2011-01-01;8286
Nowosolna;2011-01-01;4345
Odrzywół;2011-01-01;4037
Ogrodzieniec;2011-01-01;9469
Opoczno;2011-01-01;35435
Paradyż;2011-01-01;4458
Pilica;2011-01-01;8955
Piotrków Trybunalski;2011-01-01;76505
Poświętne;2011-01-01;3311
Promna;2011-01-01;5663
Przedbórz;2011-01-01;7473
Przysucha;2011-01-01;12487
Radoszyce;2011-01-01;
Radzanów;2011-01-01;3916
Ręczno;2011-01-01;3631
Rokiciny;2011-01-01;6134
Rozprza;2011-01-01;12191
Ruda Maleniecka;2011-01-01;3289
Rusinów;2011-01-01;4393
Rzeczyca;2011-01-01;4848
Sadkowice;2011-01-01;5687
Secemin;2011-01-01;4981
Sławno;2011-01-01;7546
Słupia;2011-01-01;2694
Słupia Konecka;2011-01-01;3497
Smyków;2011-01-01;3763
Stąporków;2011-01-01;18066
Stromiec;2011-01-01;5775
Sulejów;2011-01-01;16242
Szczekociny;2011-01-01;8107
Tomaszów Mazowiecki miasto;2011-01-01;65834
Tomaszów Mazowiecki wiejski;2011-01-01;10562
Tuszyn;2011-01-01;12097
Ujazd;2011-01-01;7907
Warka;2011-01-01;19082
Wielgomłyny;2011-01-01;4826
Włodowice;2011-01-01;5281
Włoszczowa;2011-01-01;20289
Wola Krzysztoporska;2011-01-01;11772
Wolbórz;2011-01-01;7773
Wolbrom;2011-01-01;23504
Wyśmierzyce;2011-01-01;2858
Zagnańsk;2011-01-01;12900
Zawiercie;2011-01-01;51880
Żarnowiec;2011-01-01;4828
Żarnów;2011-01-01;6097
Żytno;2011-01-01;5425
Aleksandrów;2012-01-01;3259
Andrespol;2012-01-01;13002
Belsk Duży;2012-01-01;6641
Będków;2012-01-01;3374
Białaczów;2012-01-01;5944
Białobrzegi;2012-01-01;10426
Bliżyn;2012-01-01;8434
Błędów;2012-01-01;7722
Brójce;2012-01-01;6171
Budziszewice;2012-01-01;2256
Charsznica;2012-01-01;7692
Czarnocin;2012-01-01;4098
Czerniewice;2012-01-01;5179
Drzewica;2012-01-01;10845
Fałków;2012-01-01;4716
Gielniów;2012-01-01;4662
Głowaczów;2012-01-01;7460
Gorzkowice;2012-01-01;8671
Goszczyn;2012-01-01;3000
Gowarczów;2012-01-01;4748
Grabica;2012-01-01;6086
Grabów nad Pilicą;2012-01-01;3952
Inowłódz;2012-01-01;3921
Irządze;2012-01-01;2808
Kluczewsko;2012-01-01;5265
Klwów;2012-01-01;3479
Kobiele Wielkie;2012-01-01;4487
Kodrąb;2012-01-01;4700
Koluszki;2012-01-01;23696
Koniecpol;2012-01-01;9998
Końskie;2012-01-01;36727
Kozłów;2012-01-01;4756
Krasocin;2012-01-01;10805
Kroczyce;2012-01-01;6333
Lelów;2012-01-01;5012
Lubochnia;2012-01-01;7260
Łęki Szlacheckie;2012-01-01;3646
Łopuszno;2012-01-01;9080
Magnuszew;2012-01-01;6805
Masłowice;2012-01-01;4274
Mniów;2012-01-01;9387
Mniszków;2012-01-01;4728
Mogielnica;2012-01-01;9008
Moskorzew;2012-01-01;2747
Moszczenica;2012-01-01;12910
Niegowa;2012-01-01;5707
Nowe Miasto nad Pilicą;2012-01-01;8188
Nowosolna;2012-01-01;4491
Odrzywół;2012-01-01;4028
Ogrodzieniec;2012-01-01;9451
Opoczno;2012-01-01;35314
Paradyż;2012-01-01;4453
Pilica;2012-01-01;8924
Piotrków Trybunalski;2012-01-01;76404
Poświętne;2012-01-01;3316
Promna;2012-01-01;5648
Przedbórz;2012-01-01;7455
Przysucha;2012-01-01;12443
Radoszyce;2012-01-01;
Radzanów;2012-01-01;3908
Ręczno;2012-01-01;3608
Rokiciny;2012-01-01;6193
Rozprza;2012-01-01;12241
Ruda Maleniecka;2012-01-01;3268
Rusinów;2012-01-01;4391
Rzeczyca;2012-01-01;4811
Sadkowice;2012-01-01;5654
Secemin;2012-01-01;4950
Sławno;2012-01-01;7531
Słupia;2012-01-01;2717
Słupia Konecka;2012-01-01;3456
Smyków;2012-01-01;3775
Stąporków;2012-01-01;18028
Stromiec;2012-01-01;5738
Sulejów;2012-01-01;16268
Szczekociny;2012-01-01;8089
Tomaszów Mazowiecki miasto;2012-01-01;65454
Tomaszów Mazowiecki wiejski;2012-01-01;10651
Tuszyn;2012-01-01;12124
Ujazd;2012-01-01;7917
Warka;2012-01-01;19133
Wielgomłyny;2012-01-01;4811
Włodowice;2012-01-01;5289
Włoszczowa;2012-01-01;20185
Wola Krzysztoporska;2012-01-01;11832
Wolbórz;2012-01-01;7753
Wolbrom;2012-01-01;23477
Wyśmierzyce;2012-01-01;2846
Zagnańsk;2012-01-01;12916
Zawiercie;2012-01-01;51688
Żarnowiec;2012-01-01;4790
Żarnów;2012-01-01;6103
Żytno;2012-01-01;5399
Aleksandrów;2013-01-01;3240
Andrespol;2013-01-01;13180
Belsk Duży;2013-01-01;6620
Będków;2013-01-01;3339
Białaczów;2013-01-01;5936
Białobrzegi;2013-01-01;10375
Bliżyn;2013-01-01;8392
Błędów;2013-01-01;7687
Brójce;2013-01-01;6217
Budziszewice;2013-01-01;2253
Charsznica;2013-01-01;7669
Czarnocin;2013-01-01;4143
Czerniewice;2013-01-01;5172
Drzewica;2013-01-01;10815
Fałków;2013-01-01;4634
Gielniów;2013-01-01;4650
Głowaczów;2013-01-01;7409
Gorzkowice;2013-01-01;8606
Goszczyn;2013-01-01;2988
Gowarczów;2013-01-01;4760
Grabica;2013-01-01;6127
Grabów nad Pilicą;2013-01-01;3950
Inowłódz;2013-01-01;3900
Irządze;2013-01-01;2786
Kluczewsko;2013-01-01;5252
Klwów;2013-01-01;3484
Kobiele Wielkie;2013-01-01;4512
Kodrąb;2013-01-01;4712
Koluszki;2013-01-01;23639
Koniecpol;2013-01-01;9897
Końskie;2013-01-01;36450
Kozłów;2013-01-01;4734
Krasocin;2013-01-01;10819
Kroczyce;2013-01-01;6352
Lelów;2013-01-01;4988
Lubochnia;2013-01-01;7190
Łęki Szlacheckie;2013-01-01;3630
Łopuszno;2013-01-01;9038
Magnuszew;2013-01-01;6831
Masłowice;2013-01-01;4266
Mniów;2013-01-01;9346
Mniszków;2013-01-01;4705
Mogielnica;2013-01-01;8954
Moskorzew;2013-01-01;2755
Moszczenica;2013-01-01;12909
Niegowa;2013-01-01;5703
Nowe Miasto nad Pilicą;2013-01-01;8106
Nowosolna;2013-01-01;4556
Odrzywół;2013-01-01;3996
Ogrodzieniec;2013-01-01;9383
Opoczno;2013-01-01;35199
Paradyż;2013-01-01;4432
Pilica;2013-01-01;8877
Piotrków Trybunalski;2013-01-01;75903
Poświętne;2013-01-01;3313
Promna;2013-01-01;5622
Przedbórz;2013-01-01;7371
Przysucha;2013-01-01;12209
Radoszyce;2013-01-01;
Radzanów;2013-01-01;3917
Ręczno;2013-01-01;3598
Rokiciny;2013-01-01;6186
Rozprza;2013-01-01;12287
Ruda Maleniecka;2013-01-01;3231
Rusinów;2013-01-01;4394
Rzeczyca;2013-01-01;4761
Sadkowice;2013-01-01;5614
Secemin;2013-01-01;4914
Sławno;2013-01-01;7538
Słupia;2013-01-01;2712
Słupia Konecka;2013-01-01;3442
Smyków;2013-01-01;3797
Stąporków;2013-01-01;17917
Stromiec;2013-01-01;5713
Sulejów;2013-01-01;16280
Szczekociny;2013-01-01;8046
Tomaszów Mazowiecki miasto;2013-01-01;64893
Tomaszów Mazowiecki wiejski;2013-01-01;10772
Tuszyn;2013-01-01;12206
Ujazd;2013-01-01;7928
Warka;2013-01-01;19188
Wielgomłyny;2013-01-01;4772
Włodowice;2013-01-01;5299
Włoszczowa;2013-01-01;20008
Wola Krzysztoporska;2013-01-01;11847
Wolbórz;2013-01-01;7800
Wolbrom;2013-01-01;23419
Wyśmierzyce;2013-01-01;2849
Zagnańsk;2013-01-01;12993
Zawiercie;2013-01-01;51258
Żarnowiec;2013-01-01;4780
Żarnów;2013-01-01;6119
Żytno;2013-01-01;5373
Aleksandrów;2014-01-01;3245
Andrespol;2014-01-01;13330
Belsk Duży;2014-01-01;6600
Będków;2014-01-01;3344
Białaczów;2014-01-01;5897
Białobrzegi;2014-01-01;10395
Bliżyn;2014-01-01;8360
Błędów;2014-01-01;7672
Brójce;2014-01-01;6321
Budziszewice;2014-01-01;2219
Charsznica;2014-01-01;7603
Czarnocin;2014-01-01;4078
Czerniewice;2014-01-01;5166
Drzewica;2014-01-01;10766
Fałków;2014-01-01;4621
Gielniów;2014-01-01;4673
Głowaczów;2014-01-01;7365
Gorzkowice;2014-01-01;8607
Goszczyn;2014-01-01;2971
Gowarczów;2014-01-01;4720
Grabica;2014-01-01;6134
Grabów nad Pilicą;2014-01-01;3945
Inowłódz;2014-01-01;3872
Irządze;2014-01-01;2746
Kluczewsko;2014-01-01;5260
Klwów;2014-01-01;3468
Kobiele Wielkie;2014-01-01;4471
Kodrąb;2014-01-01;4649
Koluszki;2014-01-01;23656
Koniecpol;2014-01-01;9836
Końskie;2014-01-01;36276
Kozłów;2014-01-01;4724
Krasocin;2014-01-01;10768
Kroczyce;2014-01-01;6331
Lelów;2014-01-01;4965
Lubochnia;2014-01-01;7199
Łęki Szlacheckie;2014-01-01;3602
Łopuszno;2014-01-01;9043
Magnuszew;2014-01-01;6796
Masłowice;2014-01-01;4294
Mniów;2014-01-01;9355
Mniszków;2014-01-01;4700
Mogielnica;2014-01-01;8852
Moskorzew;2014-01-01;2760
Moszczenica;2014-01-01;12915
Niegowa;2014-01-01;5721
Nowe Miasto nad Pilicą;2014-01-01;8039
Nowosolna;2014-01-01;4635
Odrzywół;2014-01-01;3973
Ogrodzieniec;2014-01-01;9307
Opoczno;2014-01-01;34999
Paradyż;2014-01-01;4468
Pilica;2014-01-01;8778
Piotrków Trybunalski;2014-01-01;75608
Poświętne;2014-01-01;3267
Promna;2014-01-01;5588
Przedbórz;2014-01-01;7361
Przysucha;2014-01-01;12257
Radoszyce;2014-01-01;
Radzanów;2014-01-01;3901
Ręczno;2014-01-01;3570
Rokiciny;2014-01-01;6180
Rozprza;2014-01-01;12274
Ruda Maleniecka;2014-01-01;3191
Rusinów;2014-01-01;4379
Rzeczyca;2014-01-01;4728
Sadkowice;2014-01-01;5607
Secemin;2014-01-01;4918
Sławno;2014-01-01;7584
Słupia;2014-01-01;2695
Słupia Konecka;2014-01-01;3431
Smyków;2014-01-01;3813
Stąporków;2014-01-01;17752
Stromiec;2014-01-01;5690
Sulejów;2014-01-01;16308
Szczekociny;2014-01-01;8003
Tomaszów Mazowiecki miasto;2014-01-01;64513
Tomaszów Mazowiecki wiejski;2014-01-01;10773
Tuszyn;2014-01-01;12232
Ujazd;2014-01-01;7906
Warka;2014-01-01;19199
Wielgomłyny;2014-01-01;4738
Włodowice;2014-01-01;5297
Włoszczowa;2014-01-01;19901
Wola Krzysztoporska;2014-01-01;11889
Wolbórz;2014-01-01;7774
Wolbrom;2014-01-01;23362
Wyśmierzyce;2014-01-01;2848
Zagnańsk;2014-01-01;12947
Zawiercie;2014-01-01;50990
Żarnowiec;2014-01-01;4757
Żarnów;2014-01-01;6090
Żytno;2014-01-01;5336
Aleksandrów;2015-01-01;3279
Andrespol;2015-01-01;13422
Belsk Duży;2015-01-01;6596
Będków;2015-01-01;3323
Białaczów;2015-01-01;5853
Białobrzegi;2015-01-01;10407
Bliżyn;2015-01-01;8293
Błędów;2015-01-01;7620
Brójce;2015-01-01;6390
Budziszewice;2015-01-01;2201
Charsznica;2015-01-01;7573
Czarnocin;2015-01-01;4076
Czerniewice;2015-01-01;5138
Drzewica;2015-01-01;10725
Fałków;2015-01-01;4559
Gielniów;2015-01-01;4664
Głowaczów;2015-01-01;7301
Gorzkowice;2015-01-01;8542
Goszczyn;2015-01-01;2983
Gowarczów;2015-01-01;4700
Grabica;2015-01-01;6101
Grabów nad Pilicą;2015-01-01;3915
Inowłódz;2015-01-01;3861
Irządze;2015-01-01;2731
Kluczewsko;2015-01-01;5238
Klwów;2015-01-01;3452
Kobiele Wielkie;2015-01-01;4478
Kodrąb;2015-01-01;4608
Koluszki;2015-01-01;23636
Koniecpol;2015-01-01;9740
Końskie;2015-01-01;36048
Kozłów;2015-01-01;4715
Krasocin;2015-01-01;10733
Kroczyce;2015-01-01;6300
Lelów;2015-01-01;4928
Lubochnia;2015-01-01;7211
Łęki Szlacheckie;2015-01-01;3570
Łopuszno;2015-01-01;8989
Magnuszew;2015-01-01;6796
Masłowice;2015-01-01;4228
Mniów;2015-01-01;9349
Mniszków;2015-01-01;4737
Mogielnica;2015-01-01;8861
Moskorzew;2015-01-01;2770
Moszczenica;2015-01-01;12829
Niegowa;2015-01-01;5714
Nowe Miasto nad Pilicą;2015-01-01;7942
Nowosolna;2015-01-01;4721
Odrzywół;2015-01-01;3919
Ogrodzieniec;2015-01-01;9223
Opoczno;2015-01-01;34842
Paradyż;2015-01-01;4470
Pilica;2015-01-01;8725
Piotrków Trybunalski;2015-01-01;75183
Poświętne;2015-01-01;3237
Promna;2015-01-01;5562
Przedbórz;2015-01-01;7297
Przysucha;2015-01-01;12176
Radoszyce;2015-01-01;
Radzanów;2015-01-01;3880
Ręczno;2015-01-01;3566
Rokiciny;2015-01-01;6167
Rozprza;2015-01-01;12344
Ruda Maleniecka;2015-01-01;3181
Rusinów;2015-01-01;4339
Rzeczyca;2015-01-01;4717
Sadkowice;2015-01-01;5576
Secemin;2015-01-01;4879
Sławno;2015-01-01;7554
Słupia;2015-01-01;2702
Słupia Konecka;2015-01-01;3429
Smyków;2015-01-01;3808
Stąporków;2015-01-01;17567
Stromiec;2015-01-01;5668
Sulejów;2015-01-01;16245
Szczekociny;2015-01-01;7963
Tomaszów Mazowiecki miasto;2015-01-01;63960
Tomaszów Mazowiecki wiejski;2015-01-01;10845
Tuszyn;2015-01-01;12233
Ujazd;2015-01-01;7874
Warka;2015-01-01;19207
Wielgomłyny;2015-01-01;4720
Włodowice;2015-01-01;5244
Włoszczowa;2015-01-01;19755
Wola Krzysztoporska;2015-01-01;11895
Wolbórz;2015-01-01;7731
Wolbrom;2015-01-01;23231
Wyśmierzyce;2015-01-01;2832
Zagnańsk;2015-01-01;12960
Zawiercie;2015-01-01;50642
Żarnowiec;2015-01-01;4729
Żarnów;2015-01-01;6039
Żytno;2015-01-01;5287
Aleksandrów;2016-01-01;3272
Andrespol;2016-01-01;13540
Belsk Duży;2016-01-01;6561
Będków;2016-01-01;3321
Białaczów;2016-01-01;5845
Białobrzegi;2016-01-01;10346
Bliżyn;2016-01-01;8226
Błędów;2016-01-01;7597
Brójce;2016-01-01;6467
Budziszewice;2016-01-01;2193
Charsznica;2016-01-01;7531
Czarnocin;2016-01-01;4095
Czerniewice;2016-01-01;5146
Drzewica;2016-01-01;10649
Fałków;2016-01-01;4572
Gielniów;2016-01-01;4639
Głowaczów;2016-01-01;7260
Gorzkowice;2016-01-01;8534
Goszczyn;2016-01-01;2992
Gowarczów;2016-01-01;4664
Grabica;2016-01-01;6096
Grabów nad Pilicą;2016-01-01;3899
Inowłódz;2016-01-01;3828
Irządze;2016-01-01;2701
Kluczewsko;2016-01-01;5210
Klwów;2016-01-01;3458
Kobiele Wielkie;2016-01-01;4451
Kodrąb;2016-01-01;4603
Koluszki;2016-01-01;23609
Koniecpol;2016-01-01;9690
Końskie;2016-01-01;35917
Kozłów;2016-01-01;4706
Krasocin;2016-01-01;10697
Kroczyce;2016-01-01;6301
Lelów;2016-01-01;4941
Lubochnia;2016-01-01;7198
Łęki Szlacheckie;2016-01-01;3560
Łopuszno;2016-01-01;9016
Magnuszew;2016-01-01;6799
Masłowice;2016-01-01;4218
Mniów;2016-01-01;9360
Mniszków;2016-01-01;4730
Mogielnica;2016-01-01;8773
Moskorzew;2016-01-01;2761
Moszczenica;2016-01-01;12821
Niegowa;2016-01-01;5711
Nowe Miasto nad Pilicą;2016-01-01;7904
Nowosolna;2016-01-01;4786
Odrzywół;2016-01-01;3929
Ogrodzieniec;2016-01-01;9215
Opoczno;2016-01-01;34666
Paradyż;2016-01-01;4440
Pilica;2016-01-01;8725
Piotrków Trybunalski;2016-01-01;74694
Poświętne;2016-01-01;3239
Promna;2016-01-01;5557
Przedbórz;2016-01-01;7263
Przysucha;2016-01-01;12107
Radoszyce;2016-01-01;
Radzanów;2016-01-01;3892
Ręczno;2016-01-01;3569
Rokiciny;2016-01-01;6157
Rozprza;2016-01-01;12343
Ruda Maleniecka;2016-01-01;3151
Rusinów;2016-01-01;4330
Rzeczyca;2016-01-01;4674
Sadkowice;2016-01-01;5563
Secemin;2016-01-01;4867
Sławno;2016-01-01;7610
Słupia;2016-01-01;2658
Słupia Konecka;2016-01-01;3393
Smyków;2016-01-01;3794
Stąporków;2016-01-01;17369
Stromiec;2016-01-01;5645
Sulejów;2016-01-01;16265
Szczekociny;2016-01-01;7904
Tomaszów Mazowiecki miasto;2016-01-01;63601
Tomaszów Mazowiecki wiejski;2016-01-01;10945
Tuszyn;2016-01-01;12273
Ujazd;2016-01-01;7810
Warka;2016-01-01;19239
Wielgomłyny;2016-01-01;4698
Włodowice;2016-01-01;5237
Włoszczowa;2016-01-01;19643
Wola Krzysztoporska;2016-01-01;11909
Wolbórz;2016-01-01;7745
Wolbrom;2016-01-01;23111
Wyśmierzyce;2016-01-01;2819
Zagnańsk;2016-01-01;12980
Zawiercie;2016-01-01;50274
Żarnowiec;2016-01-01;4704
Żarnów;2016-01-01;6024
Żytno;2016-01-01;5242
Aleksandrów;2017-01-01;3270
Andrespol;2017-01-01;13661
Belsk Duży;2017-01-01;6561
Będków;2017-01-01;3331
Białaczów;2017-01-01;5820
Białobrzegi;2017-01-01;10322
Bliżyn;2017-01-01;8189
Błędów;2017-01-01;7553
Brójce;2017-01-01;6517
Budziszewice;2017-01-01;2181
Charsznica;2017-01-01;7479
Czarnocin;2017-01-01;4111
Czerniewice;2017-01-01;5118
Drzewica;2017-01-01;10559
Fałków;2017-01-01;4519
Gielniów;2017-01-01;4655
Głowaczów;2017-01-01;7245
Gorzkowice;2017-01-01;8541
Goszczyn;2017-01-01;2976
Gowarczów;2017-01-01;4664
Grabica;2017-01-01;6087
Grabów nad Pilicą;2017-01-01;3921
Inowłódz;2017-01-01;3819
Irządze;2017-01-01;2664
Kluczewsko;2017-01-01;5224
Klwów;2017-01-01;3397
Kobiele Wielkie;2017-01-01;4449
Kodrąb;2017-01-01;4575
Koluszki;2017-01-01;23639
Koniecpol;2017-01-01;9605
Końskie;2017-01-01;35665
Kozłów;2017-01-01;4671
Krasocin;2017-01-01;10650
Kroczyce;2017-01-01;6344
Lelów;2017-01-01;4929
Lubochnia;2017-01-01;7162
Łęki Szlacheckie;2017-01-01;3514
Łopuszno;2017-01-01;9062
Magnuszew;2017-01-01;6770
Masłowice;2017-01-01;4183
Mniów;2017-01-01;9364
Mniszków;2017-01-01;4760
Mogielnica;2017-01-01;8802
Moskorzew;2017-01-01;2730
Moszczenica;2017-01-01;12857
Niegowa;2017-01-01;5685
Nowe Miasto nad Pilicą;2017-01-01;7863
Nowosolna;2017-01-01;4850
Odrzywół;2017-01-01;3863
Ogrodzieniec;2017-01-01;9180
Opoczno;2017-01-01;34607
Paradyż;2017-01-01;4423
Pilica;2017-01-01;8713
Piotrków Trybunalski;2017-01-01;74312
Poświętne;2017-01-01;3197
Promna;2017-01-01;5602
Przedbórz;2017-01-01;7262
Przysucha;2017-01-01;12027
Radoszyce;2017-01-01;
Radzanów;2017-01-01;3898
Ręczno;2017-01-01;3554
Rokiciny;2017-01-01;6173
Rozprza;2017-01-01;12306
Ruda Maleniecka;2017-01-01;3113
Rusinów;2017-01-01;4297
Rzeczyca;2017-01-01;4648
Sadkowice;2017-01-01;5538
Secemin;2017-01-01;4856
Sławno;2017-01-01;7640
Słupia;2017-01-01;2651
Słupia Konecka;2017-01-01;3380
Smyków;2017-01-01;3787
Stąporków;2017-01-01;17185
Stromiec;2017-01-01;5633
Sulejów;2017-01-01;16291
Szczekociny;2017-01-01;7824
Tomaszów Mazowiecki miasto;2017-01-01;63238
Tomaszów Mazowiecki wiejski;2017-01-01;11068
Tuszyn;2017-01-01;12332
Ujazd;2017-01-01;7783
Warka;2017-01-01;19269
Wielgomłyny;2017-01-01;4670
Włodowice;2017-01-01;5237
Włoszczowa;2017-01-01;19547
Wola Krzysztoporska;2017-01-01;11921
Wolbórz;2017-01-01;7767
Wolbrom;2017-01-01;22974
Wyśmierzyce;2017-01-01;2782
Zagnańsk;2017-01-01;13023
Zawiercie;2017-01-01;49908
Żarnowiec;2017-01-01;4658
Żarnów;2017-01-01;5978
Żytno;2017-01-01;5199
Aleksandrów;2018-01-01;3251
Andrespol;2018-01-01;13795
Belsk Duży;2018-01-01;6515
Będków;2018-01-01;3313
Białaczów;2018-01-01;5802
Białobrzegi;2018-01-01;10318
Bliżyn;2018-01-01;8135
Błędów;2018-01-01;7461
Brójce;2018-01-01;6548
Budziszewice;2018-01-01;2183
Charsznica;2018-01-01;7464
Czarnocin;2018-01-01;4108
Czerniewice;2018-01-01;5083
Drzewica;2018-01-01;10487
Fałków;2018-01-01;4476
Gielniów;2018-01-01;4616
Głowaczów;2018-01-01;7230
Gorzkowice;2018-01-01;8522
Goszczyn;2018-01-01;2970
Gowarczów;2018-01-01;4624
Grabica;2018-01-01;6078
Grabów nad Pilicą;2018-01-01;3906
Inowłódz;2018-01-01;3829
Irządze;2018-01-01;2630
Kluczewsko;2018-01-01;5181
Klwów;2018-01-01;3426
Kobiele Wielkie;2018-01-01;4449
Kodrąb;2018-01-01;4571
Koluszki;2018-01-01;23662
Koniecpol;2018-01-01;9500
Końskie;2018-01-01;35422
Kozłów;2018-01-01;4651
Krasocin;2018-01-01;10652
Kroczyce;2018-01-01;6347
Lelów;2018-01-01;4872
Lubochnia;2018-01-01;7161
Łęki Szlacheckie;2018-01-01;3483
Łopuszno;2018-01-01;9021
Magnuszew;2018-01-01;6764
Masłowice;2018-01-01;4193
Mniów;2018-01-01;9372
Mniszków;2018-01-01;4771
Mogielnica;2018-01-01;8744
Moskorzew;2018-01-01;2692
Moszczenica;2018-01-01;12862
Niegowa;2018-01-01;5663
Nowe Miasto nad Pilicą;2018-01-01;7766
Nowosolna;2018-01-01;4963
Odrzywół;2018-01-01;3842
Ogrodzieniec;2018-01-01;9152
Opoczno;2018-01-01;34353
Paradyż;2018-01-01;4415
Pilica;2018-01-01;8640
Piotrków Trybunalski;2018-01-01;73670
Poświętne;2018-01-01;3176
Promna;2018-01-01;5594
Przedbórz;2018-01-01;7217
Przysucha;2018-01-01;11920
Radoszyce;2018-01-01;8952
Radzanów;2018-01-01;3893
Ręczno;2018-01-01;3526
Rokiciny;2018-01-01;6159
Rozprza;2018-01-01;12342
Ruda Maleniecka;2018-01-01;3108
Rusinów;2018-01-01;4289
Rzeczyca;2018-01-01;4641
Sadkowice;2018-01-01;5486
Secemin;2018-01-01;4827
Sławno;2018-01-01;7672
Słupia;2018-01-01;2629
Słupia Konecka;2018-01-01;3340
Smyków;2018-01-01;3791
Stąporków;2018-01-01;16935
Stromiec;2018-01-01;5654
Sulejów;2018-01-01;16323
Szczekociny;2018-01-01;7713
Tomaszów Mazowiecki miasto;2018-01-01;62649
Tomaszów Mazowiecki wiejski;2018-01-01;11182
Tuszyn;2018-01-01;12389
Ujazd;2018-01-01;7738
Warka;2018-01-01;19259
Wielgomłyny;2018-01-01;4596
Włodowice;2018-01-01;5224
Włoszczowa;2018-01-01;19480
Wola Krzysztoporska;2018-01-01;11929
Wolbórz;2018-01-01;7787
Wolbrom;2018-01-01;22875
Wyśmierzyce;2018-01-01;2766
Zagnańsk;2018-01-01;12981
Zawiercie;2018-01-01;49567
Żarnowiec;2018-01-01;4637
Żarnów;2018-01-01;5947
Żytno;2018-01-01;5154
Aleksandrów;2019-01-01;3281
Andrespol;2019-01-01;14205
Belsk Duży;2019-01-01;6475
Będków;2019-01-01;3274
Białaczów;2019-01-01;5767
Białobrzegi;2019-01-01;10263
Bliżyn;2019-01-01;8037
Błędów;2019-01-01;7415
Brójce;2019-01-01;6672
Budziszewice;2019-01-01;2149
Charsznica;2019-01-01;7441
Czarnocin;2019-01-01;4131
Czerniewice;2019-01-01;5048
Drzewica;2019-01-01;10424
Fałków;2019-01-01;4393
Gielniów;2019-01-01;4542
Głowaczów;2019-01-01;7166
Gorzkowice;2019-01-01;8506
Goszczyn;2019-01-01;2971
Gowarczów;2019-01-01;4583
Grabica;2019-01-01;6053
Grabów nad Pilicą;2019-01-01;3899
Inowłódz;2019-01-01;3825
Irządze;2019-01-01;2601
Kluczewsko;2019-01-01;5197
Klwów;2019-01-01;3380
Kobiele Wielkie;2019-01-01;4444
Kodrąb;2019-01-01;4514
Koluszki;2019-01-01;23368
Koniecpol;2019-01-01;9408
Końskie;2019-01-01;35112
Kozłów;2019-01-01;4582
Krasocin;2019-01-01;10620
Kroczyce;2019-01-01;6306
Lelów;2019-01-01;4824
Lubochnia;2019-01-01;7197
Łęki Szlacheckie;2019-01-01;3452
Łopuszno;2019-01-01;8984
Magnuszew;2019-01-01;6742
Masłowice;2019-01-01;4161
Mniów;2019-01-01;9346
Mniszków;2019-01-01;4770
Mogielnica;2019-01-01;8682
Moskorzew;2019-01-01;2640
Moszczenica;2019-01-01;12930
Niegowa;2019-01-01;5608
Nowe Miasto nad Pilicą;2019-01-01;7668
Nowosolna;2019-01-01;5084
Odrzywół;2019-01-01;3752
Ogrodzieniec;2019-01-01;9061
Opoczno;2019-01-01;34108
Paradyż;2019-01-01;4354
Pilica;2019-01-01;8570
Piotrków Trybunalski;2019-01-01;73090
Poświętne;2019-01-01;3148
Promna;2019-01-01;5555
Przedbórz;2019-01-01;7122
Przysucha;2019-01-01;11783
Radoszyce;2019-01-01;8891
Radzanów;2019-01-01;3887
Ręczno;2019-01-01;3523
Rokiciny;2019-01-01;6160
Rozprza;2019-01-01;12297
Ruda Maleniecka;2019-01-01;3069
Rusinów;2019-01-01;4274
Rzeczyca;2019-01-01;4643
Sadkowice;2019-01-01;5412
Secemin;2019-01-01;4811
Sławno;2019-01-01;7627
Słupia;2019-01-01;2613
Słupia Konecka;2019-01-01;3319
Smyków;2019-01-01;3792
Stąporków;2019-01-01;16699
Stromiec;2019-01-01;5628
Sulejów;2019-01-01;16329
Szczekociny;2019-01-01;7658
Tomaszów Mazowiecki miasto;2019-01-01;61960
Tomaszów Mazowiecki wiejski;2019-01-01;11224
Tuszyn;2019-01-01;12391
Ujazd;2019-01-01;7723
Warka;2019-01-01;19226
Wielgomłyny;2019-01-01;4546
Włodowice;2019-01-01;5254
Włoszczowa;2019-01-01;19292
Wola Krzysztoporska;2019-01-01;11965
Wolbórz;2019-01-01;7841
Wolbrom;2019-01-01;22753
Wyśmierzyce;2019-01-01;2779
Zagnańsk;2019-01-01;12982
Zawiercie;2019-01-01;49204
Żarnowiec;2019-01-01;4597
Żarnów;2019-01-01;5908
Żytno;2019-01-01;5096
Aleksandrów;2020-01-01;3228
Andrespol;2020-01-01;14391
Belsk Duży;2020-01-01;6351
Będków;2020-01-01;3190
Białaczów;2020-01-01;5635
Białobrzegi;2020-01-01;9980
Bliżyn;2020-01-01;7676
Błędów;2020-01-01;7196
Brójce;2020-01-01;7103
Budziszewice;2020-01-01;2102
Charsznica;2020-01-01;7290
Czarnocin;2020-01-01;4116
Czerniewice;2020-01-01;4918
Drzewica;2020-01-01;10003
Fałków;2020-01-01;4101
Gielniów;2020-01-01;4382
Głowaczów;2020-01-01;6816
Gorzkowice;2020-01-01;8367
Goszczyn;2020-01-01;2890
Gowarczów;2020-01-01;4477
Grabica;2020-01-01;6059
Grabów nad Pilicą;2020-01-01;4060
Inowłódz;2020-01-01;3698
Irządze;2020-01-01;2561
Kluczewsko;2020-01-01;5018
Klwów;2020-01-01;3193
Kobiele Wielkie;2020-01-01;4280
Kodrąb;2020-01-01;4398
Koluszki;2020-01-01;23081
Koniecpol;2020-01-01;9014
Końskie;2020-01-01;33618
Kozłów;2020-01-01;4480
Krasocin;2020-01-01;10296
Kroczyce;2020-01-01;6148
Lelów;2020-01-01;4676
Lubochnia;2020-01-01;7396
Łęki Szlacheckie;2020-01-01;3286
Łopuszno;2020-01-01;8834
Magnuszew;2020-01-01;6491
Masłowice;2020-01-01;3989
Mniów;2020-01-01;9232
Mniszków;2020-01-01;4718
Mogielnica;2020-01-01;8395
Moskorzew;2020-01-01;2602
Moszczenica;2020-01-01;12738
Niegowa;2020-01-01;5438
Nowe Miasto nad Pilicą;2020-01-01;7403
Nowosolna;2020-01-01;5439
Odrzywół;2020-01-01;3472
Ogrodzieniec;2020-01-01;9074
Opoczno;2020-01-01;32828
Paradyż;2020-01-01;4252
Pilica;2020-01-01;8266
Piotrków Trybunalski;2020-01-01;69274
Poświętne;2020-01-01;2986
Promna;2020-01-01;5524
Przedbórz;2020-01-01;6809
Przysucha;2020-01-01;11192
Radoszyce;2020-01-01;8423
Radzanów;2020-01-01;3811
Ręczno;2020-01-01;3408
Rokiciny;2020-01-01;6183
Rozprza;2020-01-01;12309
Ruda Maleniecka;2020-01-01;2969
Rusinów;2020-01-01;4136
Rzeczyca;2020-01-01;4487
Sadkowice;2020-01-01;5297
Secemin;2020-01-01;4668
Sławno;2020-01-01;7528
Słupia;2020-01-01;2539
Słupia Konecka;2020-01-01;3122
Smyków;2020-01-01;3709
Stąporków;2020-01-01;16004
Stromiec;2020-01-01;5524
Sulejów;2020-01-01;16646
Szczekociny;2020-01-01;7310
Tomaszów Mazowiecki miasto;2020-01-01;59608
Tomaszów Mazowiecki wiejski;2020-01-01;11153
Tuszyn;2020-01-01;12683
Ujazd;2020-01-01;7463
Warka;2020-01-01;19374
Wielgomłyny;2020-01-01;4432
Włodowice;2020-01-01;5230
Włoszczowa;2020-01-01;19030
Wola Krzysztoporska;2020-01-01;11940
Wolbórz;2020-01-01;7836
Wolbrom;2020-01-01;22430
Wyśmierzyce;2020-01-01;2697
Zagnańsk;2020-01-01;12541
Zawiercie;2020-01-01;47815
Żarnowiec;2020-01-01;4511
Żarnów;2020-01-01;5654
Żytno;2020-01-01;4911
Aleksandrów;2021-01-01;3204
Andrespol;2021-01-01;14539
Belsk Duży;2021-01-01;6287
Będków;2021-01-01;3163
Białaczów;2021-01-01;5592
Białobrzegi;2021-01-01;9848
Bliżyn;2021-01-01;7628
Błędów;2021-01-01;7118
Brójce;2021-01-01;7148
Budziszewice;2021-01-01;2098
Charsznica;2021-01-01;7213
Czarnocin;2021-01-01;4096
Czerniewice;2021-01-01;4888
Drzewica;2021-01-01;9928
Fałków;2021-01-01;4041
Gielniów;2021-01-01;4323
Głowaczów;2021-01-01;6767
Gorzkowice;2021-01-01;8290
Goszczyn;2021-01-01;2875
Gowarczów;2021-01-01;4463
Grabica;2021-01-01;6047
Grabów nad Pilicą;2021-01-01;4044
Inowłódz;2021-01-01;3660
Irządze;2021-01-01;2529
Kluczewsko;2021-01-01;4973
Klwów;2021-01-01;3145
Kobiele Wielkie;2021-01-01;4283
Kodrąb;2021-01-01;4359
Koluszki;2021-01-01;23048
Koniecpol;2021-01-01;8866
Końskie;2021-01-01;33204
Kozłów;2021-01-01;4453
Krasocin;2021-01-01;10270
Kroczyce;2021-01-01;6115
Lelów;2021-01-01;4632
Lubochnia;2021-01-01;7320
Łęki Szlacheckie;2021-01-01;3237
Łopuszno;2021-01-01;8787
Magnuszew;2021-01-01;6473
Masłowice;2021-01-01;3956
Mniów;2021-01-01;9156
Mniszków;2021-01-01;4708
Mogielnica;2021-01-01;8300
Moskorzew;2021-01-01;2584
Moszczenica;2021-01-01;12643
Niegowa;2021-01-01;5416
Nowe Miasto nad Pilicą;2021-01-01;7294
Nowosolna;2021-01-01;5533
Odrzywół;2021-01-01;3426
Ogrodzieniec;2021-01-01;8962
Opoczno;2021-01-01;32438
Paradyż;2021-01-01;4241
Pilica;2021-01-01;8176
Piotrków Trybunalski;2021-01-01;68270
Poświętne;2021-01-01;2956
Promna;2021-01-01;5487
Przedbórz;2021-01-01;6709
Przysucha;2021-01-01;11117
Radoszyce;2021-01-01;8307
Radzanów;2021-01-01;3784
Ręczno;2021-01-01;3381
Rokiciny;2021-01-01;6159
Rozprza;2021-01-01;12235
Ruda Maleniecka;2021-01-01;2908
Rusinów;2021-01-01;4070
Rzeczyca;2021-01-01;4448
Sadkowice;2021-01-01;5202
Secemin;2021-01-01;4620
Sławno;2021-01-01;7510
Słupia;2021-01-01;2502
Słupia Konecka;2021-01-01;3064
Smyków;2021-01-01;3688
Stąporków;2021-01-01;15721
Stromiec;2021-01-01;5447
Sulejów;2021-01-01;16571
Szczekociny;2021-01-01;7184
Tomaszów Mazowiecki miasto;2021-01-01;58796
Tomaszów Mazowiecki wiejski;2021-01-01;11215
Tuszyn;2021-01-01;12637
Ujazd;2021-01-01;7382
Warka;2021-01-01;19335
Wielgomłyny;2021-01-01;4386
Włodowice;2021-01-01;5167
Włoszczowa;2021-01-01;18882
Wola Krzysztoporska;2021-01-01;11930
Wolbórz;2021-01-01;7843
Wolbrom;2021-01-01;22220
Wyśmierzyce;2021-01-01;2687
Zagnańsk;2021-01-01;12380
Zawiercie;2021-01-01;47220
Żarnowiec;2021-01-01;4474
Żarnów;2021-01-01;5587
Żytno;2021-01-01;4849
Aleksandrów;2022-01-01;
Andrespol;2022-01-01;
Belsk Duży;2022-01-01;
Będków;2022-01-01;
Białaczów;2022-01-01;
Białobrzegi;2022-01-01;
Bliżyn;2022-01-01;
Błędów;2022-01-01;
Brójce;2022-01-01;
Budziszewice;2022-01-01;
Charsznica;2022-01-01;
Czarnocin;2022-01-01;
Czerniewice;2022-01-01;
Drzewica;2022-01-01;
Fałków;2022-01-01;
Gielniów;2022-01-01;
Głowaczów;2022-01-01;
Gorzkowice;2022-01-01;
Goszczyn;2022-01-01;
Gowarczów;2022-01-01;
Grabica;2022-01-01;
Grabów nad Pilicą;2022-01-01;
Inowłódz;2022-01-01;
Irządze;2022-01-01;
Kluczewsko;2022-01-01;
Klwów;2022-01-01;
Kobiele Wielkie;2022-01-01;
Kodrąb;2022-01-01;
Koluszki;2022-01-01;
Koniecpol;2022-01-01;
Końskie;2022-01-01;
Kozłów;2022-01-01;
Krasocin;2022-01-01;
Kroczyce;2022-01-01;
Lelów;2022-01-01;
Lubochnia;2022-01-01;
Łęki Szlacheckie;2022-01-01;
Łopuszno;2022-01-01;
Magnuszew;2022-01-01;
Masłowice;2022-01-01;
Mniów;2022-01-01;
Mniszków;2022-01-01;
Mogielnica;2022-01-01;
Moskorzew;2022-01-01;
Moszczenica;2022-01-01;
Niegowa;2022-01-01;
Nowe Miasto nad Pilicą;2022-01-01;
Nowosolna;2022-01-01;
Odrzywół;2022-01-01;
Ogrodzieniec;2022-01-01;
Opoczno;2022-01-01;
Paradyż;2022-01-01;
Pilica;2022-01-01;
Piotrków Trybunalski;2022-01-01;
Poświętne;2022-01-01;
Promna;2022-01-01;
Przedbórz;2022-01-01;
Przysucha;2022-01-01;
Radoszyce;2022-01-01;
Radzanów;2022-01-01;
Ręczno;2022-01-01;
Rokiciny;2022-01-01;
Rozprza;2022-01-01;
Ruda Maleniecka;2022-01-01;
Rusinów;2022-01-01;
Rzeczyca;2022-01-01;
Sadkowice;2022-01-01;
Secemin;2022-01-01;
Sławno;2022-01-01;
Słupia;2022-01-01;
Słupia Konecka;2022-01-01;
Smyków;2022-01-01;
Stąporków;2022-01-01;
Stromiec;2022-01-01;
Sulejów;2022-01-01;
Szczekociny;2022-01-01;
Tomaszów Mazowiecki miasto;2022-01-01;
Tomaszów Mazowiecki wiejski;2022-01-01;
Tuszyn;2022-01-01;
Ujazd;2022-01-01;
Warka;2022-01-01;
Wielgomłyny;2022-01-01;
Włodowice;2022-01-01;
Włoszczowa;2022-01-01;
Wola Krzysztoporska;2022-01-01;
Wolbórz;2022-01-01;
Wolbrom;2022-01-01;
Wyśmierzyce;2022-01-01;
Zagnańsk;2022-01-01;
Zawiercie;2022-01-01;
Żarnowiec;2022-01-01;
Żarnów;2022-01-01;
Żytno;2022-01-01;
