gmina_name;date;potas
Aleksandrów;01.01.1995;
Andrespol;01.01.1995;
Belsk Duży;01.01.1995;
Będków;01.01.1995;
Białaczów;01.01.1995;
Białobrzegi;01.01.1995;
Bliżyn;01.01.1995;
Błędów;01.01.1995;
Brójce;01.01.1995;
Budziszewice;01.01.1995;
Charsznica;01.01.1995;
Czarnocin;01.01.1995;
Czerniewice;01.01.1995;
Drzewica;01.01.1995;
Fałków;01.01.1995;
Gielniów;01.01.1995;
Głowaczów;01.01.1995;
Gorzkowice;01.01.1995;
Goszczyn;01.01.1995;
Gowarczów;01.01.1995;
Grabica;01.01.1995;
Grabów nad Pilicą;01.01.1995;
Inowłódz;01.01.1995;
Irządze;01.01.1995;
Kluczewsko;01.01.1995;
Klwów;01.01.1995;
Kobiele Wielkie;01.01.1995;
Kodrąb;01.01.1995;
Koluszki;01.01.1995;
Koniecpol;01.01.1995;
Końskie;01.01.1995;
Kozłów;01.01.1995;
Krasocin;01.01.1995;
Kroczyce;01.01.1995;
Lelów;01.01.1995;
Lubochnia;01.01.1995;
Łęki Szlacheckie;01.01.1995;
Łopuszno;01.01.1995;
Magnuszew;01.01.1995;
Masłowice;01.01.1995;
Mniów;01.01.1995;
Mniszków;01.01.1995;
Mogielnica;01.01.1995;
Moskorzew;01.01.1995;
Moszczenica;01.01.1995;
Niegowa;01.01.1995;
Nowe Miasto nad Pilicą;01.01.1995;
Nowosolna;01.01.1995;
Odrzywół;01.01.1995;
Ogrodzieniec;01.01.1995;
Opoczno;01.01.1995;
Paradyż;01.01.1995;
Pilica;01.01.1995;
Piotrków Trybunalski;01.01.1995;
Poświętne;01.01.1995;
Promna;01.01.1995;
Przedbórz;01.01.1995;
Przysucha;01.01.1995;
Radoszyce;01.01.1995;
Radzanów;01.01.1995;
Ręczno;01.01.1995;
Rokiciny;01.01.1995;
Rozprza;01.01.1995;
Ruda Maleniecka;01.01.1995;
Rusinów;01.01.1995;
Rzeczyca;01.01.1995;
Sadkowice;01.01.1995;
Secemin;01.01.1995;
Sławno;01.01.1995;
Słupia;01.01.1995;
Słupia Konecka;01.01.1995;
Smyków;01.01.1995;
Stąporków;01.01.1995;
Stromiec;01.01.1995;
Sulejów;01.01.1995;
Szczekociny;01.01.1995;
Tomaszów Mazowiecki miasto;01.01.1995;
Tomaszów Mazowiecki wiejski;01.01.1995;
Tuszyn;01.01.1995;
Ujazd;01.01.1995;
Warka;01.01.1995;
Wielgomłyny;01.01.1995;
Włodowice;01.01.1995;
Włoszczowa;01.01.1995;
Wola Krzysztoporska;01.01.1995;
Wolbórz;01.01.1995;
Wolbrom;01.01.1995;
Wyśmierzyce;01.01.1995;
Zagnańsk;01.01.1995;
Zawiercie;01.01.1995;
Żarnowiec;01.01.1995;
Żarnów;01.01.1995;
Żytno;01.01.1995;
Aleksandrów;01.01.1996;
Andrespol;01.01.1996;
Belsk Duży;01.01.1996;
Będków;01.01.1996;
Białaczów;01.01.1996;
Białobrzegi;01.01.1996;
Bliżyn;01.01.1996;
Błędów;01.01.1996;
Brójce;01.01.1996;
Budziszewice;01.01.1996;
Charsznica;01.01.1996;
Czarnocin;01.01.1996;
Czerniewice;01.01.1996;
Drzewica;01.01.1996;
Fałków;01.01.1996;
Gielniów;01.01.1996;
Głowaczów;01.01.1996;
Gorzkowice;01.01.1996;
Goszczyn;01.01.1996;
Gowarczów;01.01.1996;
Grabica;01.01.1996;
Grabów nad Pilicą;01.01.1996;
Inowłódz;01.01.1996;
Irządze;01.01.1996;
Kluczewsko;01.01.1996;
Klwów;01.01.1996;
Kobiele Wielkie;01.01.1996;
Kodrąb;01.01.1996;
Koluszki;01.01.1996;
Koniecpol;01.01.1996;
Końskie;01.01.1996;
Kozłów;01.01.1996;
Krasocin;01.01.1996;
Kroczyce;01.01.1996;
Lelów;01.01.1996;
Lubochnia;01.01.1996;
Łęki Szlacheckie;01.01.1996;
Łopuszno;01.01.1996;
Magnuszew;01.01.1996;
Masłowice;01.01.1996;
Mniów;01.01.1996;
Mniszków;01.01.1996;
Mogielnica;01.01.1996;
Moskorzew;01.01.1996;
Moszczenica;01.01.1996;
Niegowa;01.01.1996;
Nowe Miasto nad Pilicą;01.01.1996;
Nowosolna;01.01.1996;
Odrzywół;01.01.1996;
Ogrodzieniec;01.01.1996;
Opoczno;01.01.1996;
Paradyż;01.01.1996;
Pilica;01.01.1996;
Piotrków Trybunalski;01.01.1996;
Poświętne;01.01.1996;
Promna;01.01.1996;
Przedbórz;01.01.1996;
Przysucha;01.01.1996;
Radoszyce;01.01.1996;
Radzanów;01.01.1996;
Ręczno;01.01.1996;
Rokiciny;01.01.1996;
Rozprza;01.01.1996;
Ruda Maleniecka;01.01.1996;
Rusinów;01.01.1996;
Rzeczyca;01.01.1996;
Sadkowice;01.01.1996;
Secemin;01.01.1996;
Sławno;01.01.1996;
Słupia;01.01.1996;
Słupia Konecka;01.01.1996;
Smyków;01.01.1996;
Stąporków;01.01.1996;
Stromiec;01.01.1996;
Sulejów;01.01.1996;
Szczekociny;01.01.1996;
Tomaszów Mazowiecki miasto;01.01.1996;
Tomaszów Mazowiecki wiejski;01.01.1996;
Tuszyn;01.01.1996;
Ujazd;01.01.1996;
Warka;01.01.1996;
Wielgomłyny;01.01.1996;
Włodowice;01.01.1996;
Włoszczowa;01.01.1996;
Wola Krzysztoporska;01.01.1996;
Wolbórz;01.01.1996;
Wolbrom;01.01.1996;
Wyśmierzyce;01.01.1996;
Zagnańsk;01.01.1996;
Zawiercie;01.01.1996;
Żarnowiec;01.01.1996;
Żarnów;01.01.1996;
Żytno;01.01.1996;
Aleksandrów;01.01.1997;
Andrespol;01.01.1997;
Belsk Duży;01.01.1997;
Będków;01.01.1997;
Białaczów;01.01.1997;
Białobrzegi;01.01.1997;
Bliżyn;01.01.1997;
Błędów;01.01.1997;
Brójce;01.01.1997;
Budziszewice;01.01.1997;
Charsznica;01.01.1997;
Czarnocin;01.01.1997;
Czerniewice;01.01.1997;
Drzewica;01.01.1997;
Fałków;01.01.1997;
Gielniów;01.01.1997;
Głowaczów;01.01.1997;
Gorzkowice;01.01.1997;
Goszczyn;01.01.1997;
Gowarczów;01.01.1997;
Grabica;01.01.1997;
Grabów nad Pilicą;01.01.1997;
Inowłódz;01.01.1997;
Irządze;01.01.1997;
Kluczewsko;01.01.1997;
Klwów;01.01.1997;
Kobiele Wielkie;01.01.1997;
Kodrąb;01.01.1997;
Koluszki;01.01.1997;
Koniecpol;01.01.1997;
Końskie;01.01.1997;
Kozłów;01.01.1997;
Krasocin;01.01.1997;
Kroczyce;01.01.1997;
Lelów;01.01.1997;
Lubochnia;01.01.1997;
Łęki Szlacheckie;01.01.1997;
Łopuszno;01.01.1997;
Magnuszew;01.01.1997;
Masłowice;01.01.1997;
Mniów;01.01.1997;
Mniszków;01.01.1997;
Mogielnica;01.01.1997;
Moskorzew;01.01.1997;
Moszczenica;01.01.1997;
Niegowa;01.01.1997;
Nowe Miasto nad Pilicą;01.01.1997;
Nowosolna;01.01.1997;
Odrzywół;01.01.1997;
Ogrodzieniec;01.01.1997;
Opoczno;01.01.1997;
Paradyż;01.01.1997;
Pilica;01.01.1997;
Piotrków Trybunalski;01.01.1997;
Poświętne;01.01.1997;
Promna;01.01.1997;
Przedbórz;01.01.1997;
Przysucha;01.01.1997;
Radoszyce;01.01.1997;
Radzanów;01.01.1997;
Ręczno;01.01.1997;
Rokiciny;01.01.1997;
Rozprza;01.01.1997;
Ruda Maleniecka;01.01.1997;
Rusinów;01.01.1997;
Rzeczyca;01.01.1997;
Sadkowice;01.01.1997;
Secemin;01.01.1997;
Sławno;01.01.1997;
Słupia;01.01.1997;
Słupia Konecka;01.01.1997;
Smyków;01.01.1997;
Stąporków;01.01.1997;
Stromiec;01.01.1997;
Sulejów;01.01.1997;
Szczekociny;01.01.1997;
Tomaszów Mazowiecki miasto;01.01.1997;
Tomaszów Mazowiecki wiejski;01.01.1997;
Tuszyn;01.01.1997;
Ujazd;01.01.1997;
Warka;01.01.1997;
Wielgomłyny;01.01.1997;
Włodowice;01.01.1997;
Włoszczowa;01.01.1997;
Wola Krzysztoporska;01.01.1997;
Wolbórz;01.01.1997;
Wolbrom;01.01.1997;
Wyśmierzyce;01.01.1997;
Zagnańsk;01.01.1997;
Zawiercie;01.01.1997;
Żarnowiec;01.01.1997;
Żarnów;01.01.1997;
Żytno;01.01.1997;
Aleksandrów;01.01.1998;
Andrespol;01.01.1998;
Belsk Duży;01.01.1998;
Będków;01.01.1998;
Białaczów;01.01.1998;
Białobrzegi;01.01.1998;
Bliżyn;01.01.1998;
Błędów;01.01.1998;
Brójce;01.01.1998;
Budziszewice;01.01.1998;
Charsznica;01.01.1998;
Czarnocin;01.01.1998;
Czerniewice;01.01.1998;
Drzewica;01.01.1998;
Fałków;01.01.1998;
Gielniów;01.01.1998;
Głowaczów;01.01.1998;
Gorzkowice;01.01.1998;
Goszczyn;01.01.1998;
Gowarczów;01.01.1998;
Grabica;01.01.1998;
Grabów nad Pilicą;01.01.1998;
Inowłódz;01.01.1998;
Irządze;01.01.1998;
Kluczewsko;01.01.1998;
Klwów;01.01.1998;
Kobiele Wielkie;01.01.1998;
Kodrąb;01.01.1998;
Koluszki;01.01.1998;
Koniecpol;01.01.1998;
Końskie;01.01.1998;
Kozłów;01.01.1998;
Krasocin;01.01.1998;
Kroczyce;01.01.1998;
Lelów;01.01.1998;
Lubochnia;01.01.1998;
Łęki Szlacheckie;01.01.1998;
Łopuszno;01.01.1998;
Magnuszew;01.01.1998;
Masłowice;01.01.1998;
Mniów;01.01.1998;
Mniszków;01.01.1998;
Mogielnica;01.01.1998;
Moskorzew;01.01.1998;
Moszczenica;01.01.1998;
Niegowa;01.01.1998;
Nowe Miasto nad Pilicą;01.01.1998;
Nowosolna;01.01.1998;
Odrzywół;01.01.1998;
Ogrodzieniec;01.01.1998;
Opoczno;01.01.1998;
Paradyż;01.01.1998;
Pilica;01.01.1998;
Piotrków Trybunalski;01.01.1998;
Poświętne;01.01.1998;
Promna;01.01.1998;
Przedbórz;01.01.1998;
Przysucha;01.01.1998;
Radoszyce;01.01.1998;
Radzanów;01.01.1998;
Ręczno;01.01.1998;
Rokiciny;01.01.1998;
Rozprza;01.01.1998;
Ruda Maleniecka;01.01.1998;
Rusinów;01.01.1998;
Rzeczyca;01.01.1998;
Sadkowice;01.01.1998;
Secemin;01.01.1998;
Sławno;01.01.1998;
Słupia;01.01.1998;
Słupia Konecka;01.01.1998;
Smyków;01.01.1998;
Stąporków;01.01.1998;
Stromiec;01.01.1998;
Sulejów;01.01.1998;
Szczekociny;01.01.1998;
Tomaszów Mazowiecki miasto;01.01.1998;
Tomaszów Mazowiecki wiejski;01.01.1998;
Tuszyn;01.01.1998;
Ujazd;01.01.1998;
Warka;01.01.1998;
Wielgomłyny;01.01.1998;
Włodowice;01.01.1998;
Włoszczowa;01.01.1998;
Wola Krzysztoporska;01.01.1998;
Wolbórz;01.01.1998;
Wolbrom;01.01.1998;
Wyśmierzyce;01.01.1998;
Zagnańsk;01.01.1998;
Zawiercie;01.01.1998;
Żarnowiec;01.01.1998;
Żarnów;01.01.1998;
Żytno;01.01.1998;
Aleksandrów;01.01.1999;
Andrespol;01.01.1999;
Belsk Duży;01.01.1999;
Będków;01.01.1999;
Białaczów;01.01.1999;
Białobrzegi;01.01.1999;
Bliżyn;01.01.1999;
Błędów;01.01.1999;
Brójce;01.01.1999;
Budziszewice;01.01.1999;
Charsznica;01.01.1999;
Czarnocin;01.01.1999;
Czerniewice;01.01.1999;
Drzewica;01.01.1999;
Fałków;01.01.1999;
Gielniów;01.01.1999;
Głowaczów;01.01.1999;
Gorzkowice;01.01.1999;
Goszczyn;01.01.1999;
Gowarczów;01.01.1999;
Grabica;01.01.1999;
Grabów nad Pilicą;01.01.1999;
Inowłódz;01.01.1999;
Irządze;01.01.1999;
Kluczewsko;01.01.1999;
Klwów;01.01.1999;
Kobiele Wielkie;01.01.1999;
Kodrąb;01.01.1999;
Koluszki;01.01.1999;
Koniecpol;01.01.1999;
Końskie;01.01.1999;
Kozłów;01.01.1999;
Krasocin;01.01.1999;
Kroczyce;01.01.1999;
Lelów;01.01.1999;
Lubochnia;01.01.1999;
Łęki Szlacheckie;01.01.1999;
Łopuszno;01.01.1999;
Magnuszew;01.01.1999;
Masłowice;01.01.1999;
Mniów;01.01.1999;
Mniszków;01.01.1999;
Mogielnica;01.01.1999;
Moskorzew;01.01.1999;
Moszczenica;01.01.1999;
Niegowa;01.01.1999;
Nowe Miasto nad Pilicą;01.01.1999;
Nowosolna;01.01.1999;
Odrzywół;01.01.1999;
Ogrodzieniec;01.01.1999;
Opoczno;01.01.1999;
Paradyż;01.01.1999;
Pilica;01.01.1999;
Piotrków Trybunalski;01.01.1999;
Poświętne;01.01.1999;
Promna;01.01.1999;
Przedbórz;01.01.1999;
Przysucha;01.01.1999;
Radoszyce;01.01.1999;
Radzanów;01.01.1999;
Ręczno;01.01.1999;
Rokiciny;01.01.1999;
Rozprza;01.01.1999;
Ruda Maleniecka;01.01.1999;
Rusinów;01.01.1999;
Rzeczyca;01.01.1999;
Sadkowice;01.01.1999;
Secemin;01.01.1999;
Sławno;01.01.1999;
Słupia;01.01.1999;
Słupia Konecka;01.01.1999;
Smyków;01.01.1999;
Stąporków;01.01.1999;
Stromiec;01.01.1999;
Sulejów;01.01.1999;
Szczekociny;01.01.1999;
Tomaszów Mazowiecki miasto;01.01.1999;
Tomaszów Mazowiecki wiejski;01.01.1999;
Tuszyn;01.01.1999;
Ujazd;01.01.1999;
Warka;01.01.1999;
Wielgomłyny;01.01.1999;
Włodowice;01.01.1999;
Włoszczowa;01.01.1999;
Wola Krzysztoporska;01.01.1999;
Wolbórz;01.01.1999;
Wolbrom;01.01.1999;
Wyśmierzyce;01.01.1999;
Zagnańsk;01.01.1999;
Zawiercie;01.01.1999;
Żarnowiec;01.01.1999;
Żarnów;01.01.1999;
Żytno;01.01.1999;
Aleksandrów;01.01.2000;
Andrespol;01.01.2000;
Belsk Duży;01.01.2000;
Będków;01.01.2000;
Białaczów;01.01.2000;
Białobrzegi;01.01.2000;
Bliżyn;01.01.2000;
Błędów;01.01.2000;
Brójce;01.01.2000;
Budziszewice;01.01.2000;
Charsznica;01.01.2000;
Czarnocin;01.01.2000;
Czerniewice;01.01.2000;
Drzewica;01.01.2000;
Fałków;01.01.2000;
Gielniów;01.01.2000;
Głowaczów;01.01.2000;
Gorzkowice;01.01.2000;
Goszczyn;01.01.2000;
Gowarczów;01.01.2000;
Grabica;01.01.2000;
Grabów nad Pilicą;01.01.2000;
Inowłódz;01.01.2000;
Irządze;01.01.2000;
Kluczewsko;01.01.2000;
Klwów;01.01.2000;
Kobiele Wielkie;01.01.2000;
Kodrąb;01.01.2000;
Koluszki;01.01.2000;
Koniecpol;01.01.2000;
Końskie;01.01.2000;
Kozłów;01.01.2000;
Krasocin;01.01.2000;
Kroczyce;01.01.2000;
Lelów;01.01.2000;
Lubochnia;01.01.2000;
Łęki Szlacheckie;01.01.2000;
Łopuszno;01.01.2000;
Magnuszew;01.01.2000;
Masłowice;01.01.2000;
Mniów;01.01.2000;
Mniszków;01.01.2000;
Mogielnica;01.01.2000;
Moskorzew;01.01.2000;
Moszczenica;01.01.2000;
Niegowa;01.01.2000;
Nowe Miasto nad Pilicą;01.01.2000;
Nowosolna;01.01.2000;
Odrzywół;01.01.2000;
Ogrodzieniec;01.01.2000;
Opoczno;01.01.2000;
Paradyż;01.01.2000;
Pilica;01.01.2000;
Piotrków Trybunalski;01.01.2000;
Poświętne;01.01.2000;
Promna;01.01.2000;
Przedbórz;01.01.2000;
Przysucha;01.01.2000;
Radoszyce;01.01.2000;
Radzanów;01.01.2000;
Ręczno;01.01.2000;
Rokiciny;01.01.2000;
Rozprza;01.01.2000;
Ruda Maleniecka;01.01.2000;
Rusinów;01.01.2000;
Rzeczyca;01.01.2000;
Sadkowice;01.01.2000;
Secemin;01.01.2000;
Sławno;01.01.2000;
Słupia;01.01.2000;
Słupia Konecka;01.01.2000;
Smyków;01.01.2000;
Stąporków;01.01.2000;
Stromiec;01.01.2000;
Sulejów;01.01.2000;
Szczekociny;01.01.2000;
Tomaszów Mazowiecki miasto;01.01.2000;
Tomaszów Mazowiecki wiejski;01.01.2000;
Tuszyn;01.01.2000;
Ujazd;01.01.2000;
Warka;01.01.2000;
Wielgomłyny;01.01.2000;
Włodowice;01.01.2000;
Włoszczowa;01.01.2000;
Wola Krzysztoporska;01.01.2000;
Wolbórz;01.01.2000;
Wolbrom;01.01.2000;
Wyśmierzyce;01.01.2000;
Zagnańsk;01.01.2000;
Zawiercie;01.01.2000;
Żarnowiec;01.01.2000;
Żarnów;01.01.2000;
Żytno;01.01.2000;
Aleksandrów;01.01.2001;
Andrespol;01.01.2001;
Belsk Duży;01.01.2001;
Będków;01.01.2001;
Białaczów;01.01.2001;
Białobrzegi;01.01.2001;
Bliżyn;01.01.2001;
Błędów;01.01.2001;
Brójce;01.01.2001;
Budziszewice;01.01.2001;
Charsznica;01.01.2001;
Czarnocin;01.01.2001;
Czerniewice;01.01.2001;
Drzewica;01.01.2001;
Fałków;01.01.2001;
Gielniów;01.01.2001;
Głowaczów;01.01.2001;
Gorzkowice;01.01.2001;
Goszczyn;01.01.2001;
Gowarczów;01.01.2001;
Grabica;01.01.2001;
Grabów nad Pilicą;01.01.2001;
Inowłódz;01.01.2001;
Irządze;01.01.2001;
Kluczewsko;01.01.2001;
Klwów;01.01.2001;
Kobiele Wielkie;01.01.2001;
Kodrąb;01.01.2001;
Koluszki;01.01.2001;
Koniecpol;01.01.2001;
Końskie;01.01.2001;
Kozłów;01.01.2001;
Krasocin;01.01.2001;
Kroczyce;01.01.2001;
Lelów;01.01.2001;
Lubochnia;01.01.2001;
Łęki Szlacheckie;01.01.2001;
Łopuszno;01.01.2001;
Magnuszew;01.01.2001;
Masłowice;01.01.2001;
Mniów;01.01.2001;
Mniszków;01.01.2001;
Mogielnica;01.01.2001;
Moskorzew;01.01.2001;
Moszczenica;01.01.2001;
Niegowa;01.01.2001;
Nowe Miasto nad Pilicą;01.01.2001;
Nowosolna;01.01.2001;
Odrzywół;01.01.2001;
Ogrodzieniec;01.01.2001;
Opoczno;01.01.2001;
Paradyż;01.01.2001;
Pilica;01.01.2001;
Piotrków Trybunalski;01.01.2001;
Poświętne;01.01.2001;
Promna;01.01.2001;
Przedbórz;01.01.2001;
Przysucha;01.01.2001;
Radoszyce;01.01.2001;
Radzanów;01.01.2001;
Ręczno;01.01.2001;
Rokiciny;01.01.2001;
Rozprza;01.01.2001;
Ruda Maleniecka;01.01.2001;
Rusinów;01.01.2001;
Rzeczyca;01.01.2001;
Sadkowice;01.01.2001;
Secemin;01.01.2001;
Sławno;01.01.2001;
Słupia;01.01.2001;
Słupia Konecka;01.01.2001;
Smyków;01.01.2001;
Stąporków;01.01.2001;
Stromiec;01.01.2001;
Sulejów;01.01.2001;
Szczekociny;01.01.2001;
Tomaszów Mazowiecki miasto;01.01.2001;
Tomaszów Mazowiecki wiejski;01.01.2001;
Tuszyn;01.01.2001;
Ujazd;01.01.2001;
Warka;01.01.2001;
Wielgomłyny;01.01.2001;
Włodowice;01.01.2001;
Włoszczowa;01.01.2001;
Wola Krzysztoporska;01.01.2001;
Wolbórz;01.01.2001;
Wolbrom;01.01.2001;
Wyśmierzyce;01.01.2001;
Zagnańsk;01.01.2001;
Zawiercie;01.01.2001;
Żarnowiec;01.01.2001;
Żarnów;01.01.2001;
Żytno;01.01.2001;
Aleksandrów;01.01.2002;
Andrespol;01.01.2002;
Belsk Duży;01.01.2002;
Będków;01.01.2002;
Białaczów;01.01.2002;
Białobrzegi;01.01.2002;
Bliżyn;01.01.2002;
Błędów;01.01.2002;
Brójce;01.01.2002;
Budziszewice;01.01.2002;
Charsznica;01.01.2002;
Czarnocin;01.01.2002;
Czerniewice;01.01.2002;
Drzewica;01.01.2002;
Fałków;01.01.2002;
Gielniów;01.01.2002;
Głowaczów;01.01.2002;
Gorzkowice;01.01.2002;
Goszczyn;01.01.2002;
Gowarczów;01.01.2002;
Grabica;01.01.2002;
Grabów nad Pilicą;01.01.2002;
Inowłódz;01.01.2002;
Irządze;01.01.2002;
Kluczewsko;01.01.2002;
Klwów;01.01.2002;
Kobiele Wielkie;01.01.2002;
Kodrąb;01.01.2002;
Koluszki;01.01.2002;
Koniecpol;01.01.2002;
Końskie;01.01.2002;
Kozłów;01.01.2002;
Krasocin;01.01.2002;
Kroczyce;01.01.2002;
Lelów;01.01.2002;
Lubochnia;01.01.2002;
Łęki Szlacheckie;01.01.2002;
Łopuszno;01.01.2002;
Magnuszew;01.01.2002;
Masłowice;01.01.2002;
Mniów;01.01.2002;
Mniszków;01.01.2002;
Mogielnica;01.01.2002;
Moskorzew;01.01.2002;
Moszczenica;01.01.2002;
Niegowa;01.01.2002;
Nowe Miasto nad Pilicą;01.01.2002;
Nowosolna;01.01.2002;
Odrzywół;01.01.2002;
Ogrodzieniec;01.01.2002;
Opoczno;01.01.2002;
Paradyż;01.01.2002;
Pilica;01.01.2002;
Piotrków Trybunalski;01.01.2002;
Poświętne;01.01.2002;
Promna;01.01.2002;
Przedbórz;01.01.2002;
Przysucha;01.01.2002;
Radoszyce;01.01.2002;
Radzanów;01.01.2002;
Ręczno;01.01.2002;
Rokiciny;01.01.2002;
Rozprza;01.01.2002;
Ruda Maleniecka;01.01.2002;
Rusinów;01.01.2002;
Rzeczyca;01.01.2002;
Sadkowice;01.01.2002;
Secemin;01.01.2002;
Sławno;01.01.2002;
Słupia;01.01.2002;
Słupia Konecka;01.01.2002;
Smyków;01.01.2002;
Stąporków;01.01.2002;
Stromiec;01.01.2002;
Sulejów;01.01.2002;
Szczekociny;01.01.2002;
Tomaszów Mazowiecki miasto;01.01.2002;
Tomaszów Mazowiecki wiejski;01.01.2002;
Tuszyn;01.01.2002;
Ujazd;01.01.2002;
Warka;01.01.2002;
Wielgomłyny;01.01.2002;
Włodowice;01.01.2002;
Włoszczowa;01.01.2002;
Wola Krzysztoporska;01.01.2002;
Wolbórz;01.01.2002;
Wolbrom;01.01.2002;
Wyśmierzyce;01.01.2002;
Zagnańsk;01.01.2002;
Zawiercie;01.01.2002;
Żarnowiec;01.01.2002;
Żarnów;01.01.2002;
Żytno;01.01.2002;
Aleksandrów;01.01.2003;
Andrespol;01.01.2003;
Belsk Duży;01.01.2003;
Będków;01.01.2003;
Białaczów;01.01.2003;
Białobrzegi;01.01.2003;
Bliżyn;01.01.2003;
Błędów;01.01.2003;
Brójce;01.01.2003;
Budziszewice;01.01.2003;
Charsznica;01.01.2003;
Czarnocin;01.01.2003;
Czerniewice;01.01.2003;
Drzewica;01.01.2003;
Fałków;01.01.2003;
Gielniów;01.01.2003;
Głowaczów;01.01.2003;
Gorzkowice;01.01.2003;
Goszczyn;01.01.2003;
Gowarczów;01.01.2003;
Grabica;01.01.2003;
Grabów nad Pilicą;01.01.2003;
Inowłódz;01.01.2003;
Irządze;01.01.2003;
Kluczewsko;01.01.2003;
Klwów;01.01.2003;
Kobiele Wielkie;01.01.2003;
Kodrąb;01.01.2003;
Koluszki;01.01.2003;
Koniecpol;01.01.2003;
Końskie;01.01.2003;
Kozłów;01.01.2003;
Krasocin;01.01.2003;
Kroczyce;01.01.2003;
Lelów;01.01.2003;
Lubochnia;01.01.2003;
Łęki Szlacheckie;01.01.2003;
Łopuszno;01.01.2003;
Magnuszew;01.01.2003;
Masłowice;01.01.2003;
Mniów;01.01.2003;
Mniszków;01.01.2003;
Mogielnica;01.01.2003;
Moskorzew;01.01.2003;
Moszczenica;01.01.2003;
Niegowa;01.01.2003;
Nowe Miasto nad Pilicą;01.01.2003;
Nowosolna;01.01.2003;
Odrzywół;01.01.2003;
Ogrodzieniec;01.01.2003;
Opoczno;01.01.2003;
Paradyż;01.01.2003;
Pilica;01.01.2003;
Piotrków Trybunalski;01.01.2003;
Poświętne;01.01.2003;
Promna;01.01.2003;
Przedbórz;01.01.2003;
Przysucha;01.01.2003;
Radoszyce;01.01.2003;
Radzanów;01.01.2003;
Ręczno;01.01.2003;
Rokiciny;01.01.2003;
Rozprza;01.01.2003;
Ruda Maleniecka;01.01.2003;
Rusinów;01.01.2003;
Rzeczyca;01.01.2003;
Sadkowice;01.01.2003;
Secemin;01.01.2003;
Sławno;01.01.2003;
Słupia;01.01.2003;
Słupia Konecka;01.01.2003;
Smyków;01.01.2003;
Stąporków;01.01.2003;
Stromiec;01.01.2003;
Sulejów;01.01.2003;
Szczekociny;01.01.2003;
Tomaszów Mazowiecki miasto;01.01.2003;
Tomaszów Mazowiecki wiejski;01.01.2003;
Tuszyn;01.01.2003;
Ujazd;01.01.2003;
Warka;01.01.2003;
Wielgomłyny;01.01.2003;
Włodowice;01.01.2003;
Włoszczowa;01.01.2003;
Wola Krzysztoporska;01.01.2003;
Wolbórz;01.01.2003;
Wolbrom;01.01.2003;
Wyśmierzyce;01.01.2003;
Zagnańsk;01.01.2003;
Zawiercie;01.01.2003;
Żarnowiec;01.01.2003;
Żarnów;01.01.2003;
Żytno;01.01.2003;
Aleksandrów;01.01.2004;
Andrespol;01.01.2004;
Belsk Duży;01.01.2004;
Będków;01.01.2004;
Białaczów;01.01.2004;
Białobrzegi;01.01.2004;
Bliżyn;01.01.2004;
Błędów;01.01.2004;
Brójce;01.01.2004;
Budziszewice;01.01.2004;
Charsznica;01.01.2004;
Czarnocin;01.01.2004;
Czerniewice;01.01.2004;
Drzewica;01.01.2004;
Fałków;01.01.2004;
Gielniów;01.01.2004;
Głowaczów;01.01.2004;
Gorzkowice;01.01.2004;
Goszczyn;01.01.2004;
Gowarczów;01.01.2004;
Grabica;01.01.2004;
Grabów nad Pilicą;01.01.2004;
Inowłódz;01.01.2004;
Irządze;01.01.2004;
Kluczewsko;01.01.2004;
Klwów;01.01.2004;
Kobiele Wielkie;01.01.2004;
Kodrąb;01.01.2004;
Koluszki;01.01.2004;
Koniecpol;01.01.2004;
Końskie;01.01.2004;
Kozłów;01.01.2004;
Krasocin;01.01.2004;
Kroczyce;01.01.2004;
Lelów;01.01.2004;
Lubochnia;01.01.2004;
Łęki Szlacheckie;01.01.2004;
Łopuszno;01.01.2004;
Magnuszew;01.01.2004;
Masłowice;01.01.2004;
Mniów;01.01.2004;
Mniszków;01.01.2004;
Mogielnica;01.01.2004;
Moskorzew;01.01.2004;
Moszczenica;01.01.2004;
Niegowa;01.01.2004;
Nowe Miasto nad Pilicą;01.01.2004;
Nowosolna;01.01.2004;
Odrzywół;01.01.2004;
Ogrodzieniec;01.01.2004;
Opoczno;01.01.2004;
Paradyż;01.01.2004;
Pilica;01.01.2004;
Piotrków Trybunalski;01.01.2004;
Poświętne;01.01.2004;
Promna;01.01.2004;
Przedbórz;01.01.2004;
Przysucha;01.01.2004;
Radoszyce;01.01.2004;
Radzanów;01.01.2004;
Ręczno;01.01.2004;
Rokiciny;01.01.2004;
Rozprza;01.01.2004;
Ruda Maleniecka;01.01.2004;
Rusinów;01.01.2004;
Rzeczyca;01.01.2004;
Sadkowice;01.01.2004;
Secemin;01.01.2004;
Sławno;01.01.2004;
Słupia;01.01.2004;
Słupia Konecka;01.01.2004;
Smyków;01.01.2004;
Stąporków;01.01.2004;
Stromiec;01.01.2004;
Sulejów;01.01.2004;
Szczekociny;01.01.2004;
Tomaszów Mazowiecki miasto;01.01.2004;
Tomaszów Mazowiecki wiejski;01.01.2004;
Tuszyn;01.01.2004;
Ujazd;01.01.2004;
Warka;01.01.2004;
Wielgomłyny;01.01.2004;
Włodowice;01.01.2004;
Włoszczowa;01.01.2004;
Wola Krzysztoporska;01.01.2004;
Wolbórz;01.01.2004;
Wolbrom;01.01.2004;
Wyśmierzyce;01.01.2004;
Zagnańsk;01.01.2004;
Zawiercie;01.01.2004;
Żarnowiec;01.01.2004;
Żarnów;01.01.2004;
Żytno;01.01.2004;
Aleksandrów;01.01.2005;
Andrespol;01.01.2005;
Belsk Duży;01.01.2005;
Będków;01.01.2005;
Białaczów;01.01.2005;
Białobrzegi;01.01.2005;
Bliżyn;01.01.2005;
Błędów;01.01.2005;
Brójce;01.01.2005;
Budziszewice;01.01.2005;
Charsznica;01.01.2005;
Czarnocin;01.01.2005;
Czerniewice;01.01.2005;
Drzewica;01.01.2005;
Fałków;01.01.2005;
Gielniów;01.01.2005;
Głowaczów;01.01.2005;
Gorzkowice;01.01.2005;
Goszczyn;01.01.2005;
Gowarczów;01.01.2005;
Grabica;01.01.2005;
Grabów nad Pilicą;01.01.2005;
Inowłódz;01.01.2005;
Irządze;01.01.2005;
Kluczewsko;01.01.2005;
Klwów;01.01.2005;
Kobiele Wielkie;01.01.2005;
Kodrąb;01.01.2005;
Koluszki;01.01.2005;
Koniecpol;01.01.2005;
Końskie;01.01.2005;
Kozłów;01.01.2005;
Krasocin;01.01.2005;
Kroczyce;01.01.2005;
Lelów;01.01.2005;
Lubochnia;01.01.2005;
Łęki Szlacheckie;01.01.2005;
Łopuszno;01.01.2005;
Magnuszew;01.01.2005;
Masłowice;01.01.2005;
Mniów;01.01.2005;
Mniszków;01.01.2005;
Mogielnica;01.01.2005;
Moskorzew;01.01.2005;
Moszczenica;01.01.2005;
Niegowa;01.01.2005;
Nowe Miasto nad Pilicą;01.01.2005;
Nowosolna;01.01.2005;
Odrzywół;01.01.2005;
Ogrodzieniec;01.01.2005;
Opoczno;01.01.2005;
Paradyż;01.01.2005;
Pilica;01.01.2005;
Piotrków Trybunalski;01.01.2005;
Poświętne;01.01.2005;
Promna;01.01.2005;
Przedbórz;01.01.2005;
Przysucha;01.01.2005;
Radoszyce;01.01.2005;
Radzanów;01.01.2005;
Ręczno;01.01.2005;
Rokiciny;01.01.2005;
Rozprza;01.01.2005;
Ruda Maleniecka;01.01.2005;
Rusinów;01.01.2005;
Rzeczyca;01.01.2005;
Sadkowice;01.01.2005;
Secemin;01.01.2005;
Sławno;01.01.2005;
Słupia;01.01.2005;
Słupia Konecka;01.01.2005;
Smyków;01.01.2005;
Stąporków;01.01.2005;
Stromiec;01.01.2005;
Sulejów;01.01.2005;
Szczekociny;01.01.2005;
Tomaszów Mazowiecki miasto;01.01.2005;
Tomaszów Mazowiecki wiejski;01.01.2005;
Tuszyn;01.01.2005;
Ujazd;01.01.2005;
Warka;01.01.2005;
Wielgomłyny;01.01.2005;
Włodowice;01.01.2005;
Włoszczowa;01.01.2005;
Wola Krzysztoporska;01.01.2005;
Wolbórz;01.01.2005;
Wolbrom;01.01.2005;
Wyśmierzyce;01.01.2005;
Zagnańsk;01.01.2005;
Zawiercie;01.01.2005;
Żarnowiec;01.01.2005;
Żarnów;01.01.2005;
Żytno;01.01.2005;
Aleksandrów;01.01.2006;
Andrespol;01.01.2006;
Belsk Duży;01.01.2006;
Będków;01.01.2006;
Białaczów;01.01.2006;
Białobrzegi;01.01.2006;
Bliżyn;01.01.2006;
Błędów;01.01.2006;
Brójce;01.01.2006;
Budziszewice;01.01.2006;
Charsznica;01.01.2006;
Czarnocin;01.01.2006;
Czerniewice;01.01.2006;
Drzewica;01.01.2006;
Fałków;01.01.2006;
Gielniów;01.01.2006;
Głowaczów;01.01.2006;
Gorzkowice;01.01.2006;
Goszczyn;01.01.2006;
Gowarczów;01.01.2006;
Grabica;01.01.2006;
Grabów nad Pilicą;01.01.2006;
Inowłódz;01.01.2006;
Irządze;01.01.2006;
Kluczewsko;01.01.2006;
Klwów;01.01.2006;
Kobiele Wielkie;01.01.2006;
Kodrąb;01.01.2006;
Koluszki;01.01.2006;
Koniecpol;01.01.2006;
Końskie;01.01.2006;
Kozłów;01.01.2006;
Krasocin;01.01.2006;
Kroczyce;01.01.2006;
Lelów;01.01.2006;
Lubochnia;01.01.2006;
Łęki Szlacheckie;01.01.2006;
Łopuszno;01.01.2006;
Magnuszew;01.01.2006;
Masłowice;01.01.2006;
Mniów;01.01.2006;
Mniszków;01.01.2006;
Mogielnica;01.01.2006;
Moskorzew;01.01.2006;
Moszczenica;01.01.2006;
Niegowa;01.01.2006;
Nowe Miasto nad Pilicą;01.01.2006;
Nowosolna;01.01.2006;
Odrzywół;01.01.2006;
Ogrodzieniec;01.01.2006;
Opoczno;01.01.2006;
Paradyż;01.01.2006;
Pilica;01.01.2006;
Piotrków Trybunalski;01.01.2006;
Poświętne;01.01.2006;
Promna;01.01.2006;
Przedbórz;01.01.2006;
Przysucha;01.01.2006;
Radoszyce;01.01.2006;
Radzanów;01.01.2006;
Ręczno;01.01.2006;
Rokiciny;01.01.2006;
Rozprza;01.01.2006;
Ruda Maleniecka;01.01.2006;
Rusinów;01.01.2006;
Rzeczyca;01.01.2006;
Sadkowice;01.01.2006;
Secemin;01.01.2006;
Sławno;01.01.2006;
Słupia;01.01.2006;
Słupia Konecka;01.01.2006;
Smyków;01.01.2006;
Stąporków;01.01.2006;
Stromiec;01.01.2006;
Sulejów;01.01.2006;
Szczekociny;01.01.2006;
Tomaszów Mazowiecki miasto;01.01.2006;
Tomaszów Mazowiecki wiejski;01.01.2006;
Tuszyn;01.01.2006;
Ujazd;01.01.2006;
Warka;01.01.2006;
Wielgomłyny;01.01.2006;
Włodowice;01.01.2006;
Włoszczowa;01.01.2006;
Wola Krzysztoporska;01.01.2006;
Wolbórz;01.01.2006;
Wolbrom;01.01.2006;
Wyśmierzyce;01.01.2006;
Zagnańsk;01.01.2006;
Zawiercie;01.01.2006;
Żarnowiec;01.01.2006;
Żarnów;01.01.2006;
Żytno;01.01.2006;
Aleksandrów;01.01.2007;
Andrespol;01.01.2007;
Belsk Duży;01.01.2007;
Będków;01.01.2007;
Białaczów;01.01.2007;
Białobrzegi;01.01.2007;
Bliżyn;01.01.2007;
Błędów;01.01.2007;
Brójce;01.01.2007;
Budziszewice;01.01.2007;
Charsznica;01.01.2007;
Czarnocin;01.01.2007;
Czerniewice;01.01.2007;
Drzewica;01.01.2007;
Fałków;01.01.2007;
Gielniów;01.01.2007;
Głowaczów;01.01.2007;
Gorzkowice;01.01.2007;
Goszczyn;01.01.2007;
Gowarczów;01.01.2007;
Grabica;01.01.2007;
Grabów nad Pilicą;01.01.2007;
Inowłódz;01.01.2007;
Irządze;01.01.2007;
Kluczewsko;01.01.2007;
Klwów;01.01.2007;
Kobiele Wielkie;01.01.2007;
Kodrąb;01.01.2007;
Koluszki;01.01.2007;
Koniecpol;01.01.2007;
Końskie;01.01.2007;
Kozłów;01.01.2007;
Krasocin;01.01.2007;
Kroczyce;01.01.2007;
Lelów;01.01.2007;
Lubochnia;01.01.2007;
Łęki Szlacheckie;01.01.2007;
Łopuszno;01.01.2007;
Magnuszew;01.01.2007;
Masłowice;01.01.2007;
Mniów;01.01.2007;
Mniszków;01.01.2007;
Mogielnica;01.01.2007;
Moskorzew;01.01.2007;
Moszczenica;01.01.2007;
Niegowa;01.01.2007;
Nowe Miasto nad Pilicą;01.01.2007;
Nowosolna;01.01.2007;
Odrzywół;01.01.2007;
Ogrodzieniec;01.01.2007;
Opoczno;01.01.2007;
Paradyż;01.01.2007;
Pilica;01.01.2007;
Piotrków Trybunalski;01.01.2007;
Poświętne;01.01.2007;
Promna;01.01.2007;
Przedbórz;01.01.2007;
Przysucha;01.01.2007;
Radoszyce;01.01.2007;
Radzanów;01.01.2007;
Ręczno;01.01.2007;
Rokiciny;01.01.2007;
Rozprza;01.01.2007;
Ruda Maleniecka;01.01.2007;
Rusinów;01.01.2007;
Rzeczyca;01.01.2007;
Sadkowice;01.01.2007;
Secemin;01.01.2007;
Sławno;01.01.2007;
Słupia;01.01.2007;
Słupia Konecka;01.01.2007;
Smyków;01.01.2007;
Stąporków;01.01.2007;
Stromiec;01.01.2007;
Sulejów;01.01.2007;
Szczekociny;01.01.2007;
Tomaszów Mazowiecki miasto;01.01.2007;
Tomaszów Mazowiecki wiejski;01.01.2007;
Tuszyn;01.01.2007;
Ujazd;01.01.2007;
Warka;01.01.2007;
Wielgomłyny;01.01.2007;
Włodowice;01.01.2007;
Włoszczowa;01.01.2007;
Wola Krzysztoporska;01.01.2007;
Wolbórz;01.01.2007;
Wolbrom;01.01.2007;
Wyśmierzyce;01.01.2007;
Zagnańsk;01.01.2007;
Zawiercie;01.01.2007;
Żarnowiec;01.01.2007;
Żarnów;01.01.2007;
Żytno;01.01.2007;
Aleksandrów;01.01.2008;
Andrespol;01.01.2008;
Belsk Duży;01.01.2008;
Będków;01.01.2008;
Białaczów;01.01.2008;
Białobrzegi;01.01.2008;
Bliżyn;01.01.2008;
Błędów;01.01.2008;
Brójce;01.01.2008;
Budziszewice;01.01.2008;
Charsznica;01.01.2008;
Czarnocin;01.01.2008;
Czerniewice;01.01.2008;
Drzewica;01.01.2008;
Fałków;01.01.2008;
Gielniów;01.01.2008;
Głowaczów;01.01.2008;
Gorzkowice;01.01.2008;
Goszczyn;01.01.2008;
Gowarczów;01.01.2008;
Grabica;01.01.2008;
Grabów nad Pilicą;01.01.2008;
Inowłódz;01.01.2008;
Irządze;01.01.2008;
Kluczewsko;01.01.2008;
Klwów;01.01.2008;
Kobiele Wielkie;01.01.2008;
Kodrąb;01.01.2008;
Koluszki;01.01.2008;
Koniecpol;01.01.2008;
Końskie;01.01.2008;
Kozłów;01.01.2008;
Krasocin;01.01.2008;
Kroczyce;01.01.2008;
Lelów;01.01.2008;
Lubochnia;01.01.2008;
Łęki Szlacheckie;01.01.2008;
Łopuszno;01.01.2008;
Magnuszew;01.01.2008;
Masłowice;01.01.2008;
Mniów;01.01.2008;
Mniszków;01.01.2008;
Mogielnica;01.01.2008;
Moskorzew;01.01.2008;
Moszczenica;01.01.2008;
Niegowa;01.01.2008;
Nowe Miasto nad Pilicą;01.01.2008;
Nowosolna;01.01.2008;
Odrzywół;01.01.2008;
Ogrodzieniec;01.01.2008;
Opoczno;01.01.2008;
Paradyż;01.01.2008;
Pilica;01.01.2008;
Piotrków Trybunalski;01.01.2008;
Poświętne;01.01.2008;
Promna;01.01.2008;
Przedbórz;01.01.2008;
Przysucha;01.01.2008;
Radoszyce;01.01.2008;
Radzanów;01.01.2008;
Ręczno;01.01.2008;
Rokiciny;01.01.2008;
Rozprza;01.01.2008;
Ruda Maleniecka;01.01.2008;
Rusinów;01.01.2008;
Rzeczyca;01.01.2008;
Sadkowice;01.01.2008;
Secemin;01.01.2008;
Sławno;01.01.2008;
Słupia;01.01.2008;
Słupia Konecka;01.01.2008;
Smyków;01.01.2008;
Stąporków;01.01.2008;
Stromiec;01.01.2008;
Sulejów;01.01.2008;
Szczekociny;01.01.2008;
Tomaszów Mazowiecki miasto;01.01.2008;
Tomaszów Mazowiecki wiejski;01.01.2008;
Tuszyn;01.01.2008;
Ujazd;01.01.2008;
Warka;01.01.2008;
Wielgomłyny;01.01.2008;
Włodowice;01.01.2008;
Włoszczowa;01.01.2008;
Wola Krzysztoporska;01.01.2008;
Wolbórz;01.01.2008;
Wolbrom;01.01.2008;
Wyśmierzyce;01.01.2008;
Zagnańsk;01.01.2008;
Zawiercie;01.01.2008;
Żarnowiec;01.01.2008;
Żarnów;01.01.2008;
Żytno;01.01.2008;
Aleksandrów;01.01.2009;
Andrespol;01.01.2009;
Belsk Duży;01.01.2009;
Będków;01.01.2009;
Białaczów;01.01.2009;
Białobrzegi;01.01.2009;
Bliżyn;01.01.2009;
Błędów;01.01.2009;
Brójce;01.01.2009;
Budziszewice;01.01.2009;
Charsznica;01.01.2009;
Czarnocin;01.01.2009;
Czerniewice;01.01.2009;
Drzewica;01.01.2009;
Fałków;01.01.2009;
Gielniów;01.01.2009;
Głowaczów;01.01.2009;
Gorzkowice;01.01.2009;
Goszczyn;01.01.2009;
Gowarczów;01.01.2009;
Grabica;01.01.2009;
Grabów nad Pilicą;01.01.2009;
Inowłódz;01.01.2009;
Irządze;01.01.2009;
Kluczewsko;01.01.2009;
Klwów;01.01.2009;
Kobiele Wielkie;01.01.2009;
Kodrąb;01.01.2009;
Koluszki;01.01.2009;
Koniecpol;01.01.2009;
Końskie;01.01.2009;
Kozłów;01.01.2009;
Krasocin;01.01.2009;
Kroczyce;01.01.2009;
Lelów;01.01.2009;
Lubochnia;01.01.2009;
Łęki Szlacheckie;01.01.2009;
Łopuszno;01.01.2009;
Magnuszew;01.01.2009;
Masłowice;01.01.2009;
Mniów;01.01.2009;
Mniszków;01.01.2009;
Mogielnica;01.01.2009;
Moskorzew;01.01.2009;
Moszczenica;01.01.2009;
Niegowa;01.01.2009;
Nowe Miasto nad Pilicą;01.01.2009;
Nowosolna;01.01.2009;
Odrzywół;01.01.2009;
Ogrodzieniec;01.01.2009;
Opoczno;01.01.2009;
Paradyż;01.01.2009;
Pilica;01.01.2009;
Piotrków Trybunalski;01.01.2009;
Poświętne;01.01.2009;
Promna;01.01.2009;
Przedbórz;01.01.2009;
Przysucha;01.01.2009;
Radoszyce;01.01.2009;
Radzanów;01.01.2009;
Ręczno;01.01.2009;
Rokiciny;01.01.2009;
Rozprza;01.01.2009;
Ruda Maleniecka;01.01.2009;
Rusinów;01.01.2009;
Rzeczyca;01.01.2009;
Sadkowice;01.01.2009;
Secemin;01.01.2009;
Sławno;01.01.2009;
Słupia;01.01.2009;
Słupia Konecka;01.01.2009;
Smyków;01.01.2009;
Stąporków;01.01.2009;
Stromiec;01.01.2009;
Sulejów;01.01.2009;
Szczekociny;01.01.2009;
Tomaszów Mazowiecki miasto;01.01.2009;
Tomaszów Mazowiecki wiejski;01.01.2009;
Tuszyn;01.01.2009;
Ujazd;01.01.2009;
Warka;01.01.2009;
Wielgomłyny;01.01.2009;
Włodowice;01.01.2009;
Włoszczowa;01.01.2009;
Wola Krzysztoporska;01.01.2009;
Wolbórz;01.01.2009;
Wolbrom;01.01.2009;
Wyśmierzyce;01.01.2009;
Zagnańsk;01.01.2009;
Zawiercie;01.01.2009;
Żarnowiec;01.01.2009;
Żarnów;01.01.2009;
Żytno;01.01.2009;
Aleksandrów;01.01.2010;437
Andrespol;01.01.2010;152
Belsk Duży;01.01.2010;1809
Będków;01.01.2010;1274
Białaczów;01.01.2010;747
Białobrzegi;01.01.2010;161
Bliżyn;01.01.2010;22
Błędów;01.01.2010;2383
Brójce;01.01.2010;755
Budziszewice;01.01.2010;654
Charsznica;01.01.2010;3027
Czarnocin;01.01.2010;1408
Czerniewice;01.01.2010;1156
Drzewica;01.01.2010;435
Fałków;01.01.2010;218
Gielniów;01.01.2010;108
Głowaczów;01.01.2010;427
Gorzkowice;01.01.2010;677
Goszczyn;01.01.2010;523
Gowarczów;01.01.2010;86
Grabica;01.01.2010;2808
Grabów nad Pilicą;01.01.2010;601
Inowłódz;01.01.2010;148
Irządze;01.01.2010;536
Kluczewsko;01.01.2010;402
Klwów;01.01.2010;927
Kobiele Wielkie;01.01.2010;2498
Kodrąb;01.01.2010;2616
Koluszki;01.01.2010;1262
Koniecpol;01.01.2010;687
Końskie;01.01.2010;107
Kozłów;01.01.2010;975
Krasocin;01.01.2010;1119
Kroczyce;01.01.2010;568
Lelów;01.01.2010;865
Lubochnia;01.01.2010;571
Łęki Szlacheckie;01.01.2010;686
Łopuszno;01.01.2010;956
Magnuszew;01.01.2010;941
Masłowice;01.01.2010;2075
Mniów;01.01.2010;93
Mniszków;01.01.2010;607
Mogielnica;01.01.2010;1535
Moskorzew;01.01.2010;657
Moszczenica;01.01.2010;1733
Niegowa;01.01.2010;571
Nowe Miasto nad Pilicą;01.01.2010;1878
Nowosolna;01.01.2010;376
Odrzywół;01.01.2010;534
Ogrodzieniec;01.01.2010;277
Opoczno;01.01.2010;526
Paradyż;01.01.2010;718
Pilica;01.01.2010;2031
Piotrków Trybunalski;01.01.2010;381
Poświętne;01.01.2010;926
Promna;01.01.2010;1846
Przedbórz;01.01.2010;828
Przysucha;01.01.2010;371
Radoszyce;01.01.2010;514
Radzanów;01.01.2010;1033
Ręczno;01.01.2010;620
Rokiciny;01.01.2010;1319
Rozprza;01.01.2010;1411
Ruda Maleniecka;01.01.2010;18
Rusinów;01.01.2010;565
Rzeczyca;01.01.2010;1345
Sadkowice;01.01.2010;2717
Secemin;01.01.2010;844
Sławno;01.01.2010;601
Słupia;01.01.2010;1940
Słupia Konecka;01.01.2010;444
Smyków;01.01.2010;68
Stąporków;01.01.2010;3
Stromiec;01.01.2010;420
Sulejów;01.01.2010;1168
Szczekociny;01.01.2010;1372
Tomaszów Mazowiecki miasto;01.01.2010;66
Tomaszów Mazowiecki wiejski;01.01.2010;477
Tuszyn;01.01.2010;1108
Ujazd;01.01.2010;950
Warka;01.01.2010;3233
Wielgomłyny;01.01.2010;2061
Włodowice;01.01.2010;51
Włoszczowa;01.01.2010;1687
Wola Krzysztoporska;01.01.2010;2657
Wolbórz;01.01.2010;2255
Wolbrom;01.01.2010;1765
Wyśmierzyce;01.01.2010;379
Zagnańsk;01.01.2010;11
Zawiercie;01.01.2010;473
Żarnowiec;01.01.2010;2594
Żarnów;01.01.2010;453
Żytno;01.01.2010;1344
Aleksandrów;01.01.2011;
Andrespol;01.01.2011;
Belsk Duży;01.01.2011;
Będków;01.01.2011;
Białaczów;01.01.2011;
Białobrzegi;01.01.2011;
Bliżyn;01.01.2011;
Błędów;01.01.2011;
Brójce;01.01.2011;
Budziszewice;01.01.2011;
Charsznica;01.01.2011;
Czarnocin;01.01.2011;
Czerniewice;01.01.2011;
Drzewica;01.01.2011;
Fałków;01.01.2011;
Gielniów;01.01.2011;
Głowaczów;01.01.2011;
Gorzkowice;01.01.2011;
Goszczyn;01.01.2011;
Gowarczów;01.01.2011;
Grabica;01.01.2011;
Grabów nad Pilicą;01.01.2011;
Inowłódz;01.01.2011;
Irządze;01.01.2011;
Kluczewsko;01.01.2011;
Klwów;01.01.2011;
Kobiele Wielkie;01.01.2011;
Kodrąb;01.01.2011;
Koluszki;01.01.2011;
Koniecpol;01.01.2011;
Końskie;01.01.2011;
Kozłów;01.01.2011;
Krasocin;01.01.2011;
Kroczyce;01.01.2011;
Lelów;01.01.2011;
Lubochnia;01.01.2011;
Łęki Szlacheckie;01.01.2011;
Łopuszno;01.01.2011;
Magnuszew;01.01.2011;
Masłowice;01.01.2011;
Mniów;01.01.2011;
Mniszków;01.01.2011;
Mogielnica;01.01.2011;
Moskorzew;01.01.2011;
Moszczenica;01.01.2011;
Niegowa;01.01.2011;
Nowe Miasto nad Pilicą;01.01.2011;
Nowosolna;01.01.2011;
Odrzywół;01.01.2011;
Ogrodzieniec;01.01.2011;
Opoczno;01.01.2011;
Paradyż;01.01.2011;
Pilica;01.01.2011;
Piotrków Trybunalski;01.01.2011;
Poświętne;01.01.2011;
Promna;01.01.2011;
Przedbórz;01.01.2011;
Przysucha;01.01.2011;
Radoszyce;01.01.2011;
Radzanów;01.01.2011;
Ręczno;01.01.2011;
Rokiciny;01.01.2011;
Rozprza;01.01.2011;
Ruda Maleniecka;01.01.2011;
Rusinów;01.01.2011;
Rzeczyca;01.01.2011;
Sadkowice;01.01.2011;
Secemin;01.01.2011;
Sławno;01.01.2011;
Słupia;01.01.2011;
Słupia Konecka;01.01.2011;
Smyków;01.01.2011;
Stąporków;01.01.2011;
Stromiec;01.01.2011;
Sulejów;01.01.2011;
Szczekociny;01.01.2011;
Tomaszów Mazowiecki miasto;01.01.2011;
Tomaszów Mazowiecki wiejski;01.01.2011;
Tuszyn;01.01.2011;
Ujazd;01.01.2011;
Warka;01.01.2011;
Wielgomłyny;01.01.2011;
Włodowice;01.01.2011;
Włoszczowa;01.01.2011;
Wola Krzysztoporska;01.01.2011;
Wolbórz;01.01.2011;
Wolbrom;01.01.2011;
Wyśmierzyce;01.01.2011;
Zagnańsk;01.01.2011;
Zawiercie;01.01.2011;
Żarnowiec;01.01.2011;
Żarnów;01.01.2011;
Żytno;01.01.2011;
Aleksandrów;01.01.2012;
Andrespol;01.01.2012;
Belsk Duży;01.01.2012;
Będków;01.01.2012;
Białaczów;01.01.2012;
Białobrzegi;01.01.2012;
Bliżyn;01.01.2012;
Błędów;01.01.2012;
Brójce;01.01.2012;
Budziszewice;01.01.2012;
Charsznica;01.01.2012;
Czarnocin;01.01.2012;
Czerniewice;01.01.2012;
Drzewica;01.01.2012;
Fałków;01.01.2012;
Gielniów;01.01.2012;
Głowaczów;01.01.2012;
Gorzkowice;01.01.2012;
Goszczyn;01.01.2012;
Gowarczów;01.01.2012;
Grabica;01.01.2012;
Grabów nad Pilicą;01.01.2012;
Inowłódz;01.01.2012;
Irządze;01.01.2012;
Kluczewsko;01.01.2012;
Klwów;01.01.2012;
Kobiele Wielkie;01.01.2012;
Kodrąb;01.01.2012;
Koluszki;01.01.2012;
Koniecpol;01.01.2012;
Końskie;01.01.2012;
Kozłów;01.01.2012;
Krasocin;01.01.2012;
Kroczyce;01.01.2012;
Lelów;01.01.2012;
Lubochnia;01.01.2012;
Łęki Szlacheckie;01.01.2012;
Łopuszno;01.01.2012;
Magnuszew;01.01.2012;
Masłowice;01.01.2012;
Mniów;01.01.2012;
Mniszków;01.01.2012;
Mogielnica;01.01.2012;
Moskorzew;01.01.2012;
Moszczenica;01.01.2012;
Niegowa;01.01.2012;
Nowe Miasto nad Pilicą;01.01.2012;
Nowosolna;01.01.2012;
Odrzywół;01.01.2012;
Ogrodzieniec;01.01.2012;
Opoczno;01.01.2012;
Paradyż;01.01.2012;
Pilica;01.01.2012;
Piotrków Trybunalski;01.01.2012;
Poświętne;01.01.2012;
Promna;01.01.2012;
Przedbórz;01.01.2012;
Przysucha;01.01.2012;
Radoszyce;01.01.2012;
Radzanów;01.01.2012;
Ręczno;01.01.2012;
Rokiciny;01.01.2012;
Rozprza;01.01.2012;
Ruda Maleniecka;01.01.2012;
Rusinów;01.01.2012;
Rzeczyca;01.01.2012;
Sadkowice;01.01.2012;
Secemin;01.01.2012;
Sławno;01.01.2012;
Słupia;01.01.2012;
Słupia Konecka;01.01.2012;
Smyków;01.01.2012;
Stąporków;01.01.2012;
Stromiec;01.01.2012;
Sulejów;01.01.2012;
Szczekociny;01.01.2012;
Tomaszów Mazowiecki miasto;01.01.2012;
Tomaszów Mazowiecki wiejski;01.01.2012;
Tuszyn;01.01.2012;
Ujazd;01.01.2012;
Warka;01.01.2012;
Wielgomłyny;01.01.2012;
Włodowice;01.01.2012;
Włoszczowa;01.01.2012;
Wola Krzysztoporska;01.01.2012;
Wolbórz;01.01.2012;
Wolbrom;01.01.2012;
Wyśmierzyce;01.01.2012;
Zagnańsk;01.01.2012;
Zawiercie;01.01.2012;
Żarnowiec;01.01.2012;
Żarnów;01.01.2012;
Żytno;01.01.2012;
Aleksandrów;01.01.2013;
Andrespol;01.01.2013;
Belsk Duży;01.01.2013;
Będków;01.01.2013;
Białaczów;01.01.2013;
Białobrzegi;01.01.2013;
Bliżyn;01.01.2013;
Błędów;01.01.2013;
Brójce;01.01.2013;
Budziszewice;01.01.2013;
Charsznica;01.01.2013;
Czarnocin;01.01.2013;
Czerniewice;01.01.2013;
Drzewica;01.01.2013;
Fałków;01.01.2013;
Gielniów;01.01.2013;
Głowaczów;01.01.2013;
Gorzkowice;01.01.2013;
Goszczyn;01.01.2013;
Gowarczów;01.01.2013;
Grabica;01.01.2013;
Grabów nad Pilicą;01.01.2013;
Inowłódz;01.01.2013;
Irządze;01.01.2013;
Kluczewsko;01.01.2013;
Klwów;01.01.2013;
Kobiele Wielkie;01.01.2013;
Kodrąb;01.01.2013;
Koluszki;01.01.2013;
Koniecpol;01.01.2013;
Końskie;01.01.2013;
Kozłów;01.01.2013;
Krasocin;01.01.2013;
Kroczyce;01.01.2013;
Lelów;01.01.2013;
Lubochnia;01.01.2013;
Łęki Szlacheckie;01.01.2013;
Łopuszno;01.01.2013;
Magnuszew;01.01.2013;
Masłowice;01.01.2013;
Mniów;01.01.2013;
Mniszków;01.01.2013;
Mogielnica;01.01.2013;
Moskorzew;01.01.2013;
Moszczenica;01.01.2013;
Niegowa;01.01.2013;
Nowe Miasto nad Pilicą;01.01.2013;
Nowosolna;01.01.2013;
Odrzywół;01.01.2013;
Ogrodzieniec;01.01.2013;
Opoczno;01.01.2013;
Paradyż;01.01.2013;
Pilica;01.01.2013;
Piotrków Trybunalski;01.01.2013;
Poświętne;01.01.2013;
Promna;01.01.2013;
Przedbórz;01.01.2013;
Przysucha;01.01.2013;
Radoszyce;01.01.2013;
Radzanów;01.01.2013;
Ręczno;01.01.2013;
Rokiciny;01.01.2013;
Rozprza;01.01.2013;
Ruda Maleniecka;01.01.2013;
Rusinów;01.01.2013;
Rzeczyca;01.01.2013;
Sadkowice;01.01.2013;
Secemin;01.01.2013;
Sławno;01.01.2013;
Słupia;01.01.2013;
Słupia Konecka;01.01.2013;
Smyków;01.01.2013;
Stąporków;01.01.2013;
Stromiec;01.01.2013;
Sulejów;01.01.2013;
Szczekociny;01.01.2013;
Tomaszów Mazowiecki miasto;01.01.2013;
Tomaszów Mazowiecki wiejski;01.01.2013;
Tuszyn;01.01.2013;
Ujazd;01.01.2013;
Warka;01.01.2013;
Wielgomłyny;01.01.2013;
Włodowice;01.01.2013;
Włoszczowa;01.01.2013;
Wola Krzysztoporska;01.01.2013;
Wolbórz;01.01.2013;
Wolbrom;01.01.2013;
Wyśmierzyce;01.01.2013;
Zagnańsk;01.01.2013;
Zawiercie;01.01.2013;
Żarnowiec;01.01.2013;
Żarnów;01.01.2013;
Żytno;01.01.2013;
Aleksandrów;01.01.2014;
Andrespol;01.01.2014;
Belsk Duży;01.01.2014;
Będków;01.01.2014;
Białaczów;01.01.2014;
Białobrzegi;01.01.2014;
Bliżyn;01.01.2014;
Błędów;01.01.2014;
Brójce;01.01.2014;
Budziszewice;01.01.2014;
Charsznica;01.01.2014;
Czarnocin;01.01.2014;
Czerniewice;01.01.2014;
Drzewica;01.01.2014;
Fałków;01.01.2014;
Gielniów;01.01.2014;
Głowaczów;01.01.2014;
Gorzkowice;01.01.2014;
Goszczyn;01.01.2014;
Gowarczów;01.01.2014;
Grabica;01.01.2014;
Grabów nad Pilicą;01.01.2014;
Inowłódz;01.01.2014;
Irządze;01.01.2014;
Kluczewsko;01.01.2014;
Klwów;01.01.2014;
Kobiele Wielkie;01.01.2014;
Kodrąb;01.01.2014;
Koluszki;01.01.2014;
Koniecpol;01.01.2014;
Końskie;01.01.2014;
Kozłów;01.01.2014;
Krasocin;01.01.2014;
Kroczyce;01.01.2014;
Lelów;01.01.2014;
Lubochnia;01.01.2014;
Łęki Szlacheckie;01.01.2014;
Łopuszno;01.01.2014;
Magnuszew;01.01.2014;
Masłowice;01.01.2014;
Mniów;01.01.2014;
Mniszków;01.01.2014;
Mogielnica;01.01.2014;
Moskorzew;01.01.2014;
Moszczenica;01.01.2014;
Niegowa;01.01.2014;
Nowe Miasto nad Pilicą;01.01.2014;
Nowosolna;01.01.2014;
Odrzywół;01.01.2014;
Ogrodzieniec;01.01.2014;
Opoczno;01.01.2014;
Paradyż;01.01.2014;
Pilica;01.01.2014;
Piotrków Trybunalski;01.01.2014;
Poświętne;01.01.2014;
Promna;01.01.2014;
Przedbórz;01.01.2014;
Przysucha;01.01.2014;
Radoszyce;01.01.2014;
Radzanów;01.01.2014;
Ręczno;01.01.2014;
Rokiciny;01.01.2014;
Rozprza;01.01.2014;
Ruda Maleniecka;01.01.2014;
Rusinów;01.01.2014;
Rzeczyca;01.01.2014;
Sadkowice;01.01.2014;
Secemin;01.01.2014;
Sławno;01.01.2014;
Słupia;01.01.2014;
Słupia Konecka;01.01.2014;
Smyków;01.01.2014;
Stąporków;01.01.2014;
Stromiec;01.01.2014;
Sulejów;01.01.2014;
Szczekociny;01.01.2014;
Tomaszów Mazowiecki miasto;01.01.2014;
Tomaszów Mazowiecki wiejski;01.01.2014;
Tuszyn;01.01.2014;
Ujazd;01.01.2014;
Warka;01.01.2014;
Wielgomłyny;01.01.2014;
Włodowice;01.01.2014;
Włoszczowa;01.01.2014;
Wola Krzysztoporska;01.01.2014;
Wolbórz;01.01.2014;
Wolbrom;01.01.2014;
Wyśmierzyce;01.01.2014;
Zagnańsk;01.01.2014;
Zawiercie;01.01.2014;
Żarnowiec;01.01.2014;
Żarnów;01.01.2014;
Żytno;01.01.2014;
Aleksandrów;01.01.2015;
Andrespol;01.01.2015;
Belsk Duży;01.01.2015;
Będków;01.01.2015;
Białaczów;01.01.2015;
Białobrzegi;01.01.2015;
Bliżyn;01.01.2015;
Błędów;01.01.2015;
Brójce;01.01.2015;
Budziszewice;01.01.2015;
Charsznica;01.01.2015;
Czarnocin;01.01.2015;
Czerniewice;01.01.2015;
Drzewica;01.01.2015;
Fałków;01.01.2015;
Gielniów;01.01.2015;
Głowaczów;01.01.2015;
Gorzkowice;01.01.2015;
Goszczyn;01.01.2015;
Gowarczów;01.01.2015;
Grabica;01.01.2015;
Grabów nad Pilicą;01.01.2015;
Inowłódz;01.01.2015;
Irządze;01.01.2015;
Kluczewsko;01.01.2015;
Klwów;01.01.2015;
Kobiele Wielkie;01.01.2015;
Kodrąb;01.01.2015;
Koluszki;01.01.2015;
Koniecpol;01.01.2015;
Końskie;01.01.2015;
Kozłów;01.01.2015;
Krasocin;01.01.2015;
Kroczyce;01.01.2015;
Lelów;01.01.2015;
Lubochnia;01.01.2015;
Łęki Szlacheckie;01.01.2015;
Łopuszno;01.01.2015;
Magnuszew;01.01.2015;
Masłowice;01.01.2015;
Mniów;01.01.2015;
Mniszków;01.01.2015;
Mogielnica;01.01.2015;
Moskorzew;01.01.2015;
Moszczenica;01.01.2015;
Niegowa;01.01.2015;
Nowe Miasto nad Pilicą;01.01.2015;
Nowosolna;01.01.2015;
Odrzywół;01.01.2015;
Ogrodzieniec;01.01.2015;
Opoczno;01.01.2015;
Paradyż;01.01.2015;
Pilica;01.01.2015;
Piotrków Trybunalski;01.01.2015;
Poświętne;01.01.2015;
Promna;01.01.2015;
Przedbórz;01.01.2015;
Przysucha;01.01.2015;
Radoszyce;01.01.2015;
Radzanów;01.01.2015;
Ręczno;01.01.2015;
Rokiciny;01.01.2015;
Rozprza;01.01.2015;
Ruda Maleniecka;01.01.2015;
Rusinów;01.01.2015;
Rzeczyca;01.01.2015;
Sadkowice;01.01.2015;
Secemin;01.01.2015;
Sławno;01.01.2015;
Słupia;01.01.2015;
Słupia Konecka;01.01.2015;
Smyków;01.01.2015;
Stąporków;01.01.2015;
Stromiec;01.01.2015;
Sulejów;01.01.2015;
Szczekociny;01.01.2015;
Tomaszów Mazowiecki miasto;01.01.2015;
Tomaszów Mazowiecki wiejski;01.01.2015;
Tuszyn;01.01.2015;
Ujazd;01.01.2015;
Warka;01.01.2015;
Wielgomłyny;01.01.2015;
Włodowice;01.01.2015;
Włoszczowa;01.01.2015;
Wola Krzysztoporska;01.01.2015;
Wolbórz;01.01.2015;
Wolbrom;01.01.2015;
Wyśmierzyce;01.01.2015;
Zagnańsk;01.01.2015;
Zawiercie;01.01.2015;
Żarnowiec;01.01.2015;
Żarnów;01.01.2015;
Żytno;01.01.2015;
Aleksandrów;01.01.2016;
Andrespol;01.01.2016;
Belsk Duży;01.01.2016;
Będków;01.01.2016;
Białaczów;01.01.2016;
Białobrzegi;01.01.2016;
Bliżyn;01.01.2016;
Błędów;01.01.2016;
Brójce;01.01.2016;
Budziszewice;01.01.2016;
Charsznica;01.01.2016;
Czarnocin;01.01.2016;
Czerniewice;01.01.2016;
Drzewica;01.01.2016;
Fałków;01.01.2016;
Gielniów;01.01.2016;
Głowaczów;01.01.2016;
Gorzkowice;01.01.2016;
Goszczyn;01.01.2016;
Gowarczów;01.01.2016;
Grabica;01.01.2016;
Grabów nad Pilicą;01.01.2016;
Inowłódz;01.01.2016;
Irządze;01.01.2016;
Kluczewsko;01.01.2016;
Klwów;01.01.2016;
Kobiele Wielkie;01.01.2016;
Kodrąb;01.01.2016;
Koluszki;01.01.2016;
Koniecpol;01.01.2016;
Końskie;01.01.2016;
Kozłów;01.01.2016;
Krasocin;01.01.2016;
Kroczyce;01.01.2016;
Lelów;01.01.2016;
Lubochnia;01.01.2016;
Łęki Szlacheckie;01.01.2016;
Łopuszno;01.01.2016;
Magnuszew;01.01.2016;
Masłowice;01.01.2016;
Mniów;01.01.2016;
Mniszków;01.01.2016;
Mogielnica;01.01.2016;
Moskorzew;01.01.2016;
Moszczenica;01.01.2016;
Niegowa;01.01.2016;
Nowe Miasto nad Pilicą;01.01.2016;
Nowosolna;01.01.2016;
Odrzywół;01.01.2016;
Ogrodzieniec;01.01.2016;
Opoczno;01.01.2016;
Paradyż;01.01.2016;
Pilica;01.01.2016;
Piotrków Trybunalski;01.01.2016;
Poświętne;01.01.2016;
Promna;01.01.2016;
Przedbórz;01.01.2016;
Przysucha;01.01.2016;
Radoszyce;01.01.2016;
Radzanów;01.01.2016;
Ręczno;01.01.2016;
Rokiciny;01.01.2016;
Rozprza;01.01.2016;
Ruda Maleniecka;01.01.2016;
Rusinów;01.01.2016;
Rzeczyca;01.01.2016;
Sadkowice;01.01.2016;
Secemin;01.01.2016;
Sławno;01.01.2016;
Słupia;01.01.2016;
Słupia Konecka;01.01.2016;
Smyków;01.01.2016;
Stąporków;01.01.2016;
Stromiec;01.01.2016;
Sulejów;01.01.2016;
Szczekociny;01.01.2016;
Tomaszów Mazowiecki miasto;01.01.2016;
Tomaszów Mazowiecki wiejski;01.01.2016;
Tuszyn;01.01.2016;
Ujazd;01.01.2016;
Warka;01.01.2016;
Wielgomłyny;01.01.2016;
Włodowice;01.01.2016;
Włoszczowa;01.01.2016;
Wola Krzysztoporska;01.01.2016;
Wolbórz;01.01.2016;
Wolbrom;01.01.2016;
Wyśmierzyce;01.01.2016;
Zagnańsk;01.01.2016;
Zawiercie;01.01.2016;
Żarnowiec;01.01.2016;
Żarnów;01.01.2016;
Żytno;01.01.2016;
Aleksandrów;01.01.2017;
Andrespol;01.01.2017;
Belsk Duży;01.01.2017;
Będków;01.01.2017;
Białaczów;01.01.2017;
Białobrzegi;01.01.2017;
Bliżyn;01.01.2017;
Błędów;01.01.2017;
Brójce;01.01.2017;
Budziszewice;01.01.2017;
Charsznica;01.01.2017;
Czarnocin;01.01.2017;
Czerniewice;01.01.2017;
Drzewica;01.01.2017;
Fałków;01.01.2017;
Gielniów;01.01.2017;
Głowaczów;01.01.2017;
Gorzkowice;01.01.2017;
Goszczyn;01.01.2017;
Gowarczów;01.01.2017;
Grabica;01.01.2017;
Grabów nad Pilicą;01.01.2017;
Inowłódz;01.01.2017;
Irządze;01.01.2017;
Kluczewsko;01.01.2017;
Klwów;01.01.2017;
Kobiele Wielkie;01.01.2017;
Kodrąb;01.01.2017;
Koluszki;01.01.2017;
Koniecpol;01.01.2017;
Końskie;01.01.2017;
Kozłów;01.01.2017;
Krasocin;01.01.2017;
Kroczyce;01.01.2017;
Lelów;01.01.2017;
Lubochnia;01.01.2017;
Łęki Szlacheckie;01.01.2017;
Łopuszno;01.01.2017;
Magnuszew;01.01.2017;
Masłowice;01.01.2017;
Mniów;01.01.2017;
Mniszków;01.01.2017;
Mogielnica;01.01.2017;
Moskorzew;01.01.2017;
Moszczenica;01.01.2017;
Niegowa;01.01.2017;
Nowe Miasto nad Pilicą;01.01.2017;
Nowosolna;01.01.2017;
Odrzywół;01.01.2017;
Ogrodzieniec;01.01.2017;
Opoczno;01.01.2017;
Paradyż;01.01.2017;
Pilica;01.01.2017;
Piotrków Trybunalski;01.01.2017;
Poświętne;01.01.2017;
Promna;01.01.2017;
Przedbórz;01.01.2017;
Przysucha;01.01.2017;
Radoszyce;01.01.2017;
Radzanów;01.01.2017;
Ręczno;01.01.2017;
Rokiciny;01.01.2017;
Rozprza;01.01.2017;
Ruda Maleniecka;01.01.2017;
Rusinów;01.01.2017;
Rzeczyca;01.01.2017;
Sadkowice;01.01.2017;
Secemin;01.01.2017;
Sławno;01.01.2017;
Słupia;01.01.2017;
Słupia Konecka;01.01.2017;
Smyków;01.01.2017;
Stąporków;01.01.2017;
Stromiec;01.01.2017;
Sulejów;01.01.2017;
Szczekociny;01.01.2017;
Tomaszów Mazowiecki miasto;01.01.2017;
Tomaszów Mazowiecki wiejski;01.01.2017;
Tuszyn;01.01.2017;
Ujazd;01.01.2017;
Warka;01.01.2017;
Wielgomłyny;01.01.2017;
Włodowice;01.01.2017;
Włoszczowa;01.01.2017;
Wola Krzysztoporska;01.01.2017;
Wolbórz;01.01.2017;
Wolbrom;01.01.2017;
Wyśmierzyce;01.01.2017;
Zagnańsk;01.01.2017;
Zawiercie;01.01.2017;
Żarnowiec;01.01.2017;
Żarnów;01.01.2017;
Żytno;01.01.2017;
Aleksandrów;01.01.2018;
Andrespol;01.01.2018;
Belsk Duży;01.01.2018;
Będków;01.01.2018;
Białaczów;01.01.2018;
Białobrzegi;01.01.2018;
Bliżyn;01.01.2018;
Błędów;01.01.2018;
Brójce;01.01.2018;
Budziszewice;01.01.2018;
Charsznica;01.01.2018;
Czarnocin;01.01.2018;
Czerniewice;01.01.2018;
Drzewica;01.01.2018;
Fałków;01.01.2018;
Gielniów;01.01.2018;
Głowaczów;01.01.2018;
Gorzkowice;01.01.2018;
Goszczyn;01.01.2018;
Gowarczów;01.01.2018;
Grabica;01.01.2018;
Grabów nad Pilicą;01.01.2018;
Inowłódz;01.01.2018;
Irządze;01.01.2018;
Kluczewsko;01.01.2018;
Klwów;01.01.2018;
Kobiele Wielkie;01.01.2018;
Kodrąb;01.01.2018;
Koluszki;01.01.2018;
Koniecpol;01.01.2018;
Końskie;01.01.2018;
Kozłów;01.01.2018;
Krasocin;01.01.2018;
Kroczyce;01.01.2018;
Lelów;01.01.2018;
Lubochnia;01.01.2018;
Łęki Szlacheckie;01.01.2018;
Łopuszno;01.01.2018;
Magnuszew;01.01.2018;
Masłowice;01.01.2018;
Mniów;01.01.2018;
Mniszków;01.01.2018;
Mogielnica;01.01.2018;
Moskorzew;01.01.2018;
Moszczenica;01.01.2018;
Niegowa;01.01.2018;
Nowe Miasto nad Pilicą;01.01.2018;
Nowosolna;01.01.2018;
Odrzywół;01.01.2018;
Ogrodzieniec;01.01.2018;
Opoczno;01.01.2018;
Paradyż;01.01.2018;
Pilica;01.01.2018;
Piotrków Trybunalski;01.01.2018;
Poświętne;01.01.2018;
Promna;01.01.2018;
Przedbórz;01.01.2018;
Przysucha;01.01.2018;
Radoszyce;01.01.2018;
Radzanów;01.01.2018;
Ręczno;01.01.2018;
Rokiciny;01.01.2018;
Rozprza;01.01.2018;
Ruda Maleniecka;01.01.2018;
Rusinów;01.01.2018;
Rzeczyca;01.01.2018;
Sadkowice;01.01.2018;
Secemin;01.01.2018;
Sławno;01.01.2018;
Słupia;01.01.2018;
Słupia Konecka;01.01.2018;
Smyków;01.01.2018;
Stąporków;01.01.2018;
Stromiec;01.01.2018;
Sulejów;01.01.2018;
Szczekociny;01.01.2018;
Tomaszów Mazowiecki miasto;01.01.2018;
Tomaszów Mazowiecki wiejski;01.01.2018;
Tuszyn;01.01.2018;
Ujazd;01.01.2018;
Warka;01.01.2018;
Wielgomłyny;01.01.2018;
Włodowice;01.01.2018;
Włoszczowa;01.01.2018;
Wola Krzysztoporska;01.01.2018;
Wolbórz;01.01.2018;
Wolbrom;01.01.2018;
Wyśmierzyce;01.01.2018;
Zagnańsk;01.01.2018;
Zawiercie;01.01.2018;
Żarnowiec;01.01.2018;
Żarnów;01.01.2018;
Żytno;01.01.2018;
Aleksandrów;01.01.2019;
Andrespol;01.01.2019;
Belsk Duży;01.01.2019;
Będków;01.01.2019;
Białaczów;01.01.2019;
Białobrzegi;01.01.2019;
Bliżyn;01.01.2019;
Błędów;01.01.2019;
Brójce;01.01.2019;
Budziszewice;01.01.2019;
Charsznica;01.01.2019;
Czarnocin;01.01.2019;
Czerniewice;01.01.2019;
Drzewica;01.01.2019;
Fałków;01.01.2019;
Gielniów;01.01.2019;
Głowaczów;01.01.2019;
Gorzkowice;01.01.2019;
Goszczyn;01.01.2019;
Gowarczów;01.01.2019;
Grabica;01.01.2019;
Grabów nad Pilicą;01.01.2019;
Inowłódz;01.01.2019;
Irządze;01.01.2019;
Kluczewsko;01.01.2019;
Klwów;01.01.2019;
Kobiele Wielkie;01.01.2019;
Kodrąb;01.01.2019;
Koluszki;01.01.2019;
Koniecpol;01.01.2019;
Końskie;01.01.2019;
Kozłów;01.01.2019;
Krasocin;01.01.2019;
Kroczyce;01.01.2019;
Lelów;01.01.2019;
Lubochnia;01.01.2019;
Łęki Szlacheckie;01.01.2019;
Łopuszno;01.01.2019;
Magnuszew;01.01.2019;
Masłowice;01.01.2019;
Mniów;01.01.2019;
Mniszków;01.01.2019;
Mogielnica;01.01.2019;
Moskorzew;01.01.2019;
Moszczenica;01.01.2019;
Niegowa;01.01.2019;
Nowe Miasto nad Pilicą;01.01.2019;
Nowosolna;01.01.2019;
Odrzywół;01.01.2019;
Ogrodzieniec;01.01.2019;
Opoczno;01.01.2019;
Paradyż;01.01.2019;
Pilica;01.01.2019;
Piotrków Trybunalski;01.01.2019;
Poświętne;01.01.2019;
Promna;01.01.2019;
Przedbórz;01.01.2019;
Przysucha;01.01.2019;
Radoszyce;01.01.2019;
Radzanów;01.01.2019;
Ręczno;01.01.2019;
Rokiciny;01.01.2019;
Rozprza;01.01.2019;
Ruda Maleniecka;01.01.2019;
Rusinów;01.01.2019;
Rzeczyca;01.01.2019;
Sadkowice;01.01.2019;
Secemin;01.01.2019;
Sławno;01.01.2019;
Słupia;01.01.2019;
Słupia Konecka;01.01.2019;
Smyków;01.01.2019;
Stąporków;01.01.2019;
Stromiec;01.01.2019;
Sulejów;01.01.2019;
Szczekociny;01.01.2019;
Tomaszów Mazowiecki miasto;01.01.2019;
Tomaszów Mazowiecki wiejski;01.01.2019;
Tuszyn;01.01.2019;
Ujazd;01.01.2019;
Warka;01.01.2019;
Wielgomłyny;01.01.2019;
Włodowice;01.01.2019;
Włoszczowa;01.01.2019;
Wola Krzysztoporska;01.01.2019;
Wolbórz;01.01.2019;
Wolbrom;01.01.2019;
Wyśmierzyce;01.01.2019;
Zagnańsk;01.01.2019;
Zawiercie;01.01.2019;
Żarnowiec;01.01.2019;
Żarnów;01.01.2019;
Żytno;01.01.2019;
Aleksandrów;01.01.2020;1310
Andrespol;01.01.2020;130
Belsk Duży;01.01.2020;2510
Będków;01.01.2020;1760
Białaczów;01.01.2020;820
Białobrzegi;01.01.2020;170
Bliżyn;01.01.2020;10
Błędów;01.01.2020;4030
Brójce;01.01.2020;1610
Budziszewice;01.01.2020;840
Charsznica;01.01.2020;4340
Czarnocin;01.01.2020;2050
Czerniewice;01.01.2020;2700
Drzewica;01.01.2020;460
Fałków;01.01.2020;210
Gielniów;01.01.2020;200
Głowaczów;01.01.2020;390
Gorzkowice;01.01.2020;1520
Goszczyn;01.01.2020;1300
Gowarczów;01.01.2020;60
Grabica;01.01.2020;4030
Grabów nad Pilicą;01.01.2020;500
Inowłódz;01.01.2020;190
Irządze;01.01.2020;1750
Kluczewsko;01.01.2020;1200
Klwów;01.01.2020;820
Kobiele Wielkie;01.01.2020;2650
Kodrąb;01.01.2020;3530
Koluszki;01.01.2020;1800
Koniecpol;01.01.2020;920
Końskie;01.01.2020;570
Kozłów;01.01.2020;2390
Krasocin;01.01.2020;1120
Kroczyce;01.01.2020;1320
Lelów;01.01.2020;1490
Lubochnia;01.01.2020;1210
Łęki Szlacheckie;01.01.2020;900
Łopuszno;01.01.2020;1230
Magnuszew;01.01.2020;1270
Masłowice;01.01.2020;2370
Mniów;01.01.2020;90
Mniszków;01.01.2020;2230
Mogielnica;01.01.2020;2430
Moskorzew;01.01.2020;1510
Moszczenica;01.01.2020;2730
Niegowa;01.01.2020;1570
Nowe Miasto nad Pilicą;01.01.2020;2800
Nowosolna;01.01.2020;730
Odrzywół;01.01.2020;300
Ogrodzieniec;01.01.2020;570
Opoczno;01.01.2020;1160
Paradyż;01.01.2020;1790
Pilica;01.01.2020;3500
Piotrków Trybunalski;01.01.2020;620
Poświętne;01.01.2020;780
Promna;01.01.2020;2760
Przedbórz;01.01.2020;710
Przysucha;01.01.2020;470
Radoszyce;01.01.2020;650
Radzanów;01.01.2020;1480
Ręczno;01.01.2020;1100
Rokiciny;01.01.2020;2880
Rozprza;01.01.2020;2470
Ruda Maleniecka;01.01.2020;90
Rusinów;01.01.2020;310
Rzeczyca;01.01.2020;2110
Sadkowice;01.01.2020;4070
Secemin;01.01.2020;1490
Sławno;01.01.2020;1550
Słupia;01.01.2020;3780
Słupia Konecka;01.01.2020;1800
Smyków;01.01.2020;20
Stąporków;01.01.2020;10
Stromiec;01.01.2020;320
Sulejów;01.01.2020;2440
Szczekociny;01.01.2020;3320
Tomaszów Mazowiecki miasto;01.01.2020;170
Tomaszów Mazowiecki wiejski;01.01.2020;1010
Tuszyn;01.01.2020;2670
Ujazd;01.01.2020;1310
Warka;01.01.2020;4250
Wielgomłyny;01.01.2020;2210
Włodowice;01.01.2020;80
Włoszczowa;01.01.2020;2440
Wola Krzysztoporska;01.01.2020;5000
Wolbórz;01.01.2020;2790
Wolbrom;01.01.2020;3780
Wyśmierzyce;01.01.2020;490
Zagnańsk;01.01.2020;10
Zawiercie;01.01.2020;700
Żarnowiec;01.01.2020;3820
Żarnów;01.01.2020;880
Żytno;01.01.2020;1060
Aleksandrów;01.01.2021;
Andrespol;01.01.2021;
Belsk Duży;01.01.2021;
Będków;01.01.2021;
Białaczów;01.01.2021;
Białobrzegi;01.01.2021;
Bliżyn;01.01.2021;
Błędów;01.01.2021;
Brójce;01.01.2021;
Budziszewice;01.01.2021;
Charsznica;01.01.2021;
Czarnocin;01.01.2021;
Czerniewice;01.01.2021;
Drzewica;01.01.2021;
Fałków;01.01.2021;
Gielniów;01.01.2021;
Głowaczów;01.01.2021;
Gorzkowice;01.01.2021;
Goszczyn;01.01.2021;
Gowarczów;01.01.2021;
Grabica;01.01.2021;
Grabów nad Pilicą;01.01.2021;
Inowłódz;01.01.2021;
Irządze;01.01.2021;
Kluczewsko;01.01.2021;
Klwów;01.01.2021;
Kobiele Wielkie;01.01.2021;
Kodrąb;01.01.2021;
Koluszki;01.01.2021;
Koniecpol;01.01.2021;
Końskie;01.01.2021;
Kozłów;01.01.2021;
Krasocin;01.01.2021;
Kroczyce;01.01.2021;
Lelów;01.01.2021;
Lubochnia;01.01.2021;
Łęki Szlacheckie;01.01.2021;
Łopuszno;01.01.2021;
Magnuszew;01.01.2021;
Masłowice;01.01.2021;
Mniów;01.01.2021;
Mniszków;01.01.2021;
Mogielnica;01.01.2021;
Moskorzew;01.01.2021;
Moszczenica;01.01.2021;
Niegowa;01.01.2021;
Nowe Miasto nad Pilicą;01.01.2021;
Nowosolna;01.01.2021;
Odrzywół;01.01.2021;
Ogrodzieniec;01.01.2021;
Opoczno;01.01.2021;
Paradyż;01.01.2021;
Pilica;01.01.2021;
Piotrków Trybunalski;01.01.2021;
Poświętne;01.01.2021;
Promna;01.01.2021;
Przedbórz;01.01.2021;
Przysucha;01.01.2021;
Radoszyce;01.01.2021;
Radzanów;01.01.2021;
Ręczno;01.01.2021;
Rokiciny;01.01.2021;
Rozprza;01.01.2021;
Ruda Maleniecka;01.01.2021;
Rusinów;01.01.2021;
Rzeczyca;01.01.2021;
Sadkowice;01.01.2021;
Secemin;01.01.2021;
Sławno;01.01.2021;
Słupia;01.01.2021;
Słupia Konecka;01.01.2021;
Smyków;01.01.2021;
Stąporków;01.01.2021;
Stromiec;01.01.2021;
Sulejów;01.01.2021;
Szczekociny;01.01.2021;
Tomaszów Mazowiecki miasto;01.01.2021;
Tomaszów Mazowiecki wiejski;01.01.2021;
Tuszyn;01.01.2021;
Ujazd;01.01.2021;
Warka;01.01.2021;
Wielgomłyny;01.01.2021;
Włodowice;01.01.2021;
Włoszczowa;01.01.2021;
Wola Krzysztoporska;01.01.2021;
Wolbórz;01.01.2021;
Wolbrom;01.01.2021;
Wyśmierzyce;01.01.2021;
Zagnańsk;01.01.2021;
Zawiercie;01.01.2021;
Żarnowiec;01.01.2021;
Żarnów;01.01.2021;
Żytno;01.01.2021;
Aleksandrów;01.01.2022;
Andrespol;01.01.2022;
Belsk Duży;01.01.2022;
Będków;01.01.2022;
Białaczów;01.01.2022;
Białobrzegi;01.01.2022;
Bliżyn;01.01.2022;
Błędów;01.01.2022;
Brójce;01.01.2022;
Budziszewice;01.01.2022;
Charsznica;01.01.2022;
Czarnocin;01.01.2022;
Czerniewice;01.01.2022;
Drzewica;01.01.2022;
Fałków;01.01.2022;
Gielniów;01.01.2022;
Głowaczów;01.01.2022;
Gorzkowice;01.01.2022;
Goszczyn;01.01.2022;
Gowarczów;01.01.2022;
Grabica;01.01.2022;
Grabów nad Pilicą;01.01.2022;
Inowłódz;01.01.2022;
Irządze;01.01.2022;
Kluczewsko;01.01.2022;
Klwów;01.01.2022;
Kobiele Wielkie;01.01.2022;
Kodrąb;01.01.2022;
Koluszki;01.01.2022;
Koniecpol;01.01.2022;
Końskie;01.01.2022;
Kozłów;01.01.2022;
Krasocin;01.01.2022;
Kroczyce;01.01.2022;
Lelów;01.01.2022;
Lubochnia;01.01.2022;
Łęki Szlacheckie;01.01.2022;
Łopuszno;01.01.2022;
Magnuszew;01.01.2022;
Masłowice;01.01.2022;
Mniów;01.01.2022;
Mniszków;01.01.2022;
Mogielnica;01.01.2022;
Moskorzew;01.01.2022;
Moszczenica;01.01.2022;
Niegowa;01.01.2022;
Nowe Miasto nad Pilicą;01.01.2022;
Nowosolna;01.01.2022;
Odrzywół;01.01.2022;
Ogrodzieniec;01.01.2022;
Opoczno;01.01.2022;
Paradyż;01.01.2022;
Pilica;01.01.2022;
Piotrków Trybunalski;01.01.2022;
Poświętne;01.01.2022;
Promna;01.01.2022;
Przedbórz;01.01.2022;
Przysucha;01.01.2022;
Radoszyce;01.01.2022;
Radzanów;01.01.2022;
Ręczno;01.01.2022;
Rokiciny;01.01.2022;
Rozprza;01.01.2022;
Ruda Maleniecka;01.01.2022;
Rusinów;01.01.2022;
Rzeczyca;01.01.2022;
Sadkowice;01.01.2022;
Secemin;01.01.2022;
Sławno;01.01.2022;
Słupia;01.01.2022;
Słupia Konecka;01.01.2022;
Smyków;01.01.2022;
Stąporków;01.01.2022;
Stromiec;01.01.2022;
Sulejów;01.01.2022;
Szczekociny;01.01.2022;
Tomaszów Mazowiecki miasto;01.01.2022;
Tomaszów Mazowiecki wiejski;01.01.2022;
Tuszyn;01.01.2022;
Ujazd;01.01.2022;
Warka;01.01.2022;
Wielgomłyny;01.01.2022;
Włodowice;01.01.2022;
Włoszczowa;01.01.2022;
Wola Krzysztoporska;01.01.2022;
Wolbórz;01.01.2022;
Wolbrom;01.01.2022;
Wyśmierzyce;01.01.2022;
Zagnańsk;01.01.2022;
Zawiercie;01.01.2022;
Żarnowiec;01.01.2022;
Żarnów;01.01.2022;
Żytno;01.01.2022;
